2026-05-12 16:02:03 [Thread-8] INFO  model.workers.Worker - Worker-2 started
2026-05-12 16:02:03 [Thread-6] INFO  model.workers.Worker - Worker-0 started
2026-05-12 16:02:03 [Thread-9] INFO  model.workers.Worker - Worker-3 started
2026-05-12 16:02:03 [Thread-7] INFO  model.workers.Worker - Worker-1 started
2026-05-12 16:02:09 [Thread-8] INFO  model.workers.Worker - Worker-2 created Car ID: 1 (Accessories: 2)
2026-05-12 16:02:13 [Thread-6] INFO  model.workers.Worker - Worker-0 created Car ID: 2 (Accessories: 2)
2026-05-12 16:02:17 [Thread-9] INFO  model.workers.Worker - Worker-3 created Car ID: 3 (Accessories: 2)
2026-05-12 16:02:21 [Thread-7] INFO  model.workers.Worker - Worker-1 created Car ID: 4 (Accessories: 2)
2026-05-12 16:02:25 [Thread-8] INFO  model.workers.Worker - Worker-2 created Car ID: 5 (Accessories: 2)
2026-05-12 16:02:29 [Thread-6] INFO  model.workers.Worker - Worker-0 created Car ID: 6 (Accessories: 2)
2026-05-12 16:02:33 [Thread-9] INFO  model.workers.Worker - Worker-3 created Car ID: 7 (Accessories: 2)
2026-05-12 16:02:37 [Thread-7] INFO  model.workers.Worker - Worker-1 created Car ID: 8 (Accessories: 2)
2026-05-12 16:06:17 [Thread-9] INFO  model.workers.Worker - Worker-3 started
2026-05-12 16:06:17 [Thread-8] INFO  model.workers.Worker - Worker-2 started
2026-05-12 16:06:17 [Thread-6] INFO  model.workers.Worker - Worker-0 started
2026-05-12 16:06:17 [Thread-4] INFO  model.workers.AccessorySupplier - AccessorySupplier-Type_0 started
2026-05-12 16:06:17 [Thread-7] INFO  model.workers.Worker - Worker-1 started
2026-05-12 16:06:17 [Thread-5] INFO  model.workers.AccessorySupplier - AccessorySupplier-Type_1 started
2026-05-12 16:06:21 [Thread-5] INFO  model.workers.AccessorySupplier - AccessorySupplier-Type_1 supplied a detail
2026-05-12 16:06:21 [Thread-4] INFO  model.workers.AccessorySupplier - AccessorySupplier-Type_0 supplied a detail
2026-05-12 16:06:24 [Thread-8] INFO  model.workers.Worker - Worker-2 created Car ID: 1 (Accessories: 2)
2026-05-12 16:06:25 [Thread-5] INFO  model.workers.AccessorySupplier - AccessorySupplier-Type_1 supplied a detail
2026-05-12 16:06:25 [Thread-4] INFO  model.workers.AccessorySupplier - AccessorySupplier-Type_0 supplied a detail
2026-05-12 16:06:28 [Thread-9] INFO  model.workers.Worker - Worker-3 created Car ID: 2 (Accessories: 2)
2026-05-12 16:06:29 [Thread-4] INFO  model.workers.AccessorySupplier - AccessorySupplier-Type_0 supplied a detail
2026-05-12 16:06:29 [Thread-5] INFO  model.workers.AccessorySupplier - AccessorySupplier-Type_1 supplied a detail
2026-05-12 16:06:32 [Thread-6] INFO  model.workers.Worker - Worker-0 created Car ID: 3 (Accessories: 2)
2026-05-12 16:06:33 [Thread-4] INFO  model.workers.AccessorySupplier - AccessorySupplier-Type_0 supplied a detail
2026-05-12 16:06:33 [Thread-5] INFO  model.workers.AccessorySupplier - AccessorySupplier-Type_1 supplied a detail
2026-05-12 16:06:36 [Thread-7] INFO  model.workers.Worker - Worker-1 created Car ID: 4 (Accessories: 2)
2026-05-12 16:06:37 [Thread-5] INFO  model.workers.AccessorySupplier - AccessorySupplier-Type_1 supplied a detail
2026-05-12 16:06:37 [Thread-4] INFO  model.workers.AccessorySupplier - AccessorySupplier-Type_0 supplied a detail
2026-05-12 16:06:40 [Thread-8] INFO  model.workers.Worker - Worker-2 created Car ID: 5 (Accessories: 2)
2026-05-12 16:06:41 [Thread-4] INFO  model.workers.AccessorySupplier - AccessorySupplier-Type_0 supplied a detail
2026-05-12 16:06:41 [Thread-5] INFO  model.workers.AccessorySupplier - AccessorySupplier-Type_1 supplied a detail
2026-05-12 16:06:44 [Thread-9] INFO  model.workers.Worker - Worker-3 created Car ID: 6 (Accessories: 2)
2026-05-12 16:06:45 [Thread-5] INFO  model.workers.AccessorySupplier - AccessorySupplier-Type_1 supplied a detail
2026-05-12 16:06:45 [Thread-4] INFO  model.workers.AccessorySupplier - AccessorySupplier-Type_0 supplied a detail
2026-05-12 16:13:07 [Thread-0] INFO  model.workers.BodySupplier - BodySupplier started
2026-05-12 16:13:07 [Thread-2] INFO  model.workers.EngineSupplier - BodySupplier started
2026-05-12 16:13:07 [Thread-3] INFO  model.workers.EngineSupplier - BodySupplier started
2026-05-12 16:13:07 [Thread-8] INFO  model.workers.Worker - Worker-2 started
2026-05-12 16:13:07 [Thread-7] INFO  model.workers.Worker - Worker-1 started
2026-05-12 16:13:07 [Thread-9] INFO  model.workers.Worker - Worker-3 started
2026-05-12 16:13:07 [Thread-1] INFO  model.workers.BodySupplier - BodySupplier started
2026-05-12 16:13:07 [Thread-4] INFO  model.workers.AccessorySupplier - AccessorySupplier-Type_0 started
2026-05-12 16:13:07 [Thread-10] INFO  model.workers.Dealer - Dealer-0 started
2026-05-12 16:13:07 [Thread-6] INFO  model.workers.Worker - Worker-0 started
2026-05-12 16:13:07 [Thread-5] INFO  model.workers.AccessorySupplier - AccessorySupplier-Type_1 started
2026-05-12 16:13:11 [Thread-0] INFO  model.workers.BodySupplier - BodySupplier supplied a body
2026-05-12 16:13:11 [Thread-1] INFO  model.workers.BodySupplier - BodySupplier supplied a body
2026-05-12 16:13:11 [Thread-3] INFO  model.workers.EngineSupplier - BodySupplier supplied a body
2026-05-12 16:13:11 [Thread-5] INFO  model.workers.AccessorySupplier - AccessorySupplier-Type_1 supplied a detail
2026-05-12 16:13:11 [Thread-2] INFO  model.workers.EngineSupplier - BodySupplier supplied a body
2026-05-12 16:13:11 [Thread-4] INFO  model.workers.AccessorySupplier - AccessorySupplier-Type_0 supplied a detail
2026-05-12 16:13:12 [Thread-10] INFO  model.workers.Dealer - Dealer-0 sold a car
2026-05-12 16:13:14 [Thread-8] INFO  model.workers.Worker - Worker-2 created Car ID: 1 (Accessories: 2)
2026-05-12 16:13:15 [Thread-0] INFO  model.workers.BodySupplier - BodySupplier supplied a body
2026-05-12 16:13:15 [Thread-5] INFO  model.workers.AccessorySupplier - AccessorySupplier-Type_1 supplied a detail
2026-05-12 16:13:15 [Thread-3] INFO  model.workers.EngineSupplier - BodySupplier supplied a body
2026-05-12 16:13:15 [Thread-1] INFO  model.workers.BodySupplier - BodySupplier supplied a body
2026-05-12 16:13:15 [Thread-4] INFO  model.workers.AccessorySupplier - AccessorySupplier-Type_0 supplied a detail
2026-05-12 16:13:15 [Thread-2] INFO  model.workers.EngineSupplier - BodySupplier supplied a body
2026-05-12 16:13:18 [Thread-7] INFO  model.workers.Worker - Worker-1 created Car ID: 2 (Accessories: 2)
2026-05-12 19:24:15 [AWT-EventQueue-0] INFO  model.workers.Worker - Loading configuration...
2026-05-12 19:24:15 [Thread-9] INFO  model.workers.Worker - Worker-3 started
2026-05-12 19:24:15 [AWT-EventQueue-0] INFO  model.workers.Worker - --- Factory System Initialized and Started ---
2026-05-12 19:24:15 [Thread-8] INFO  model.workers.Worker - Worker-2 started
2026-05-12 19:24:15 [Thread-10] INFO  model.workers.Dealer - Dealer-0 started
2026-05-12 19:24:15 [Thread-0] INFO  model.workers.Supplier - Produced: Body
2026-05-12 19:24:15 [Thread-2] INFO  model.workers.Supplier - Produced: Engine
2026-05-12 19:24:15 [Thread-1] INFO  model.workers.Supplier - Produced: Body
2026-05-12 19:24:15 [Thread-7] INFO  model.workers.Worker - Worker-1 started
2026-05-12 19:24:15 [Thread-3] INFO  model.workers.Supplier - Produced: Engine
2026-05-12 19:24:15 [Thread-6] INFO  model.workers.Worker - Worker-0 started
2026-05-12 19:24:15 [Thread-0] INFO  model.workers.Supplier - Produced: Body
2026-05-12 19:24:15 [Thread-3] INFO  model.workers.Supplier - Produced: Engine
2026-05-12 19:24:15 [Thread-1] INFO  model.workers.Supplier - Produced: Body
2026-05-12 19:24:15 [Thread-2] INFO  model.workers.Supplier - Produced: Engine
2026-05-12 19:24:15 [Thread-1] INFO  model.workers.Supplier - Produced: Body
2026-05-12 19:24:15 [Thread-2] INFO  model.workers.Supplier - Produced: Engine
2026-05-12 19:24:15 [Thread-3] INFO  model.workers.Supplier - Produced: Engine
2026-05-12 19:24:15 [Thread-0] INFO  model.workers.Supplier - Produced: Body
2026-05-12 19:24:15 [Thread-3] INFO  model.workers.Supplier - Produced: Engine
2026-05-12 19:24:15 [Thread-1] INFO  model.workers.Supplier - Produced: Body
2026-05-12 19:24:15 [Thread-0] INFO  model.workers.Supplier - Produced: Body
2026-05-12 19:24:15 [Thread-2] INFO  model.workers.Supplier - Produced: Engine
2026-05-12 19:24:15 [Thread-1] INFO  model.workers.Supplier - Produced: Body
2026-05-12 19:24:15 [Thread-2] INFO  model.workers.Supplier - Produced: Engine
2026-05-12 19:24:15 [Thread-3] INFO  model.workers.Supplier - Produced: Engine
2026-05-12 19:24:15 [Thread-0] INFO  model.workers.Supplier - Produced: Body
2026-05-12 19:24:15 [Thread-1] INFO  model.workers.Supplier - Produced: Body
2026-05-12 19:24:15 [Thread-2] INFO  model.workers.Supplier - Produced: Engine
2026-05-12 19:24:15 [Thread-1] INFO  model.workers.Supplier - Produced: Body
2026-05-12 19:24:15 [Thread-0] INFO  model.workers.Supplier - Produced: Body
2026-05-12 19:24:15 [Thread-3] INFO  model.workers.Supplier - Produced: Engine
2026-05-12 19:24:15 [Thread-2] INFO  model.workers.Supplier - Produced: Engine
2026-05-12 19:24:15 [Thread-3] INFO  model.workers.Supplier - Produced: Engine
2026-05-12 19:24:15 [Thread-2] INFO  model.workers.Supplier - Produced: Engine
2026-05-12 19:24:15 [Thread-1] INFO  model.workers.Supplier - Produced: Body
2026-05-12 19:24:15 [Thread-0] INFO  model.workers.Supplier - Produced: Body
2026-05-12 19:24:15 [Thread-1] INFO  model.workers.Supplier - Produced: Body
2026-05-12 19:24:15 [Thread-3] INFO  model.workers.Supplier - Produced: Engine
2026-05-12 19:24:15 [Thread-2] INFO  model.workers.Supplier - Produced: Engine
2026-05-12 19:24:15 [Thread-0] INFO  model.workers.Supplier - Produced: Body
2026-05-12 19:24:15 [Thread-1] INFO  model.workers.Supplier - Produced: Body
2026-05-12 19:24:15 [Thread-3] INFO  model.workers.Supplier - Produced: Engine
2026-05-12 19:24:15 [Thread-2] INFO  model.workers.Supplier - Produced: Engine
2026-05-12 19:24:15 [Thread-0] INFO  model.workers.Supplier - Produced: Body
2026-05-12 19:24:15 [Thread-0] INFO  model.workers.Supplier - Produced: Body
2026-05-12 19:24:15 [Thread-2] INFO  model.workers.Supplier - Produced: Engine
2026-05-12 19:24:15 [Thread-1] INFO  model.workers.Supplier - Produced: Body
2026-05-12 19:24:15 [Thread-3] INFO  model.workers.Supplier - Produced: Engine
2026-05-12 19:24:15 [Thread-2] INFO  model.workers.Supplier - Produced: Engine
2026-05-12 19:24:15 [Thread-3] INFO  model.workers.Supplier - Produced: Engine
2026-05-12 19:24:15 [Thread-0] INFO  model.workers.Supplier - Produced: Body
2026-05-12 19:24:15 [Thread-1] INFO  model.workers.Supplier - Produced: Body
2026-05-12 19:24:15 [Thread-0] INFO  model.workers.Supplier - Produced: Body
2026-05-12 19:24:15 [Thread-3] INFO  model.workers.Supplier - Produced: Engine
2026-05-12 19:24:15 [Thread-2] INFO  model.workers.Supplier - Produced: Engine
2026-05-12 19:24:15 [Thread-2] INFO  model.workers.Supplier - Produced: Engine
2026-05-12 19:24:15 [Thread-3] INFO  model.workers.Supplier - Produced: Engine
2026-05-12 19:24:15 [Thread-2] INFO  model.workers.Supplier - Produced: Engine
2026-05-12 19:24:15 [Thread-3] INFO  model.workers.Supplier - Produced: Engine
2026-05-12 19:24:15 [Thread-2] INFO  model.workers.Supplier - Produced: Engine
2026-05-12 19:24:15 [Thread-3] INFO  model.workers.Supplier - Produced: Engine
2026-05-12 19:24:15 [Thread-3] INFO  model.workers.Supplier - Produced: Engine
2026-05-12 19:24:15 [Thread-2] INFO  model.workers.Supplier - Produced: Engine
2026-05-12 19:24:15 [Thread-2] INFO  model.workers.Supplier - Produced: Engine
2026-05-12 19:24:19 [Thread-5] INFO  model.workers.Supplier - Produced: Accessory-Type_1
2026-05-12 19:24:19 [Thread-4] INFO  model.workers.Supplier - Produced: Accessory-Type_0
2026-05-12 19:24:20 [Thread-10] INFO  model.workers.Dealer - Dealer-0 sold a car
2026-05-12 19:24:22 [Thread-8] INFO  model.workers.Worker - Worker-2 created Car ID: 1 (Accessories: 2)
2026-05-12 19:24:22 [Thread-8] INFO  model.workers.Worker - Storage Update - Cars available: 1
2026-05-12 19:24:22 [Thread-10] INFO  model.workers.Worker - Storage Update - Cars available: 0
2026-05-12 19:24:22 [Thread-3] INFO  model.workers.Supplier - Produced: Engine
2026-05-12 19:24:22 [Thread-1] INFO  model.workers.Supplier - Produced: Body
2026-05-12 19:24:23 [Thread-4] INFO  model.workers.Supplier - Produced: Accessory-Type_0
2026-05-12 19:24:23 [Thread-5] INFO  model.workers.Supplier - Produced: Accessory-Type_1
2026-05-12 19:24:26 [Thread-9] INFO  model.workers.Worker - Worker-3 created Car ID: 2 (Accessories: 2)
2026-05-12 19:24:26 [Thread-9] INFO  model.workers.Worker - Storage Update - Cars available: 1
2026-05-12 19:24:26 [Thread-0] INFO  model.workers.Supplier - Produced: Body
2026-05-12 19:24:26 [Thread-2] INFO  model.workers.Supplier - Produced: Engine
2026-05-12 19:24:27 [Thread-5] INFO  model.workers.Supplier - Produced: Accessory-Type_1
2026-05-12 19:24:27 [Thread-10] INFO  model.workers.Dealer - Dealer-0 sold a car
2026-05-12 19:24:27 [Thread-4] INFO  model.workers.Supplier - Produced: Accessory-Type_0
2026-05-12 19:24:27 [Thread-10] INFO  model.workers.Worker - Storage Update - Cars available: 0
2026-05-12 19:24:30 [Thread-7] INFO  model.workers.Worker - Worker-1 created Car ID: 3 (Accessories: 2)
2026-05-12 19:24:30 [Thread-7] INFO  model.workers.Worker - Storage Update - Cars available: 1
2026-05-12 19:24:30 [Thread-1] INFO  model.workers.Supplier - Produced: Body
2026-05-12 19:24:30 [Thread-3] INFO  model.workers.Supplier - Produced: Engine
2026-05-12 19:24:31 [Thread-4] INFO  model.workers.Supplier - Produced: Accessory-Type_0
2026-05-12 19:24:31 [Thread-5] INFO  model.workers.Supplier - Produced: Accessory-Type_1
2026-05-12 19:24:32 [Thread-10] INFO  model.workers.Dealer - Dealer-0 sold a car
2026-05-12 19:24:32 [Thread-10] INFO  model.workers.Worker - Storage Update - Cars available: 0
2026-05-12 19:24:34 [Thread-6] INFO  model.workers.Worker - Worker-0 created Car ID: 4 (Accessories: 2)
2026-05-12 19:24:34 [Thread-6] INFO  model.workers.Worker - Storage Update - Cars available: 1
2026-05-12 19:24:34 [Thread-2] INFO  model.workers.Supplier - Produced: Engine
2026-05-12 19:24:34 [Thread-0] INFO  model.workers.Supplier - Produced: Body
2026-05-12 19:24:35 [Thread-5] INFO  model.workers.Supplier - Produced: Accessory-Type_1
2026-05-12 19:24:35 [Thread-4] INFO  model.workers.Supplier - Produced: Accessory-Type_0
2026-05-12 19:24:37 [Thread-10] INFO  model.workers.Dealer - Dealer-0 sold a car
2026-05-12 19:24:37 [Thread-10] INFO  model.workers.Worker - Storage Update - Cars available: 0
2026-05-12 19:24:38 [Thread-8] INFO  model.workers.Worker - Worker-2 created Car ID: 5 (Accessories: 2)
2026-05-12 19:24:38 [Thread-8] INFO  model.workers.Worker - Storage Update - Cars available: 1
2026-05-12 19:24:38 [Thread-1] INFO  model.workers.Supplier - Produced: Body
2026-05-12 19:24:38 [Thread-3] INFO  model.workers.Supplier - Produced: Engine
2026-05-12 19:24:39 [Thread-4] INFO  model.workers.Supplier - Produced: Accessory-Type_0
2026-05-12 19:24:39 [Thread-5] INFO  model.workers.Supplier - Produced: Accessory-Type_1
2026-05-12 23:50:48 [AWT-EventQueue-0] INFO  model.workers.Worker - Loading configuration...
2026-05-12 23:53:41 [AWT-EventQueue-0] INFO  model.workers.Worker - Loading configuration...
2026-05-12 23:56:59 [AWT-EventQueue-0] INFO  model.workers.Worker - Loading configuration...
2026-05-12 23:56:59 [Thread-10] INFO  model.workers.Worker - Worker-3 started
2026-05-12 23:56:59 [Thread-7] INFO  model.workers.Worker - Worker-0 started
2026-05-12 23:56:59 [Thread-9] INFO  model.workers.Worker - Worker-2 started
2026-05-12 23:56:59 [AWT-EventQueue-0] INFO  model.workers.Worker - --- Factory System Initialized and Started ---
2026-05-12 23:56:59 [Thread-11] INFO  model.workers.Dealer - Dealer-0 started
2026-05-12 23:56:59 [Thread-8] INFO  model.workers.Worker - Worker-1 started
2026-05-12 23:57:01 [Thread-6] INFO  model.workers.Supplier - Produced: Accessory-Type_2
2026-05-12 23:57:01 [Thread-5] INFO  model.workers.Supplier - Produced: Accessory-Type_1
2026-05-12 23:57:01 [Thread-4] INFO  model.workers.Supplier - Produced: Accessory-Type_0
2026-05-12 23:57:03 [Thread-0] INFO  model.workers.Supplier - Produced: Body
2026-05-12 23:57:03 [Thread-1] INFO  model.workers.Supplier - Produced: Body
2026-05-12 23:57:03 [Thread-2] INFO  model.workers.Supplier - Produced: Engine
2026-05-12 23:57:03 [Thread-3] INFO  model.workers.Supplier - Produced: Engine
2026-05-12 23:57:03 [Thread-6] INFO  model.workers.Supplier - Produced: Accessory-Type_2
2026-05-12 23:57:03 [Thread-5] INFO  model.workers.Supplier - Produced: Accessory-Type_1
2026-05-12 23:57:03 [Thread-4] INFO  model.workers.Supplier - Produced: Accessory-Type_0
2026-05-12 23:57:04 [Thread-11] INFO  model.workers.Dealer - Dealer-0 sold a car
2026-05-12 23:57:05 [Thread-6] INFO  model.workers.Supplier - Produced: Accessory-Type_2
2026-05-12 23:57:05 [Thread-5] INFO  model.workers.Supplier - Produced: Accessory-Type_1
2026-05-12 23:57:05 [Thread-4] INFO  model.workers.Supplier - Produced: Accessory-Type_0
2026-05-12 23:57:06 [Thread-10] INFO  model.workers.Worker - Worker-3 created Car ID: 1 (Accessories: 3)
2026-05-12 23:57:06 [Thread-10] INFO  model.workers.Worker - Storage Update - Cars available: 1
2026-05-12 23:57:06 [Thread-11] INFO  model.workers.Worker - Storage Update - Cars available: 0
2026-05-12 23:57:06 [Thread-7] INFO  model.workers.Worker - Worker-0 created Car ID: 2 (Accessories: 3)
2026-05-12 23:57:06 [Thread-7] INFO  model.workers.Worker - Storage Update - Cars available: 1
2026-05-12 23:57:07 [Thread-0] INFO  model.workers.Supplier - Produced: Body
2026-05-12 23:57:07 [Thread-1] INFO  model.workers.Supplier - Produced: Body
2026-05-12 23:57:07 [Thread-3] INFO  model.workers.Supplier - Produced: Engine
2026-05-12 23:57:07 [Thread-2] INFO  model.workers.Supplier - Produced: Engine
2026-05-12 23:57:07 [Thread-5] INFO  model.workers.Supplier - Produced: Accessory-Type_1
2026-05-12 23:57:07 [Thread-4] INFO  model.workers.Supplier - Produced: Accessory-Type_0
2026-05-12 23:57:07 [Thread-6] INFO  model.workers.Supplier - Produced: Accessory-Type_2
2026-05-12 23:57:09 [Thread-4] INFO  model.workers.Supplier - Produced: Accessory-Type_0
2026-05-12 23:57:09 [Thread-6] INFO  model.workers.Supplier - Produced: Accessory-Type_2
2026-05-12 23:57:09 [Thread-5] INFO  model.workers.Supplier - Produced: Accessory-Type_1
2026-05-12 23:57:10 [Thread-9] INFO  model.workers.Worker - Worker-2 created Car ID: 3 (Accessories: 3)
2026-05-12 23:57:10 [Thread-9] INFO  model.workers.Worker - Storage Update - Cars available: 2
2026-05-12 23:57:10 [Thread-8] INFO  model.workers.Worker - Worker-1 created Car ID: 4 (Accessories: 3)
2026-05-12 23:57:10 [Thread-8] INFO  model.workers.Worker - Storage Update - Cars available: 3
2026-05-12 23:57:11 [Thread-3] INFO  model.workers.Supplier - Produced: Engine
2026-05-12 23:57:11 [Thread-11] INFO  model.workers.Dealer - Dealer-0 sold a car
2026-05-12 23:57:11 [Thread-0] INFO  model.workers.Supplier - Produced: Body
2026-05-12 23:57:11 [Thread-2] INFO  model.workers.Supplier - Produced: Engine
2026-05-12 23:57:11 [Thread-1] INFO  model.workers.Supplier - Produced: Body
2026-05-12 23:57:11 [Thread-11] INFO  model.workers.Worker - Storage Update - Cars available: 2
2026-05-12 23:57:11 [Thread-6] INFO  model.workers.Supplier - Produced: Accessory-Type_2
2026-05-12 23:57:11 [Thread-4] INFO  model.workers.Supplier - Produced: Accessory-Type_0
2026-05-12 23:57:11 [Thread-5] INFO  model.workers.Supplier - Produced: Accessory-Type_1
2026-05-12 23:57:13 [Thread-6] INFO  model.workers.Supplier - Produced: Accessory-Type_2
2026-05-12 23:57:13 [Thread-4] INFO  model.workers.Supplier - Produced: Accessory-Type_0
2026-05-12 23:57:13 [Thread-5] INFO  model.workers.Supplier - Produced: Accessory-Type_1
2026-05-12 23:57:14 [Thread-10] INFO  model.workers.Worker - Worker-3 created Car ID: 5 (Accessories: 3)
2026-05-12 23:57:14 [Thread-10] INFO  model.workers.Worker - Storage Update - Cars available: 3
2026-05-12 23:57:14 [Thread-7] INFO  model.workers.Worker - Worker-0 created Car ID: 6 (Accessories: 3)
2026-05-12 23:57:14 [Thread-7] INFO  model.workers.Worker - Storage Update - Cars available: 4
2026-05-12 23:57:15 [Thread-0] INFO  model.workers.Supplier - Produced: Body
2026-05-12 23:57:15 [Thread-2] INFO  model.workers.Supplier - Produced: Engine
2026-05-12 23:57:15 [Thread-1] INFO  model.workers.Supplier - Produced: Body
2026-05-12 23:57:15 [Thread-3] INFO  model.workers.Supplier - Produced: Engine
2026-05-12 23:57:15 [Thread-5] INFO  model.workers.Supplier - Produced: Accessory-Type_1
2026-05-12 23:57:15 [Thread-4] INFO  model.workers.Supplier - Produced: Accessory-Type_0
2026-05-12 23:57:15 [Thread-6] INFO  model.workers.Supplier - Produced: Accessory-Type_2
2026-05-12 23:57:16 [Thread-11] INFO  model.workers.Dealer - Dealer-0 sold a car
2026-05-12 23:57:16 [Thread-11] INFO  model.workers.Worker - Storage Update - Cars available: 3
2026-05-12 23:57:17 [Thread-6] INFO  model.workers.Supplier - Produced: Accessory-Type_2
2026-05-12 23:57:17 [Thread-5] INFO  model.workers.Supplier - Produced: Accessory-Type_1
2026-05-12 23:57:17 [Thread-4] INFO  model.workers.Supplier - Produced: Accessory-Type_0
2026-05-13 00:04:41 [AWT-EventQueue-0] INFO  model.workers.Worker - Loading configuration...
2026-05-13 00:04:41 [Thread-7] INFO  model.workers.Worker - Worker-0 started
2026-05-13 00:04:41 [Thread-9] INFO  model.workers.Worker - Worker-2 started
2026-05-13 00:04:41 [Thread-8] INFO  model.workers.Worker - Worker-1 started
2026-05-13 00:04:41 [AWT-EventQueue-0] INFO  model.workers.Worker - --- Factory System Initialized and Started ---
2026-05-13 00:04:41 [Thread-11] INFO  model.workers.Dealer - Dealer-0 started
2026-05-13 00:04:41 [Thread-10] INFO  model.workers.Worker - Worker-3 started
2026-05-13 00:04:43 [Thread-6] INFO  model.workers.Supplier - Produced: Accessory-Type_2
2026-05-13 00:04:43 [Thread-5] INFO  model.workers.Supplier - Produced: Accessory-Type_1
2026-05-13 00:04:43 [Thread-4] INFO  model.workers.Supplier - Produced: Accessory-Type_0
2026-05-13 00:04:44 [Thread-11] INFO  model.workers.Dealer - Dealer-0 sold a car
2026-05-13 00:04:45 [Thread-5] INFO  model.workers.Supplier - Produced: Accessory-Type_1
2026-05-13 00:04:45 [Thread-4] INFO  model.workers.Supplier - Produced: Accessory-Type_0
2026-05-13 00:04:45 [Thread-6] INFO  model.workers.Supplier - Produced: Accessory-Type_2
2026-05-13 00:04:45 [Thread-2] INFO  model.workers.Supplier - Produced: Engine
2026-05-13 00:04:45 [Thread-0] INFO  model.workers.Supplier - Produced: Body
2026-05-13 00:04:45 [Thread-3] INFO  model.workers.Supplier - Produced: Engine
2026-05-13 00:04:45 [Thread-1] INFO  model.workers.Supplier - Produced: Body
2026-05-13 00:04:47 [Thread-6] INFO  model.workers.Supplier - Produced: Accessory-Type_2
2026-05-13 00:04:47 [Thread-4] INFO  model.workers.Supplier - Produced: Accessory-Type_0
2026-05-13 00:04:47 [Thread-5] INFO  model.workers.Supplier - Produced: Accessory-Type_1
2026-05-13 00:04:48 [Thread-9] INFO  model.workers.Worker - Worker-2 created Car ID: 1 (Accessories: 3)
2026-05-13 00:04:48 [Thread-7] INFO  model.workers.Worker - Worker-0 created Car ID: 2 (Accessories: 3)
2026-05-13 00:04:48 [Thread-9] INFO  model.workers.Worker - Storage Update - Cars available: 1
2026-05-13 00:04:48 [Thread-7] INFO  model.workers.Worker - Storage Update - Cars available: 2
2026-05-13 00:04:48 [Thread-11] INFO  model.workers.Worker - Storage Update - Cars available: 1
2026-05-13 00:04:49 [Thread-3] INFO  model.workers.Supplier - Produced: Engine
2026-05-13 00:04:49 [Thread-4] INFO  model.workers.Supplier - Produced: Accessory-Type_0
2026-05-13 00:04:49 [Thread-6] INFO  model.workers.Supplier - Produced: Accessory-Type_2
2026-05-13 00:04:49 [Thread-5] INFO  model.workers.Supplier - Produced: Accessory-Type_1
2026-05-13 00:04:49 [Thread-2] INFO  model.workers.Supplier - Produced: Engine
2026-05-13 00:04:49 [Thread-1] INFO  model.workers.Supplier - Produced: Body
2026-05-13 00:04:49 [Thread-0] INFO  model.workers.Supplier - Produced: Body
2026-05-13 00:04:51 [Thread-11] INFO  model.workers.Dealer - Dealer-0 sold a car
2026-05-13 00:04:51 [Thread-11] INFO  model.workers.Worker - Storage Update - Cars available: 0
2026-05-13 00:04:51 [Thread-4] INFO  model.workers.Supplier - Produced: Accessory-Type_0
2026-05-13 00:04:51 [Thread-6] INFO  model.workers.Supplier - Produced: Accessory-Type_2
2026-05-13 00:04:51 [Thread-5] INFO  model.workers.Supplier - Produced: Accessory-Type_1
2026-05-13 00:04:52 [Thread-8] INFO  model.workers.Worker - Worker-1 created Car ID: 3 (Accessories: 3)
2026-05-13 00:04:52 [Thread-10] INFO  model.workers.Worker - Worker-3 created Car ID: 4 (Accessories: 3)
2026-05-13 00:04:52 [Thread-8] INFO  model.workers.Worker - Storage Update - Cars available: 1
2026-05-13 00:04:52 [Thread-10] INFO  model.workers.Worker - Storage Update - Cars available: 2
2026-05-13 00:04:53 [Thread-1] INFO  model.workers.Supplier - Produced: Body
2026-05-13 00:04:53 [Thread-2] INFO  model.workers.Supplier - Produced: Engine
2026-05-13 00:04:53 [Thread-0] INFO  model.workers.Supplier - Produced: Body
2026-05-13 00:04:53 [Thread-3] INFO  model.workers.Supplier - Produced: Engine
2026-05-13 00:04:53 [Thread-4] INFO  model.workers.Supplier - Produced: Accessory-Type_0
2026-05-13 00:04:53 [Thread-5] INFO  model.workers.Supplier - Produced: Accessory-Type_1
2026-05-13 00:04:53 [Thread-6] INFO  model.workers.Supplier - Produced: Accessory-Type_2
2026-05-13 00:04:54 [Thread-11] INFO  model.workers.Dealer - Dealer-0 sold a car
2026-05-13 00:04:54 [Thread-11] INFO  model.workers.Worker - Storage Update - Cars available: 1
2026-05-13 00:04:55 [Thread-4] INFO  model.workers.Supplier - Produced: Accessory-Type_0
2026-05-13 00:04:55 [Thread-6] INFO  model.workers.Supplier - Produced: Accessory-Type_2
2026-05-13 00:04:55 [Thread-5] INFO  model.workers.Supplier - Produced: Accessory-Type_1
2026-05-13 00:04:56 [Thread-9] INFO  model.workers.Worker - Worker-2 created Car ID: 5 (Accessories: 3)
2026-05-13 00:04:56 [Thread-9] INFO  model.workers.Worker - Storage Update - Cars available: 2
2026-05-13 00:04:56 [Thread-7] INFO  model.workers.Worker - Worker-0 created Car ID: 6 (Accessories: 3)
2026-05-13 00:04:56 [Thread-7] INFO  model.workers.Worker - Storage Update - Cars available: 3
2026-05-13 00:04:57 [Thread-1] INFO  model.workers.Supplier - Produced: Body
2026-05-13 00:04:57 [Thread-11] INFO  model.workers.Dealer - Dealer-0 sold a car
2026-05-13 00:04:57 [Thread-3] INFO  model.workers.Supplier - Produced: Engine
2026-05-13 00:04:57 [Thread-2] INFO  model.workers.Supplier - Produced: Engine
2026-05-13 00:04:57 [Thread-0] INFO  model.workers.Supplier - Produced: Body
2026-05-13 00:04:57 [Thread-11] INFO  model.workers.Worker - Storage Update - Cars available: 2
2026-05-13 00:04:57 [Thread-6] INFO  model.workers.Supplier - Produced: Accessory-Type_2
2026-05-13 00:04:57 [Thread-4] INFO  model.workers.Supplier - Produced: Accessory-Type_0
2026-05-13 00:04:57 [Thread-5] INFO  model.workers.Supplier - Produced: Accessory-Type_1
2026-05-13 00:04:59 [Thread-4] INFO  model.workers.Supplier - Produced: Accessory-Type_0
2026-05-13 00:04:59 [Thread-5] INFO  model.workers.Supplier - Produced: Accessory-Type_1
2026-05-13 00:04:59 [Thread-6] INFO  model.workers.Supplier - Produced: Accessory-Type_2
2026-05-13 00:05:00 [Thread-11] INFO  model.workers.Dealer - Dealer-0 sold a car
2026-05-13 00:05:00 [Thread-8] INFO  model.workers.Worker - Worker-1 created Car ID: 7 (Accessories: 3)
2026-05-13 00:05:00 [Thread-8] INFO  model.workers.Worker - Storage Update - Cars available: 2
2026-05-13 00:05:00 [Thread-11] INFO  model.workers.Worker - Storage Update - Cars available: 1
2026-05-13 00:05:00 [Thread-10] INFO  model.workers.Worker - Worker-3 created Car ID: 8 (Accessories: 3)
2026-05-13 00:05:00 [Thread-10] INFO  model.workers.Worker - Storage Update - Cars available: 3
2026-05-13 00:05:01 [Thread-1] INFO  model.workers.Supplier - Produced: Body
2026-05-13 00:05:01 [Thread-0] INFO  model.workers.Supplier - Produced: Body
2026-05-13 00:05:01 [Thread-3] INFO  model.workers.Supplier - Produced: Engine
2026-05-13 00:05:01 [Thread-2] INFO  model.workers.Supplier - Produced: Engine
2026-05-13 00:05:01 [Thread-4] INFO  model.workers.Supplier - Produced: Accessory-Type_0
2026-05-13 00:05:01 [Thread-5] INFO  model.workers.Supplier - Produced: Accessory-Type_1
2026-05-13 00:05:01 [Thread-6] INFO  model.workers.Supplier - Produced: Accessory-Type_2
2026-05-13 00:05:03 [Thread-11] INFO  model.workers.Dealer - Dealer-0 sold a car
2026-05-13 00:05:03 [Thread-11] INFO  model.workers.Worker - Storage Update - Cars available: 2
2026-05-13 00:05:03 [Thread-6] INFO  model.workers.Supplier - Produced: Accessory-Type_2
2026-05-13 00:05:03 [Thread-5] INFO  model.workers.Supplier - Produced: Accessory-Type_1
2026-05-13 00:05:03 [Thread-4] INFO  model.workers.Supplier - Produced: Accessory-Type_0
2026-05-13 00:05:04 [Thread-9] INFO  model.workers.Worker - Worker-2 created Car ID: 9 (Accessories: 3)
2026-05-13 00:05:04 [Thread-9] INFO  model.workers.Worker - Storage Update - Cars available: 3
2026-05-13 00:05:04 [Thread-7] INFO  model.workers.Worker - Worker-0 created Car ID: 10 (Accessories: 3)
2026-05-13 00:05:04 [Thread-7] INFO  model.workers.Worker - Storage Update - Cars available: 4
2026-05-13 00:05:05 [Thread-0] INFO  model.workers.Supplier - Produced: Body
2026-05-13 00:05:05 [Thread-1] INFO  model.workers.Supplier - Produced: Body
2026-05-13 00:05:05 [Thread-3] INFO  model.workers.Supplier - Produced: Engine
2026-05-13 00:05:05 [Thread-2] INFO  model.workers.Supplier - Produced: Engine
2026-05-13 00:05:05 [Thread-5] INFO  model.workers.Supplier - Produced: Accessory-Type_1
2026-05-13 00:05:05 [Thread-4] INFO  model.workers.Supplier - Produced: Accessory-Type_0
2026-05-13 00:05:05 [Thread-6] INFO  model.workers.Supplier - Produced: Accessory-Type_2
2026-05-13 00:05:06 [Thread-11] INFO  model.workers.Dealer - Dealer-0 sold a car
2026-05-13 00:05:06 [Thread-11] INFO  model.workers.Worker - Storage Update - Cars available: 3
2026-05-13 00:05:07 [Thread-6] INFO  model.workers.Supplier - Produced: Accessory-Type_2
2026-05-13 00:05:07 [Thread-5] INFO  model.workers.Supplier - Produced: Accessory-Type_1
2026-05-13 00:05:07 [Thread-4] INFO  model.workers.Supplier - Produced: Accessory-Type_0
2026-05-13 00:05:08 [Thread-8] INFO  model.workers.Worker - Worker-1 created Car ID: 11 (Accessories: 3)
2026-05-13 00:05:08 [Thread-8] INFO  model.workers.Worker - Storage Update - Cars available: 4
2026-05-13 00:05:08 [Thread-10] INFO  model.workers.Worker - Worker-3 created Car ID: 12 (Accessories: 3)
2026-05-13 00:05:08 [Thread-10] INFO  model.workers.Worker - Storage Update - Cars available: 5
2026-05-13 00:05:09 [Thread-11] INFO  model.workers.Dealer - Dealer-0 sold a car
2026-05-13 00:05:09 [Thread-11] INFO  model.workers.Worker - Storage Update - Cars available: 4
2026-05-13 00:05:09 [Thread-1] INFO  model.workers.Supplier - Produced: Body
2026-05-13 00:05:09 [Thread-0] INFO  model.workers.Supplier - Produced: Body
2026-05-13 00:05:09 [Thread-2] INFO  model.workers.Supplier - Produced: Engine
2026-05-13 00:05:09 [Thread-3] INFO  model.workers.Supplier - Produced: Engine
2026-05-13 00:05:09 [Thread-4] INFO  model.workers.Supplier - Produced: Accessory-Type_0
2026-05-13 00:05:09 [Thread-5] INFO  model.workers.Supplier - Produced: Accessory-Type_1
2026-05-13 00:05:09 [Thread-6] INFO  model.workers.Supplier - Produced: Accessory-Type_2
2026-05-13 00:05:11 [Thread-5] INFO  model.workers.Supplier - Produced: Accessory-Type_1
2026-05-13 00:05:11 [Thread-6] INFO  model.workers.Supplier - Produced: Accessory-Type_2
2026-05-13 00:05:11 [Thread-4] INFO  model.workers.Supplier - Produced: Accessory-Type_0
2026-05-13 00:05:12 [Thread-11] INFO  model.workers.Dealer - Dealer-0 sold a car
2026-05-13 00:05:12 [Thread-11] INFO  model.workers.Worker - Storage Update - Cars available: 3
2026-05-13 00:05:12 [Thread-9] INFO  model.workers.Worker - Worker-2 created Car ID: 13 (Accessories: 3)
2026-05-13 00:05:12 [Thread-9] INFO  model.workers.Worker - Storage Update - Cars available: 4
2026-05-13 00:05:12 [Thread-7] INFO  model.workers.Worker - Worker-0 created Car ID: 14 (Accessories: 3)
2026-05-13 00:05:12 [Thread-7] INFO  model.workers.Worker - Storage Update - Cars available: 5
2026-05-13 00:05:13 [Thread-1] INFO  model.workers.Supplier - Produced: Body
2026-05-13 00:05:13 [Thread-3] INFO  model.workers.Supplier - Produced: Engine
2026-05-13 00:05:13 [Thread-2] INFO  model.workers.Supplier - Produced: Engine
2026-05-13 00:05:13 [Thread-0] INFO  model.workers.Supplier - Produced: Body
2026-05-13 00:05:13 [Thread-6] INFO  model.workers.Supplier - Produced: Accessory-Type_2
2026-05-13 00:05:13 [Thread-4] INFO  model.workers.Supplier - Produced: Accessory-Type_0
2026-05-13 00:05:13 [Thread-5] INFO  model.workers.Supplier - Produced: Accessory-Type_1
2026-05-13 00:05:15 [Thread-11] INFO  model.workers.Dealer - Dealer-0 sold a car
2026-05-13 00:05:15 [Thread-11] INFO  model.workers.Worker - Storage Update - Cars available: 4
2026-05-13 00:05:15 [Thread-5] INFO  model.workers.Supplier - Produced: Accessory-Type_1
2026-05-13 00:05:15 [Thread-6] INFO  model.workers.Supplier - Produced: Accessory-Type_2
2026-05-13 00:05:15 [Thread-4] INFO  model.workers.Supplier - Produced: Accessory-Type_0
2026-05-13 00:05:16 [Thread-8] INFO  model.workers.Worker - Worker-1 created Car ID: 15 (Accessories: 3)
2026-05-13 00:05:16 [Thread-8] INFO  model.workers.Worker - Storage Update - Cars available: 5
2026-05-13 00:05:16 [Thread-10] INFO  model.workers.Worker - Worker-3 created Car ID: 16 (Accessories: 3)
2026-05-13 00:05:16 [Thread-10] INFO  model.workers.Worker - Storage Update - Cars available: 6
2026-05-13 00:05:17 [Thread-1] INFO  model.workers.Supplier - Produced: Body
2026-05-13 00:05:17 [Thread-3] INFO  model.workers.Supplier - Produced: Engine
2026-05-13 00:05:17 [Thread-0] INFO  model.workers.Supplier - Produced: Body
2026-05-13 00:05:17 [Thread-2] INFO  model.workers.Supplier - Produced: Engine
2026-05-13 00:05:17 [Thread-5] INFO  model.workers.Supplier - Produced: Accessory-Type_1
2026-05-13 00:05:17 [Thread-6] INFO  model.workers.Supplier - Produced: Accessory-Type_2
2026-05-13 00:05:17 [Thread-4] INFO  model.workers.Supplier - Produced: Accessory-Type_0
2026-05-13 00:05:18 [Thread-11] INFO  model.workers.Dealer - Dealer-0 sold a car
2026-05-13 00:05:18 [Thread-11] INFO  model.workers.Worker - Storage Update - Cars available: 5
2026-05-13 00:05:19 [Thread-5] INFO  model.workers.Supplier - Produced: Accessory-Type_1
2026-05-13 00:05:19 [Thread-6] INFO  model.workers.Supplier - Produced: Accessory-Type_2
2026-05-13 00:05:19 [Thread-4] INFO  model.workers.Supplier - Produced: Accessory-Type_0
2026-05-13 00:05:20 [Thread-9] INFO  model.workers.Worker - Worker-2 created Car ID: 17 (Accessories: 3)
2026-05-13 00:05:20 [Thread-9] INFO  model.workers.Worker - Storage Update - Cars available: 6
2026-05-13 00:05:20 [Thread-7] INFO  model.workers.Worker - Worker-0 created Car ID: 18 (Accessories: 3)
2026-05-13 00:05:20 [Thread-7] INFO  model.workers.Worker - Storage Update - Cars available: 7
2026-05-13 00:05:21 [Thread-11] INFO  model.workers.Dealer - Dealer-0 sold a car
2026-05-13 00:05:21 [Thread-11] INFO  model.workers.Worker - Storage Update - Cars available: 6
2026-05-13 00:05:21 [Thread-3] INFO  model.workers.Supplier - Produced: Engine
2026-05-13 00:05:21 [Thread-1] INFO  model.workers.Supplier - Produced: Body
2026-05-13 00:05:21 [Thread-0] INFO  model.workers.Supplier - Produced: Body
2026-05-13 00:05:21 [Thread-2] INFO  model.workers.Supplier - Produced: Engine
2026-05-13 00:05:21 [Thread-5] INFO  model.workers.Supplier - Produced: Accessory-Type_1
2026-05-13 00:05:21 [Thread-4] INFO  model.workers.Supplier - Produced: Accessory-Type_0
2026-05-13 00:05:21 [Thread-6] INFO  model.workers.Supplier - Produced: Accessory-Type_2
2026-05-13 00:05:23 [Thread-4] INFO  model.workers.Supplier - Produced: Accessory-Type_0
2026-05-13 00:05:23 [Thread-6] INFO  model.workers.Supplier - Produced: Accessory-Type_2
2026-05-13 00:05:23 [Thread-5] INFO  model.workers.Supplier - Produced: Accessory-Type_1
2026-05-13 00:05:24 [Thread-11] INFO  model.workers.Dealer - Dealer-0 sold a car
2026-05-13 00:05:24 [Thread-11] INFO  model.workers.Worker - Storage Update - Cars available: 5
2026-05-13 00:05:24 [Thread-8] INFO  model.workers.Worker - Worker-1 created Car ID: 19 (Accessories: 3)
2026-05-13 00:05:24 [Thread-8] INFO  model.workers.Worker - Storage Update - Cars available: 6
2026-05-13 00:05:24 [Thread-10] INFO  model.workers.Worker - Worker-3 created Car ID: 20 (Accessories: 3)
2026-05-13 00:05:24 [Thread-10] INFO  model.workers.Worker - Storage Update - Cars available: 7
2026-05-13 00:05:25 [Thread-1] INFO  model.workers.Supplier - Produced: Body
2026-05-13 00:05:25 [Thread-3] INFO  model.workers.Supplier - Produced: Engine
2026-05-13 00:05:25 [Thread-2] INFO  model.workers.Supplier - Produced: Engine
2026-05-13 00:05:25 [Thread-0] INFO  model.workers.Supplier - Produced: Body
2026-05-13 00:05:25 [Thread-6] INFO  model.workers.Supplier - Produced: Accessory-Type_2
2026-05-13 00:05:25 [Thread-4] INFO  model.workers.Supplier - Produced: Accessory-Type_0
2026-05-13 00:05:25 [Thread-5] INFO  model.workers.Supplier - Produced: Accessory-Type_1
2026-05-13 00:05:27 [Thread-11] INFO  model.workers.Dealer - Dealer-0 sold a car
2026-05-13 00:05:27 [Thread-11] INFO  model.workers.Worker - Storage Update - Cars available: 6
2026-05-13 00:05:27 [Thread-5] INFO  model.workers.Supplier - Produced: Accessory-Type_1
2026-05-13 00:05:27 [Thread-4] INFO  model.workers.Supplier - Produced: Accessory-Type_0
2026-05-13 00:05:27 [Thread-6] INFO  model.workers.Supplier - Produced: Accessory-Type_2
2026-05-13 00:05:28 [Thread-9] INFO  model.workers.Worker - Worker-2 created Car ID: 21 (Accessories: 3)
2026-05-13 00:05:28 [Thread-9] INFO  model.workers.Worker - Storage Update - Cars available: 7
2026-05-13 00:05:28 [Thread-7] INFO  model.workers.Worker - Worker-0 created Car ID: 22 (Accessories: 3)
2026-05-13 00:05:28 [Thread-7] INFO  model.workers.Worker - Storage Update - Cars available: 8
2026-05-13 00:05:29 [Thread-2] INFO  model.workers.Supplier - Produced: Engine
2026-05-13 00:05:29 [Thread-1] INFO  model.workers.Supplier - Produced: Body
2026-05-13 00:05:29 [Thread-3] INFO  model.workers.Supplier - Produced: Engine
2026-05-13 00:05:29 [Thread-0] INFO  model.workers.Supplier - Produced: Body
2026-05-13 00:05:29 [Thread-4] INFO  model.workers.Supplier - Produced: Accessory-Type_0
2026-05-13 00:05:29 [Thread-6] INFO  model.workers.Supplier - Produced: Accessory-Type_2
2026-05-13 00:05:29 [Thread-5] INFO  model.workers.Supplier - Produced: Accessory-Type_1
2026-05-13 00:05:30 [Thread-11] INFO  model.workers.Dealer - Dealer-0 sold a car
2026-05-13 00:05:30 [Thread-11] INFO  model.workers.Worker - Storage Update - Cars available: 7
2026-05-13 00:05:31 [Thread-5] INFO  model.workers.Supplier - Produced: Accessory-Type_1
2026-05-13 00:05:31 [Thread-4] INFO  model.workers.Supplier - Produced: Accessory-Type_0
2026-05-13 00:05:31 [Thread-6] INFO  model.workers.Supplier - Produced: Accessory-Type_2
2026-05-13 00:05:32 [Thread-8] INFO  model.workers.Worker - Worker-1 created Car ID: 23 (Accessories: 3)
2026-05-13 00:05:32 [Thread-8] INFO  model.workers.Worker - Storage Update - Cars available: 8
2026-05-13 00:05:32 [Thread-10] INFO  model.workers.Worker - Worker-3 created Car ID: 24 (Accessories: 3)
2026-05-13 00:05:32 [Thread-10] INFO  model.workers.Worker - Storage Update - Cars available: 9
2026-05-13 00:05:33 [Thread-11] INFO  model.workers.Dealer - Dealer-0 sold a car
2026-05-13 00:05:33 [Thread-11] INFO  model.workers.Worker - Storage Update - Cars available: 8
2026-05-13 00:05:33 [Thread-3] INFO  model.workers.Supplier - Produced: Engine
2026-05-13 00:05:33 [Thread-0] INFO  model.workers.Supplier - Produced: Body
2026-05-13 00:05:33 [Thread-2] INFO  model.workers.Supplier - Produced: Engine
2026-05-13 00:05:33 [Thread-1] INFO  model.workers.Supplier - Produced: Body
2026-05-13 00:05:33 [Thread-4] INFO  model.workers.Supplier - Produced: Accessory-Type_0
2026-05-13 00:05:33 [Thread-5] INFO  model.workers.Supplier - Produced: Accessory-Type_1
2026-05-13 00:05:33 [Thread-6] INFO  model.workers.Supplier - Produced: Accessory-Type_2
2026-05-13 00:05:35 [Thread-5] INFO  model.workers.Supplier - Produced: Accessory-Type_1
2026-05-13 00:05:35 [Thread-6] INFO  model.workers.Supplier - Produced: Accessory-Type_2
2026-05-13 00:05:35 [Thread-4] INFO  model.workers.Supplier - Produced: Accessory-Type_0
2026-05-13 00:05:36 [Thread-11] INFO  model.workers.Dealer - Dealer-0 sold a car
2026-05-13 00:05:36 [Thread-11] INFO  model.workers.Worker - Storage Update - Cars available: 7
2026-05-13 00:05:36 [Thread-9] INFO  model.workers.Worker - Worker-2 created Car ID: 25 (Accessories: 3)
2026-05-13 00:05:36 [Thread-9] INFO  model.workers.Worker - Storage Update - Cars available: 8
2026-05-13 00:05:36 [Thread-7] INFO  model.workers.Worker - Worker-0 created Car ID: 26 (Accessories: 3)
2026-05-13 00:05:36 [Thread-7] INFO  model.workers.Worker - Storage Update - Cars available: 9
2026-05-13 00:05:37 [Thread-2] INFO  model.workers.Supplier - Produced: Engine
2026-05-13 00:05:37 [Thread-0] INFO  model.workers.Supplier - Produced: Body
2026-05-13 00:05:37 [Thread-1] INFO  model.workers.Supplier - Produced: Body
2026-05-13 00:05:37 [Thread-3] INFO  model.workers.Supplier - Produced: Engine
2026-05-13 00:05:37 [Thread-5] INFO  model.workers.Supplier - Produced: Accessory-Type_1
2026-05-13 00:05:37 [Thread-4] INFO  model.workers.Supplier - Produced: Accessory-Type_0
2026-05-13 00:05:37 [Thread-6] INFO  model.workers.Supplier - Produced: Accessory-Type_2
2026-05-13 00:05:39 [Thread-11] INFO  model.workers.Dealer - Dealer-0 sold a car
2026-05-13 00:05:39 [Thread-11] INFO  model.workers.Worker - Storage Update - Cars available: 8
2026-05-13 00:05:39 [Thread-6] INFO  model.workers.Supplier - Produced: Accessory-Type_2
2026-05-13 00:05:39 [Thread-4] INFO  model.workers.Supplier - Produced: Accessory-Type_0
2026-05-13 00:05:39 [Thread-5] INFO  model.workers.Supplier - Produced: Accessory-Type_1
2026-05-13 00:05:40 [Thread-8] INFO  model.workers.Worker - Worker-1 created Car ID: 27 (Accessories: 3)
2026-05-13 00:05:40 [Thread-8] INFO  model.workers.Worker - Storage Update - Cars available: 9
2026-05-13 00:05:40 [Thread-10] INFO  model.workers.Worker - Worker-3 created Car ID: 28 (Accessories: 3)
2026-05-13 00:05:40 [Thread-10] INFO  model.workers.Worker - Storage Update - Cars available: 10
2026-05-13 00:05:41 [Thread-1] INFO  model.workers.Supplier - Produced: Body
2026-05-13 00:05:41 [Thread-0] INFO  model.workers.Supplier - Produced: Body
2026-05-13 00:05:41 [Thread-2] INFO  model.workers.Supplier - Produced: Engine
2026-05-13 00:05:41 [Thread-3] INFO  model.workers.Supplier - Produced: Engine
2026-05-13 00:05:41 [Thread-6] INFO  model.workers.Supplier - Produced: Accessory-Type_2
2026-05-13 00:05:41 [Thread-5] INFO  model.workers.Supplier - Produced: Accessory-Type_1
2026-05-13 00:05:41 [Thread-4] INFO  model.workers.Supplier - Produced: Accessory-Type_0
2026-05-13 00:05:42 [Thread-11] INFO  model.workers.Dealer - Dealer-0 sold a car
2026-05-13 00:05:42 [Thread-11] INFO  model.workers.Worker - Storage Update - Cars available: 9
2026-05-13 00:05:43 [Thread-4] INFO  model.workers.Supplier - Produced: Accessory-Type_0
2026-05-13 00:05:43 [Thread-5] INFO  model.workers.Supplier - Produced: Accessory-Type_1
2026-05-13 00:05:43 [Thread-6] INFO  model.workers.Supplier - Produced: Accessory-Type_2
2026-05-13 00:05:44 [Thread-9] INFO  model.workers.Worker - Worker-2 created Car ID: 29 (Accessories: 3)
2026-05-13 00:05:44 [Thread-9] INFO  model.workers.Worker - Storage Update - Cars available: 10
2026-05-13 00:05:44 [Thread-7] INFO  model.workers.Worker - Worker-0 created Car ID: 30 (Accessories: 3)
2026-05-13 00:05:44 [Thread-7] INFO  model.workers.Worker - Storage Update - Cars available: 11
2026-05-13 00:05:45 [Thread-11] INFO  model.workers.Dealer - Dealer-0 sold a car
2026-05-13 00:05:45 [Thread-11] INFO  model.workers.Worker - Storage Update - Cars available: 10
2026-05-13 00:05:45 [Thread-3] INFO  model.workers.Supplier - Produced: Engine
2026-05-13 00:05:45 [Thread-0] INFO  model.workers.Supplier - Produced: Body
2026-05-13 00:05:45 [Thread-2] INFO  model.workers.Supplier - Produced: Engine
2026-05-13 00:05:45 [Thread-1] INFO  model.workers.Supplier - Produced: Body
2026-05-13 00:05:45 [Thread-5] INFO  model.workers.Supplier - Produced: Accessory-Type_1
2026-05-13 00:05:45 [Thread-4] INFO  model.workers.Supplier - Produced: Accessory-Type_0
2026-05-13 00:05:45 [Thread-6] INFO  model.workers.Supplier - Produced: Accessory-Type_2
2026-05-13 00:05:47 [Thread-6] INFO  model.workers.Supplier - Produced: Accessory-Type_2
2026-05-13 00:05:47 [Thread-5] INFO  model.workers.Supplier - Produced: Accessory-Type_1
2026-05-13 00:05:47 [Thread-4] INFO  model.workers.Supplier - Produced: Accessory-Type_0
2026-05-13 00:05:48 [Thread-11] INFO  model.workers.Dealer - Dealer-0 sold a car
2026-05-13 00:05:48 [Thread-11] INFO  model.workers.Worker - Storage Update - Cars available: 9
2026-05-13 00:05:48 [Thread-8] INFO  model.workers.Worker - Worker-1 created Car ID: 31 (Accessories: 3)
2026-05-13 00:05:48 [Thread-8] INFO  model.workers.Worker - Storage Update - Cars available: 10
2026-05-13 00:05:48 [Thread-10] INFO  model.workers.Worker - Worker-3 created Car ID: 32 (Accessories: 3)
2026-05-13 00:05:48 [Thread-10] INFO  model.workers.Worker - Storage Update - Cars available: 11
2026-05-13 00:05:49 [Thread-2] INFO  model.workers.Supplier - Produced: Engine
2026-05-13 00:05:49 [Thread-1] INFO  model.workers.Supplier - Produced: Body
2026-05-13 00:05:49 [Thread-3] INFO  model.workers.Supplier - Produced: Engine
2026-05-13 00:05:49 [Thread-0] INFO  model.workers.Supplier - Produced: Body
2026-05-13 00:05:49 [Thread-5] INFO  model.workers.Supplier - Produced: Accessory-Type_1
2026-05-13 00:05:49 [Thread-4] INFO  model.workers.Supplier - Produced: Accessory-Type_0
2026-05-13 00:05:49 [Thread-6] INFO  model.workers.Supplier - Produced: Accessory-Type_2
2026-05-13 00:06:47 [AWT-EventQueue-0] INFO  model.workers.Worker - Loading configuration...
2026-05-13 00:06:47 [Thread-9] INFO  model.workers.Worker - Worker-2 started
2026-05-13 00:06:47 [Thread-7] INFO  model.workers.Worker - Worker-0 started
2026-05-13 00:06:47 [Thread-10] INFO  model.workers.Worker - Worker-3 started
2026-05-13 00:06:47 [Thread-8] INFO  model.workers.Worker - Worker-1 started
2026-05-13 00:06:47 [Thread-11] INFO  model.workers.Dealer - Dealer-0 started
2026-05-13 00:06:47 [AWT-EventQueue-0] INFO  model.workers.Worker - --- Factory System Initialized and Started ---
2026-05-13 00:06:49 [Thread-4] INFO  model.workers.Supplier - Produced: Accessory-Type_0
2026-05-13 00:06:49 [Thread-6] INFO  model.workers.Supplier - Produced: Accessory-Type_2
2026-05-13 00:06:49 [Thread-5] INFO  model.workers.Supplier - Produced: Accessory-Type_1
2026-05-13 00:06:50 [Thread-11] INFO  model.workers.Dealer - Dealer-0 sold a car
2026-05-13 00:06:51 [Thread-2] INFO  model.workers.Supplier - Produced: Engine
2026-05-13 00:06:51 [Thread-3] INFO  model.workers.Supplier - Produced: Engine
2026-05-13 00:06:51 [Thread-1] INFO  model.workers.Supplier - Produced: Body
2026-05-13 00:06:51 [Thread-0] INFO  model.workers.Supplier - Produced: Body
2026-05-13 00:06:51 [Thread-5] INFO  model.workers.Supplier - Produced: Accessory-Type_1
2026-05-13 00:06:51 [Thread-6] INFO  model.workers.Supplier - Produced: Accessory-Type_2
2026-05-13 00:06:51 [Thread-4] INFO  model.workers.Supplier - Produced: Accessory-Type_0
2026-05-13 00:06:53 [Thread-6] INFO  model.workers.Supplier - Produced: Accessory-Type_2
2026-05-13 00:06:53 [Thread-5] INFO  model.workers.Supplier - Produced: Accessory-Type_1
2026-05-13 00:06:53 [Thread-4] INFO  model.workers.Supplier - Produced: Accessory-Type_0
2026-05-13 00:06:54 [Thread-9] INFO  model.workers.Worker - Worker-2 created Car ID: 1 (Accessories: 3)
2026-05-13 00:06:54 [Thread-11] INFO  model.workers.Worker - Storage Update - Cars available: 0
2026-05-13 00:06:54 [Thread-9] INFO  model.workers.Worker - Storage Update - Cars available: 1
2026-05-13 00:06:54 [Thread-7] INFO  model.workers.Worker - Worker-0 created Car ID: 2 (Accessories: 3)
2026-05-13 00:06:54 [Thread-7] INFO  model.workers.Worker - Storage Update - Cars available: 1
2026-05-13 00:10:07 [AWT-EventQueue-0] INFO  model.workers.Worker - Loading configuration...
2026-05-13 00:10:07 [Thread-9] INFO  model.workers.Worker - Worker-2 started
2026-05-13 00:10:07 [Thread-11] INFO  model.workers.Dealer - Dealer-0 started
2026-05-13 00:10:07 [AWT-EventQueue-0] INFO  model.workers.Worker - --- Factory System Initialized and Started ---
2026-05-13 00:10:07 [Thread-8] INFO  model.workers.Worker - Worker-1 started
2026-05-13 00:10:07 [Thread-7] INFO  model.workers.Worker - Worker-0 started
2026-05-13 00:10:07 [Thread-10] INFO  model.workers.Worker - Worker-3 started
2026-05-13 00:10:09 [Thread-5] INFO  model.workers.Supplier - Produced: Accessory-Type_1
2026-05-13 00:10:09 [Thread-4] INFO  model.workers.Supplier - Produced: Accessory-Type_0
2026-05-13 00:10:09 [Thread-6] INFO  model.workers.Supplier - Produced: Accessory-Type_2
2026-05-13 00:10:10 [Thread-11] INFO  model.workers.Dealer - Dealer-0 sold a car
2026-05-13 00:10:11 [Thread-3] INFO  model.workers.Supplier - Produced: Engine
2026-05-13 00:10:11 [Thread-0] INFO  model.workers.Supplier - Produced: Body
2026-05-13 00:10:11 [Thread-2] INFO  model.workers.Supplier - Produced: Engine
2026-05-13 00:10:11 [Thread-1] INFO  model.workers.Supplier - Produced: Body
2026-05-13 00:10:11 [Thread-4] INFO  model.workers.Supplier - Produced: Accessory-Type_0
2026-05-13 00:10:11 [Thread-5] INFO  model.workers.Supplier - Produced: Accessory-Type_1
2026-05-13 00:10:11 [Thread-6] INFO  model.workers.Supplier - Produced: Accessory-Type_2
2026-05-13 00:10:13 [Thread-5] INFO  model.workers.Supplier - Produced: Accessory-Type_1
2026-05-13 00:10:13 [Thread-6] INFO  model.workers.Supplier - Produced: Accessory-Type_2
2026-05-13 00:10:13 [Thread-4] INFO  model.workers.Supplier - Produced: Accessory-Type_0
2026-05-13 00:10:14 [Thread-9] INFO  model.workers.Worker - Worker-2 created Car ID: 1 (Accessories: 3)
2026-05-13 00:10:14 [Thread-9] INFO  model.workers.Worker - Storage Update - Cars available: 1
2026-05-13 00:10:14 [Thread-11] INFO  model.workers.Worker - Storage Update - Cars available: 0
2026-05-13 00:10:14 [Thread-8] INFO  model.workers.Worker - Worker-1 created Car ID: 2 (Accessories: 3)
2026-05-13 00:10:14 [Thread-8] INFO  model.workers.Worker - Storage Update - Cars available: 1
2026-05-13 00:10:15 [Thread-0] INFO  model.workers.Supplier - Produced: Body
2026-05-13 00:10:15 [Thread-2] INFO  model.workers.Supplier - Produced: Engine
2026-05-13 00:10:15 [Thread-1] INFO  model.workers.Supplier - Produced: Body
2026-05-13 00:10:15 [Thread-3] INFO  model.workers.Supplier - Produced: Engine
2026-05-13 00:10:15 [Thread-5] INFO  model.workers.Supplier - Produced: Accessory-Type_1
2026-05-13 00:10:15 [Thread-4] INFO  model.workers.Supplier - Produced: Accessory-Type_0
2026-05-13 00:10:15 [Thread-6] INFO  model.workers.Supplier - Produced: Accessory-Type_2
2026-05-13 00:10:17 [Thread-11] INFO  model.workers.Dealer - Dealer-0 sold a car
2026-05-13 00:10:17 [Thread-11] INFO  model.workers.Worker - Storage Update - Cars available: 0
2026-05-13 00:10:17 [Thread-6] INFO  model.workers.Supplier - Produced: Accessory-Type_2
2026-05-13 00:10:17 [Thread-4] INFO  model.workers.Supplier - Produced: Accessory-Type_0
2026-05-13 00:10:17 [Thread-5] INFO  model.workers.Supplier - Produced: Accessory-Type_1
2026-05-13 00:10:18 [Thread-7] INFO  model.workers.Worker - Worker-0 created Car ID: 3 (Accessories: 3)
2026-05-13 00:10:18 [Thread-7] INFO  model.workers.Worker - Storage Update - Cars available: 1
2026-05-13 00:10:18 [Thread-10] INFO  model.workers.Worker - Worker-3 created Car ID: 4 (Accessories: 3)
2026-05-13 00:10:18 [Thread-10] INFO  model.workers.Worker - Storage Update - Cars available: 2
2026-05-13 00:10:19 [Thread-0] INFO  model.workers.Supplier - Produced: Body
2026-05-13 00:10:19 [Thread-1] INFO  model.workers.Supplier - Produced: Body
2026-05-13 00:10:19 [Thread-3] INFO  model.workers.Supplier - Produced: Engine
2026-05-13 00:10:19 [Thread-2] INFO  model.workers.Supplier - Produced: Engine
2026-05-13 00:10:19 [Thread-5] INFO  model.workers.Supplier - Produced: Accessory-Type_1
2026-05-13 00:10:19 [Thread-4] INFO  model.workers.Supplier - Produced: Accessory-Type_0
2026-05-13 00:10:19 [Thread-6] INFO  model.workers.Supplier - Produced: Accessory-Type_2
2026-05-13 01:30:38 [Thread-7] INFO  model.workers.Dealer - Dealer-0 started
2026-05-13 01:30:40 [Thread-6] INFO  model.workers.Supplier - Produced: Accessory-Type_2
2026-05-13 01:30:40 [Thread-5] INFO  model.workers.Supplier - Produced: Accessory-Type_1
2026-05-13 01:30:40 [Thread-4] INFO  model.workers.Supplier - Produced: Accessory-Type_0
2026-05-13 01:30:41 [Thread-7] INFO  model.workers.Dealer - Dealer-0 sold a car
2026-05-13 01:30:42 [Thread-0] INFO  model.workers.Supplier - Produced: Body
2026-05-13 01:30:42 [Thread-1] INFO  model.workers.Supplier - Produced: Body
2026-05-13 01:30:42 [Thread-3] INFO  model.workers.Supplier - Produced: Engine
2026-05-13 01:30:42 [Thread-2] INFO  model.workers.Supplier - Produced: Engine
2026-05-13 01:30:42 [Thread-4] INFO  model.workers.Supplier - Produced: Accessory-Type_0
2026-05-13 01:30:42 [Thread-6] INFO  model.workers.Supplier - Produced: Accessory-Type_2
2026-05-13 01:30:42 [Thread-5] INFO  model.workers.Supplier - Produced: Accessory-Type_1
2026-05-13 01:30:44 [Thread-6] INFO  model.workers.Supplier - Produced: Accessory-Type_2
2026-05-13 01:30:44 [Thread-5] INFO  model.workers.Supplier - Produced: Accessory-Type_1
2026-05-13 01:30:44 [Thread-4] INFO  model.workers.Supplier - Produced: Accessory-Type_0
2026-05-13 01:30:45 [Thread-7] INFO  model.workers.Dealer - Dealer-0 sold a car
2026-05-13 01:30:46 [Thread-0] INFO  model.workers.Supplier - Produced: Body
2026-05-13 01:30:46 [Thread-1] INFO  model.workers.Supplier - Produced: Body
2026-05-13 01:30:46 [Thread-2] INFO  model.workers.Supplier - Produced: Engine
2026-05-13 01:30:46 [Thread-3] INFO  model.workers.Supplier - Produced: Engine
2026-05-13 01:30:46 [Thread-5] INFO  model.workers.Supplier - Produced: Accessory-Type_1
2026-05-13 01:30:46 [Thread-6] INFO  model.workers.Supplier - Produced: Accessory-Type_2
2026-05-13 01:30:46 [Thread-4] INFO  model.workers.Supplier - Produced: Accessory-Type_0
2026-05-13 01:30:48 [Thread-7] INFO  model.workers.Dealer - Dealer-0 sold a car
2026-05-13 01:30:48 [Thread-6] INFO  model.workers.Supplier - Produced: Accessory-Type_2
2026-05-13 01:30:48 [Thread-4] INFO  model.workers.Supplier - Produced: Accessory-Type_0
2026-05-13 01:30:48 [Thread-5] INFO  model.workers.Supplier - Produced: Accessory-Type_1
2026-05-13 01:30:50 [Thread-0] INFO  model.workers.Supplier - Produced: Body
2026-05-13 01:30:50 [Thread-1] INFO  model.workers.Supplier - Produced: Body
2026-05-13 01:30:50 [Thread-3] INFO  model.workers.Supplier - Produced: Engine
2026-05-13 01:30:50 [Thread-2] INFO  model.workers.Supplier - Produced: Engine
2026-05-13 01:30:50 [Thread-5] INFO  model.workers.Supplier - Produced: Accessory-Type_1
2026-05-13 01:30:50 [Thread-6] INFO  model.workers.Supplier - Produced: Accessory-Type_2
2026-05-13 01:30:50 [Thread-4] INFO  model.workers.Supplier - Produced: Accessory-Type_0
2026-05-13 01:30:51 [Thread-7] INFO  model.workers.Dealer - Dealer-0 sold a car
2026-05-13 01:30:52 [Thread-6] INFO  model.workers.Supplier - Produced: Accessory-Type_2
2026-05-13 01:30:52 [Thread-4] INFO  model.workers.Supplier - Produced: Accessory-Type_0
2026-05-13 01:30:52 [Thread-5] INFO  model.workers.Supplier - Produced: Accessory-Type_1
2026-05-13 01:30:54 [Thread-1] INFO  model.workers.Supplier - Produced: Body
2026-05-13 01:30:54 [Thread-0] INFO  model.workers.Supplier - Produced: Body
2026-05-13 01:30:54 [Thread-2] INFO  model.workers.Supplier - Produced: Engine
2026-05-13 01:30:54 [Thread-3] INFO  model.workers.Supplier - Produced: Engine
2026-05-13 01:30:54 [Thread-7] INFO  model.workers.Dealer - Dealer-0 sold a car
2026-05-13 01:30:54 [Thread-5] INFO  model.workers.Supplier - Produced: Accessory-Type_1
2026-05-13 01:30:54 [Thread-4] INFO  model.workers.Supplier - Produced: Accessory-Type_0
2026-05-13 01:30:54 [Thread-6] INFO  model.workers.Supplier - Produced: Accessory-Type_2
2026-05-13 01:30:56 [Thread-4] INFO  model.workers.Supplier - Produced: Accessory-Type_0
2026-05-13 01:30:56 [Thread-5] INFO  model.workers.Supplier - Produced: Accessory-Type_1
2026-05-13 01:30:56 [Thread-6] INFO  model.workers.Supplier - Produced: Accessory-Type_2
2026-05-13 01:30:57 [Thread-7] INFO  model.workers.Dealer - Dealer-0 sold a car
2026-05-13 01:30:58 [Thread-1] INFO  model.workers.Supplier - Produced: Body
2026-05-13 01:30:58 [Thread-0] INFO  model.workers.Supplier - Produced: Body
2026-05-13 01:30:58 [Thread-2] INFO  model.workers.Supplier - Produced: Engine
2026-05-13 01:30:58 [Thread-3] INFO  model.workers.Supplier - Produced: Engine
2026-05-13 01:30:58 [Thread-4] INFO  model.workers.Supplier - Produced: Accessory-Type_0
2026-05-13 01:30:58 [Thread-5] INFO  model.workers.Supplier - Produced: Accessory-Type_1
2026-05-13 01:30:58 [Thread-6] INFO  model.workers.Supplier - Produced: Accessory-Type_2
2026-05-13 01:31:00 [Thread-7] INFO  model.workers.Dealer - Dealer-0 sold a car
2026-05-13 01:31:00 [Thread-4] INFO  model.workers.Supplier - Produced: Accessory-Type_0
2026-05-13 01:31:00 [Thread-6] INFO  model.workers.Supplier - Produced: Accessory-Type_2
2026-05-13 01:31:00 [Thread-5] INFO  model.workers.Supplier - Produced: Accessory-Type_1
2026-05-13 01:31:02 [Thread-1] INFO  model.workers.Supplier - Produced: Body
2026-05-13 01:31:02 [Thread-0] INFO  model.workers.Supplier - Produced: Body
2026-05-13 01:31:02 [Thread-2] INFO  model.workers.Supplier - Produced: Engine
2026-05-13 01:31:02 [Thread-3] INFO  model.workers.Supplier - Produced: Engine
2026-05-13 01:31:02 [Thread-4] INFO  model.workers.Supplier - Produced: Accessory-Type_0
2026-05-13 01:31:02 [Thread-6] INFO  model.workers.Supplier - Produced: Accessory-Type_2
2026-05-13 01:31:02 [Thread-5] INFO  model.workers.Supplier - Produced: Accessory-Type_1
2026-05-13 01:31:03 [Thread-7] INFO  model.workers.Dealer - Dealer-0 sold a car
2026-05-13 01:31:04 [Thread-4] INFO  model.workers.Supplier - Produced: Accessory-Type_0
2026-05-13 01:31:04 [Thread-5] INFO  model.workers.Supplier - Produced: Accessory-Type_1
2026-05-13 01:31:04 [Thread-6] INFO  model.workers.Supplier - Produced: Accessory-Type_2
2026-05-13 01:31:06 [Thread-1] INFO  model.workers.Supplier - Produced: Body
2026-05-13 01:31:06 [Thread-0] INFO  model.workers.Supplier - Produced: Body
2026-05-13 01:31:06 [Thread-3] INFO  model.workers.Supplier - Produced: Engine
2026-05-13 01:31:06 [Thread-2] INFO  model.workers.Supplier - Produced: Engine
2026-05-13 01:31:06 [Thread-7] INFO  model.workers.Dealer - Dealer-0 sold a car
2026-05-13 01:31:06 [Thread-4] INFO  model.workers.Supplier - Produced: Accessory-Type_0
2026-05-13 01:31:06 [Thread-5] INFO  model.workers.Supplier - Produced: Accessory-Type_1
2026-05-13 01:31:06 [Thread-6] INFO  model.workers.Supplier - Produced: Accessory-Type_2
2026-05-13 01:31:08 [Thread-4] INFO  model.workers.Supplier - Produced: Accessory-Type_0
2026-05-13 01:31:08 [Thread-6] INFO  model.workers.Supplier - Produced: Accessory-Type_2
2026-05-13 01:31:08 [Thread-5] INFO  model.workers.Supplier - Produced: Accessory-Type_1
2026-05-13 01:31:09 [Thread-7] INFO  model.workers.Dealer - Dealer-0 sold a car
2026-05-13 01:31:10 [Thread-0] INFO  model.workers.Supplier - Produced: Body
2026-05-13 01:31:10 [Thread-1] INFO  model.workers.Supplier - Produced: Body
2026-05-13 01:31:10 [Thread-3] INFO  model.workers.Supplier - Produced: Engine
2026-05-13 01:31:10 [Thread-2] INFO  model.workers.Supplier - Produced: Engine
2026-05-13 01:31:10 [Thread-4] INFO  model.workers.Supplier - Produced: Accessory-Type_0
2026-05-13 01:31:10 [Thread-5] INFO  model.workers.Supplier - Produced: Accessory-Type_1
2026-05-13 01:31:10 [Thread-6] INFO  model.workers.Supplier - Produced: Accessory-Type_2
2026-05-13 01:31:12 [Thread-7] INFO  model.workers.Dealer - Dealer-0 sold a car
2026-05-13 01:31:12 [Thread-4] INFO  model.workers.Supplier - Produced: Accessory-Type_0
2026-05-13 01:31:12 [Thread-5] INFO  model.workers.Supplier - Produced: Accessory-Type_1
2026-05-13 01:31:12 [Thread-6] INFO  model.workers.Supplier - Produced: Accessory-Type_2
2026-05-13 01:31:14 [Thread-0] INFO  model.workers.Supplier - Produced: Body
2026-05-13 01:31:14 [Thread-1] INFO  model.workers.Supplier - Produced: Body
2026-05-13 01:31:14 [Thread-3] INFO  model.workers.Supplier - Produced: Engine
2026-05-13 01:31:14 [Thread-2] INFO  model.workers.Supplier - Produced: Engine
2026-05-13 01:31:14 [Thread-4] INFO  model.workers.Supplier - Produced: Accessory-Type_0
2026-05-13 01:31:14 [Thread-6] INFO  model.workers.Supplier - Produced: Accessory-Type_2
2026-05-13 01:31:14 [Thread-5] INFO  model.workers.Supplier - Produced: Accessory-Type_1
2026-05-13 01:31:15 [Thread-7] INFO  model.workers.Dealer - Dealer-0 sold a car
2026-05-13 01:31:16 [Thread-4] INFO  model.workers.Supplier - Produced: Accessory-Type_0
2026-05-13 01:31:16 [Thread-5] INFO  model.workers.Supplier - Produced: Accessory-Type_1
2026-05-13 01:31:16 [Thread-6] INFO  model.workers.Supplier - Produced: Accessory-Type_2
2026-05-13 01:31:18 [Thread-0] INFO  model.workers.Supplier - Produced: Body
2026-05-13 01:31:18 [Thread-1] INFO  model.workers.Supplier - Produced: Body
2026-05-13 01:31:18 [Thread-3] INFO  model.workers.Supplier - Produced: Engine
2026-05-13 01:31:18 [Thread-2] INFO  model.workers.Supplier - Produced: Engine
2026-05-13 01:31:18 [Thread-7] INFO  model.workers.Dealer - Dealer-0 sold a car
2026-05-13 01:31:18 [Thread-4] INFO  model.workers.Supplier - Produced: Accessory-Type_0
2026-05-13 01:31:18 [Thread-6] INFO  model.workers.Supplier - Produced: Accessory-Type_2
2026-05-13 01:31:18 [Thread-5] INFO  model.workers.Supplier - Produced: Accessory-Type_1
2026-05-13 01:31:20 [Thread-4] INFO  model.workers.Supplier - Produced: Accessory-Type_0
2026-05-13 01:31:21 [Thread-6] INFO  model.workers.Supplier - Produced: Accessory-Type_2
2026-05-13 01:31:21 [Thread-5] INFO  model.workers.Supplier - Produced: Accessory-Type_1
2026-05-13 01:31:21 [Thread-7] INFO  model.workers.Dealer - Dealer-0 sold a car
2026-05-13 01:31:22 [Thread-0] INFO  model.workers.Supplier - Produced: Body
2026-05-13 01:31:22 [Thread-1] INFO  model.workers.Supplier - Produced: Body
2026-05-13 01:31:22 [Thread-2] INFO  model.workers.Supplier - Produced: Engine
2026-05-13 01:31:22 [Thread-3] INFO  model.workers.Supplier - Produced: Engine
2026-05-13 01:31:22 [Thread-4] INFO  model.workers.Supplier - Produced: Accessory-Type_0
2026-05-13 01:31:23 [Thread-6] INFO  model.workers.Supplier - Produced: Accessory-Type_2
2026-05-13 01:31:23 [Thread-5] INFO  model.workers.Supplier - Produced: Accessory-Type_1
2026-05-13 01:31:24 [Thread-7] INFO  model.workers.Dealer - Dealer-0 sold a car
2026-05-13 01:31:25 [Thread-4] INFO  model.workers.Supplier - Produced: Accessory-Type_0
2026-05-13 01:31:25 [Thread-5] INFO  model.workers.Supplier - Produced: Accessory-Type_1
2026-05-13 01:31:25 [Thread-6] INFO  model.workers.Supplier - Produced: Accessory-Type_2
2026-05-13 01:31:26 [Thread-1] INFO  model.workers.Supplier - Produced: Body
2026-05-13 01:31:26 [Thread-0] INFO  model.workers.Supplier - Produced: Body
2026-05-13 01:31:26 [Thread-2] INFO  model.workers.Supplier - Produced: Engine
2026-05-13 01:31:26 [Thread-3] INFO  model.workers.Supplier - Produced: Engine
2026-05-13 01:31:27 [Thread-4] INFO  model.workers.Supplier - Produced: Accessory-Type_0
2026-05-13 01:31:27 [Thread-5] INFO  model.workers.Supplier - Produced: Accessory-Type_1
2026-05-13 01:31:27 [Thread-6] INFO  model.workers.Supplier - Produced: Accessory-Type_2
2026-05-13 01:31:27 [Thread-7] INFO  model.workers.Dealer - Dealer-0 sold a car
2026-05-13 01:31:29 [Thread-4] INFO  model.workers.Supplier - Produced: Accessory-Type_0
2026-05-13 01:31:29 [Thread-5] INFO  model.workers.Supplier - Produced: Accessory-Type_1
2026-05-13 01:31:29 [Thread-6] INFO  model.workers.Supplier - Produced: Accessory-Type_2
2026-05-13 01:31:30 [Thread-1] INFO  model.workers.Supplier - Produced: Body
2026-05-13 01:31:30 [Thread-0] INFO  model.workers.Supplier - Produced: Body
2026-05-13 01:31:30 [Thread-2] INFO  model.workers.Supplier - Produced: Engine
2026-05-13 01:31:30 [Thread-3] INFO  model.workers.Supplier - Produced: Engine
2026-05-13 01:31:30 [Thread-7] INFO  model.workers.Dealer - Dealer-0 sold a car
2026-05-13 01:31:31 [Thread-4] INFO  model.workers.Supplier - Produced: Accessory-Type_0
2026-05-13 01:31:31 [Thread-5] INFO  model.workers.Supplier - Produced: Accessory-Type_1
2026-05-13 01:31:31 [Thread-6] INFO  model.workers.Supplier - Produced: Accessory-Type_2
2026-05-13 01:31:33 [Thread-4] INFO  model.workers.Supplier - Produced: Accessory-Type_0
2026-05-13 01:31:33 [Thread-6] INFO  model.workers.Supplier - Produced: Accessory-Type_2
2026-05-13 01:31:33 [Thread-5] INFO  model.workers.Supplier - Produced: Accessory-Type_1
2026-05-13 01:31:33 [Thread-7] INFO  model.workers.Dealer - Dealer-0 sold a car
2026-05-13 01:31:34 [Thread-1] INFO  model.workers.Supplier - Produced: Body
2026-05-13 01:31:34 [Thread-0] INFO  model.workers.Supplier - Produced: Body
2026-05-13 01:31:34 [Thread-3] INFO  model.workers.Supplier - Produced: Engine
2026-05-13 01:31:34 [Thread-2] INFO  model.workers.Supplier - Produced: Engine
2026-05-13 01:31:35 [Thread-4] INFO  model.workers.Supplier - Produced: Accessory-Type_0
2026-05-13 01:31:35 [Thread-6] INFO  model.workers.Supplier - Produced: Accessory-Type_2
2026-05-13 01:31:35 [Thread-5] INFO  model.workers.Supplier - Produced: Accessory-Type_1
2026-05-13 01:31:36 [Thread-7] INFO  model.workers.Dealer - Dealer-0 sold a car
2026-05-13 01:31:37 [Thread-4] INFO  model.workers.Supplier - Produced: Accessory-Type_0
2026-05-13 01:31:37 [Thread-5] INFO  model.workers.Supplier - Produced: Accessory-Type_1
2026-05-13 01:31:37 [Thread-6] INFO  model.workers.Supplier - Produced: Accessory-Type_2
2026-05-13 01:31:38 [Thread-1] INFO  model.workers.Supplier - Produced: Body
2026-05-13 01:31:38 [Thread-0] INFO  model.workers.Supplier - Produced: Body
2026-05-13 01:31:38 [Thread-3] INFO  model.workers.Supplier - Produced: Engine
2026-05-13 01:31:38 [Thread-2] INFO  model.workers.Supplier - Produced: Engine
2026-05-13 01:31:39 [Thread-4] INFO  model.workers.Supplier - Produced: Accessory-Type_0
2026-05-13 01:31:39 [Thread-5] INFO  model.workers.Supplier - Produced: Accessory-Type_1
2026-05-13 01:31:39 [Thread-6] INFO  model.workers.Supplier - Produced: Accessory-Type_2
2026-05-13 01:31:39 [Thread-7] INFO  model.workers.Dealer - Dealer-0 sold a car
2026-05-13 01:31:41 [Thread-4] INFO  model.workers.Supplier - Produced: Accessory-Type_0
2026-05-13 01:31:41 [Thread-6] INFO  model.workers.Supplier - Produced: Accessory-Type_2
2026-05-13 01:31:41 [Thread-5] INFO  model.workers.Supplier - Produced: Accessory-Type_1
2026-05-13 01:31:42 [Thread-1] INFO  model.workers.Supplier - Produced: Body
2026-05-13 01:31:42 [Thread-0] INFO  model.workers.Supplier - Produced: Body
2026-05-13 01:31:42 [Thread-2] INFO  model.workers.Supplier - Produced: Engine
2026-05-13 01:31:42 [Thread-3] INFO  model.workers.Supplier - Produced: Engine
2026-05-13 01:31:42 [Thread-7] INFO  model.workers.Dealer - Dealer-0 sold a car
2026-05-13 01:31:43 [Thread-4] INFO  model.workers.Supplier - Produced: Accessory-Type_0
2026-05-13 01:31:43 [Thread-5] INFO  model.workers.Supplier - Produced: Accessory-Type_1
2026-05-13 01:31:43 [Thread-6] INFO  model.workers.Supplier - Produced: Accessory-Type_2
2026-05-13 01:31:45 [Thread-4] INFO  model.workers.Supplier - Produced: Accessory-Type_0
2026-05-13 01:31:45 [Thread-6] INFO  model.workers.Supplier - Produced: Accessory-Type_2
2026-05-13 01:31:45 [Thread-5] INFO  model.workers.Supplier - Produced: Accessory-Type_1
2026-05-13 01:31:45 [Thread-7] INFO  model.workers.Dealer - Dealer-0 sold a car
2026-05-13 01:31:46 [Thread-1] INFO  model.workers.Supplier - Produced: Body
2026-05-13 01:31:46 [Thread-3] INFO  model.workers.Supplier - Produced: Engine
2026-05-13 01:31:46 [Thread-0] INFO  model.workers.Supplier - Produced: Body
2026-05-13 01:31:46 [Thread-2] INFO  model.workers.Supplier - Produced: Engine
2026-05-13 01:31:47 [Thread-4] INFO  model.workers.Supplier - Produced: Accessory-Type_0
2026-05-13 01:31:47 [Thread-5] INFO  model.workers.Supplier - Produced: Accessory-Type_1
2026-05-13 01:31:47 [Thread-6] INFO  model.workers.Supplier - Produced: Accessory-Type_2
2026-05-13 01:31:48 [Thread-7] INFO  model.workers.Dealer - Dealer-0 sold a car
2026-05-13 01:31:49 [Thread-4] INFO  model.workers.Supplier - Produced: Accessory-Type_0
2026-05-13 01:31:49 [Thread-6] INFO  model.workers.Supplier - Produced: Accessory-Type_2
2026-05-13 01:31:49 [Thread-5] INFO  model.workers.Supplier - Produced: Accessory-Type_1
2026-05-13 01:31:50 [Thread-1] INFO  model.workers.Supplier - Produced: Body
2026-05-13 01:31:50 [Thread-3] INFO  model.workers.Supplier - Produced: Engine
2026-05-13 01:31:50 [Thread-0] INFO  model.workers.Supplier - Produced: Body
2026-05-13 01:31:50 [Thread-2] INFO  model.workers.Supplier - Produced: Engine
2026-05-13 01:31:51 [Thread-4] INFO  model.workers.Supplier - Produced: Accessory-Type_0
2026-05-13 01:31:51 [Thread-6] INFO  model.workers.Supplier - Produced: Accessory-Type_2
2026-05-13 01:31:51 [Thread-5] INFO  model.workers.Supplier - Produced: Accessory-Type_1
2026-05-13 01:31:51 [Thread-7] INFO  model.workers.Dealer - Dealer-0 sold a car
2026-05-13 01:31:53 [Thread-4] INFO  model.workers.Supplier - Produced: Accessory-Type_0
2026-05-13 01:31:53 [Thread-6] INFO  model.workers.Supplier - Produced: Accessory-Type_2
2026-05-13 01:31:53 [Thread-5] INFO  model.workers.Supplier - Produced: Accessory-Type_1
2026-05-13 01:31:54 [Thread-1] INFO  model.workers.Supplier - Produced: Body
2026-05-13 01:31:54 [Thread-3] INFO  model.workers.Supplier - Produced: Engine
2026-05-13 01:31:54 [Thread-2] INFO  model.workers.Supplier - Produced: Engine
2026-05-13 01:31:54 [Thread-0] INFO  model.workers.Supplier - Produced: Body
2026-05-13 01:31:55 [Thread-7] INFO  model.workers.Dealer - Dealer-0 sold a car
2026-05-13 01:31:55 [Thread-4] INFO  model.workers.Supplier - Produced: Accessory-Type_0
2026-05-13 01:31:55 [Thread-5] INFO  model.workers.Supplier - Produced: Accessory-Type_1
2026-05-13 01:31:55 [Thread-6] INFO  model.workers.Supplier - Produced: Accessory-Type_2
2026-05-13 01:31:57 [Thread-4] INFO  model.workers.Supplier - Produced: Accessory-Type_0
2026-05-13 01:31:57 [Thread-6] INFO  model.workers.Supplier - Produced: Accessory-Type_2
2026-05-13 01:31:57 [Thread-5] INFO  model.workers.Supplier - Produced: Accessory-Type_1
2026-05-13 01:31:58 [Thread-7] INFO  model.workers.Dealer - Dealer-0 sold a car
2026-05-13 01:31:58 [Thread-1] INFO  model.workers.Supplier - Produced: Body
2026-05-13 01:31:58 [Thread-2] INFO  model.workers.Supplier - Produced: Engine
2026-05-13 01:31:58 [Thread-3] INFO  model.workers.Supplier - Produced: Engine
2026-05-13 01:31:58 [Thread-0] INFO  model.workers.Supplier - Produced: Body
2026-05-13 01:31:59 [Thread-4] INFO  model.workers.Supplier - Produced: Accessory-Type_0
2026-05-13 01:31:59 [Thread-6] INFO  model.workers.Supplier - Produced: Accessory-Type_2
2026-05-13 01:31:59 [Thread-5] INFO  model.workers.Supplier - Produced: Accessory-Type_1
2026-05-13 01:32:01 [Thread-7] INFO  model.workers.Dealer - Dealer-0 sold a car
2026-05-13 01:32:01 [Thread-4] INFO  model.workers.Supplier - Produced: Accessory-Type_0
2026-05-13 01:32:01 [Thread-6] INFO  model.workers.Supplier - Produced: Accessory-Type_2
2026-05-13 01:32:01 [Thread-5] INFO  model.workers.Supplier - Produced: Accessory-Type_1
2026-05-13 01:32:02 [Thread-1] INFO  model.workers.Supplier - Produced: Body
2026-05-13 01:32:02 [Thread-0] INFO  model.workers.Supplier - Produced: Body
2026-05-13 01:32:02 [Thread-3] INFO  model.workers.Supplier - Produced: Engine
2026-05-13 01:32:02 [Thread-2] INFO  model.workers.Supplier - Produced: Engine
2026-05-13 01:32:03 [Thread-4] INFO  model.workers.Supplier - Produced: Accessory-Type_0
2026-05-13 01:32:03 [Thread-6] INFO  model.workers.Supplier - Produced: Accessory-Type_2
2026-05-13 01:32:03 [Thread-5] INFO  model.workers.Supplier - Produced: Accessory-Type_1
2026-05-13 01:32:04 [Thread-7] INFO  model.workers.Dealer - Dealer-0 sold a car
2026-05-13 01:32:05 [Thread-4] INFO  model.workers.Supplier - Produced: Accessory-Type_0
2026-05-13 01:32:05 [Thread-6] INFO  model.workers.Supplier - Produced: Accessory-Type_2
2026-05-13 01:32:05 [Thread-5] INFO  model.workers.Supplier - Produced: Accessory-Type_1
2026-05-13 01:32:06 [Thread-1] INFO  model.workers.Supplier - Produced: Body
2026-05-13 01:32:06 [Thread-3] INFO  model.workers.Supplier - Produced: Engine
2026-05-13 01:32:06 [Thread-0] INFO  model.workers.Supplier - Produced: Body
2026-05-13 01:32:06 [Thread-2] INFO  model.workers.Supplier - Produced: Engine
2026-05-13 01:32:07 [Thread-7] INFO  model.workers.Dealer - Dealer-0 sold a car
2026-05-13 01:32:07 [Thread-4] INFO  model.workers.Supplier - Produced: Accessory-Type_0
2026-05-13 01:32:07 [Thread-6] INFO  model.workers.Supplier - Produced: Accessory-Type_2
2026-05-13 01:32:07 [Thread-5] INFO  model.workers.Supplier - Produced: Accessory-Type_1
2026-05-13 01:32:09 [Thread-4] INFO  model.workers.Supplier - Produced: Accessory-Type_0
2026-05-13 01:32:09 [Thread-6] INFO  model.workers.Supplier - Produced: Accessory-Type_2
2026-05-13 01:32:09 [Thread-5] INFO  model.workers.Supplier - Produced: Accessory-Type_1
2026-05-13 01:32:10 [Thread-7] INFO  model.workers.Dealer - Dealer-0 sold a car
2026-05-13 01:32:10 [Thread-1] INFO  model.workers.Supplier - Produced: Body
2026-05-13 01:32:10 [Thread-2] INFO  model.workers.Supplier - Produced: Engine
2026-05-13 01:32:10 [Thread-0] INFO  model.workers.Supplier - Produced: Body
2026-05-13 01:32:10 [Thread-3] INFO  model.workers.Supplier - Produced: Engine
2026-05-13 01:32:11 [Thread-4] INFO  model.workers.Supplier - Produced: Accessory-Type_0
2026-05-13 01:32:11 [Thread-5] INFO  model.workers.Supplier - Produced: Accessory-Type_1
2026-05-13 01:32:11 [Thread-6] INFO  model.workers.Supplier - Produced: Accessory-Type_2
2026-05-13 01:32:13 [Thread-7] INFO  model.workers.Dealer - Dealer-0 sold a car
2026-05-13 01:32:13 [Thread-4] INFO  model.workers.Supplier - Produced: Accessory-Type_0
2026-05-13 01:32:13 [Thread-6] INFO  model.workers.Supplier - Produced: Accessory-Type_2
2026-05-13 01:32:13 [Thread-5] INFO  model.workers.Supplier - Produced: Accessory-Type_1
2026-05-13 01:32:14 [Thread-1] INFO  model.workers.Supplier - Produced: Body
2026-05-13 01:32:14 [Thread-2] INFO  model.workers.Supplier - Produced: Engine
2026-05-13 01:32:14 [Thread-3] INFO  model.workers.Supplier - Produced: Engine
2026-05-13 01:32:14 [Thread-0] INFO  model.workers.Supplier - Produced: Body
2026-05-13 01:32:15 [Thread-4] INFO  model.workers.Supplier - Produced: Accessory-Type_0
2026-05-13 01:32:15 [Thread-6] INFO  model.workers.Supplier - Produced: Accessory-Type_2
2026-05-13 01:32:15 [Thread-5] INFO  model.workers.Supplier - Produced: Accessory-Type_1
2026-05-13 01:32:16 [Thread-7] INFO  model.workers.Dealer - Dealer-0 sold a car
2026-05-13 01:32:17 [Thread-4] INFO  model.workers.Supplier - Produced: Accessory-Type_0
2026-05-13 01:32:17 [Thread-5] INFO  model.workers.Supplier - Produced: Accessory-Type_1
2026-05-13 01:32:17 [Thread-6] INFO  model.workers.Supplier - Produced: Accessory-Type_2
2026-05-13 01:32:18 [Thread-1] INFO  model.workers.Supplier - Produced: Body
2026-05-13 01:32:18 [Thread-2] INFO  model.workers.Supplier - Produced: Engine
2026-05-13 01:32:18 [Thread-0] INFO  model.workers.Supplier - Produced: Body
2026-05-13 01:32:18 [Thread-3] INFO  model.workers.Supplier - Produced: Engine
2026-05-13 01:32:19 [Thread-7] INFO  model.workers.Dealer - Dealer-0 sold a car
2026-05-13 01:32:19 [Thread-4] INFO  model.workers.Supplier - Produced: Accessory-Type_0
2026-05-13 01:32:19 [Thread-5] INFO  model.workers.Supplier - Produced: Accessory-Type_1
2026-05-13 01:32:19 [Thread-6] INFO  model.workers.Supplier - Produced: Accessory-Type_2
2026-05-13 01:32:21 [Thread-4] INFO  model.workers.Supplier - Produced: Accessory-Type_0
2026-05-13 01:32:21 [Thread-5] INFO  model.workers.Supplier - Produced: Accessory-Type_1
2026-05-13 01:32:21 [Thread-6] INFO  model.workers.Supplier - Produced: Accessory-Type_2
2026-05-13 01:32:22 [Thread-7] INFO  model.workers.Dealer - Dealer-0 sold a car
2026-05-13 01:32:22 [Thread-1] INFO  model.workers.Supplier - Produced: Body
2026-05-13 01:32:22 [Thread-2] INFO  model.workers.Supplier - Produced: Engine
2026-05-13 01:32:22 [Thread-0] INFO  model.workers.Supplier - Produced: Body
2026-05-13 01:32:22 [Thread-3] INFO  model.workers.Supplier - Produced: Engine
2026-05-13 01:32:23 [Thread-4] INFO  model.workers.Supplier - Produced: Accessory-Type_0
2026-05-13 01:32:23 [Thread-5] INFO  model.workers.Supplier - Produced: Accessory-Type_1
2026-05-13 01:32:23 [Thread-6] INFO  model.workers.Supplier - Produced: Accessory-Type_2
2026-05-13 01:32:25 [Thread-7] INFO  model.workers.Dealer - Dealer-0 sold a car
2026-05-13 01:32:25 [Thread-4] INFO  model.workers.Supplier - Produced: Accessory-Type_0
2026-05-13 01:32:25 [Thread-5] INFO  model.workers.Supplier - Produced: Accessory-Type_1
2026-05-13 01:32:25 [Thread-6] INFO  model.workers.Supplier - Produced: Accessory-Type_2
2026-05-13 01:32:26 [Thread-1] INFO  model.workers.Supplier - Produced: Body
2026-05-13 01:32:27 [Thread-3] INFO  model.workers.Supplier - Produced: Engine
2026-05-13 01:32:27 [Thread-0] INFO  model.workers.Supplier - Produced: Body
2026-05-13 01:32:27 [Thread-2] INFO  model.workers.Supplier - Produced: Engine
2026-05-13 01:32:27 [Thread-4] INFO  model.workers.Supplier - Produced: Accessory-Type_0
2026-05-13 01:32:27 [Thread-6] INFO  model.workers.Supplier - Produced: Accessory-Type_2
2026-05-13 01:32:27 [Thread-5] INFO  model.workers.Supplier - Produced: Accessory-Type_1
2026-05-13 01:32:28 [Thread-7] INFO  model.workers.Dealer - Dealer-0 sold a car
2026-05-13 01:32:29 [Thread-4] INFO  model.workers.Supplier - Produced: Accessory-Type_0
2026-05-13 01:32:29 [Thread-5] INFO  model.workers.Supplier - Produced: Accessory-Type_1
2026-05-13 01:32:29 [Thread-6] INFO  model.workers.Supplier - Produced: Accessory-Type_2
2026-05-13 01:32:30 [Thread-1] INFO  model.workers.Supplier - Produced: Body
2026-05-13 01:32:31 [Thread-2] INFO  model.workers.Supplier - Produced: Engine
2026-05-13 01:32:31 [Thread-3] INFO  model.workers.Supplier - Produced: Engine
2026-05-13 01:32:31 [Thread-0] INFO  model.workers.Supplier - Produced: Body
2026-05-13 01:32:31 [Thread-7] INFO  model.workers.Dealer - Dealer-0 sold a car
2026-05-13 01:32:31 [Thread-4] INFO  model.workers.Supplier - Produced: Accessory-Type_0
2026-05-13 01:32:31 [Thread-6] INFO  model.workers.Supplier - Produced: Accessory-Type_2
2026-05-13 01:32:31 [Thread-5] INFO  model.workers.Supplier - Produced: Accessory-Type_1
2026-05-13 01:32:33 [Thread-4] INFO  model.workers.Supplier - Produced: Accessory-Type_0
2026-05-13 01:32:33 [Thread-6] INFO  model.workers.Supplier - Produced: Accessory-Type_2
2026-05-13 01:32:33 [Thread-5] INFO  model.workers.Supplier - Produced: Accessory-Type_1
2026-05-13 01:32:34 [Thread-7] INFO  model.workers.Dealer - Dealer-0 sold a car
2026-05-13 01:32:35 [Thread-1] INFO  model.workers.Supplier - Produced: Body
2026-05-13 01:32:35 [Thread-2] INFO  model.workers.Supplier - Produced: Engine
2026-05-13 01:32:35 [Thread-0] INFO  model.workers.Supplier - Produced: Body
2026-05-13 01:32:35 [Thread-3] INFO  model.workers.Supplier - Produced: Engine
2026-05-13 01:32:35 [Thread-4] INFO  model.workers.Supplier - Produced: Accessory-Type_0
2026-05-13 01:32:35 [Thread-6] INFO  model.workers.Supplier - Produced: Accessory-Type_2
2026-05-13 01:32:35 [Thread-5] INFO  model.workers.Supplier - Produced: Accessory-Type_1
2026-05-13 01:32:37 [Thread-7] INFO  model.workers.Dealer - Dealer-0 sold a car
2026-05-13 01:32:37 [Thread-4] INFO  model.workers.Supplier - Produced: Accessory-Type_0
2026-05-13 01:32:37 [Thread-6] INFO  model.workers.Supplier - Produced: Accessory-Type_2
2026-05-13 01:32:37 [Thread-5] INFO  model.workers.Supplier - Produced: Accessory-Type_1
2026-05-13 01:32:39 [Thread-1] INFO  model.workers.Supplier - Produced: Body
2026-05-13 01:32:39 [Thread-0] INFO  model.workers.Supplier - Produced: Body
2026-05-13 01:32:39 [Thread-3] INFO  model.workers.Supplier - Produced: Engine
2026-05-13 01:32:39 [Thread-2] INFO  model.workers.Supplier - Produced: Engine
2026-05-13 01:32:39 [Thread-4] INFO  model.workers.Supplier - Produced: Accessory-Type_0
2026-05-13 01:32:39 [Thread-5] INFO  model.workers.Supplier - Produced: Accessory-Type_1
2026-05-13 01:32:39 [Thread-6] INFO  model.workers.Supplier - Produced: Accessory-Type_2
2026-05-13 01:32:40 [Thread-7] INFO  model.workers.Dealer - Dealer-0 sold a car
2026-05-13 01:32:41 [Thread-4] INFO  model.workers.Supplier - Produced: Accessory-Type_0
2026-05-13 01:32:41 [Thread-6] INFO  model.workers.Supplier - Produced: Accessory-Type_2
2026-05-13 01:32:41 [Thread-5] INFO  model.workers.Supplier - Produced: Accessory-Type_1
2026-05-13 01:32:43 [Thread-1] INFO  model.workers.Supplier - Produced: Body
2026-05-13 01:32:43 [Thread-0] INFO  model.workers.Supplier - Produced: Body
2026-05-13 01:32:43 [Thread-2] INFO  model.workers.Supplier - Produced: Engine
2026-05-13 01:32:43 [Thread-3] INFO  model.workers.Supplier - Produced: Engine
2026-05-13 01:32:43 [Thread-7] INFO  model.workers.Dealer - Dealer-0 sold a car
2026-05-13 01:32:43 [Thread-4] INFO  model.workers.Supplier - Produced: Accessory-Type_0
2026-05-13 01:32:43 [Thread-5] INFO  model.workers.Supplier - Produced: Accessory-Type_1
2026-05-13 01:32:43 [Thread-6] INFO  model.workers.Supplier - Produced: Accessory-Type_2
2026-05-13 01:32:45 [Thread-4] INFO  model.workers.Supplier - Produced: Accessory-Type_0
2026-05-13 01:32:45 [Thread-5] INFO  model.workers.Supplier - Produced: Accessory-Type_1
2026-05-13 01:32:45 [Thread-6] INFO  model.workers.Supplier - Produced: Accessory-Type_2
2026-05-13 01:32:46 [Thread-7] INFO  model.workers.Dealer - Dealer-0 sold a car
2026-05-13 01:32:47 [Thread-1] INFO  model.workers.Supplier - Produced: Body
2026-05-13 01:32:47 [Thread-0] INFO  model.workers.Supplier - Produced: Body
2026-05-13 01:32:47 [Thread-3] INFO  model.workers.Supplier - Produced: Engine
2026-05-13 01:32:47 [Thread-2] INFO  model.workers.Supplier - Produced: Engine
2026-05-13 01:32:47 [Thread-4] INFO  model.workers.Supplier - Produced: Accessory-Type_0
2026-05-13 01:32:47 [Thread-6] INFO  model.workers.Supplier - Produced: Accessory-Type_2
2026-05-13 01:32:47 [Thread-5] INFO  model.workers.Supplier - Produced: Accessory-Type_1
2026-05-13 01:32:49 [Thread-7] INFO  model.workers.Dealer - Dealer-0 sold a car
2026-05-13 01:32:49 [Thread-4] INFO  model.workers.Supplier - Produced: Accessory-Type_0
2026-05-13 01:32:49 [Thread-6] INFO  model.workers.Supplier - Produced: Accessory-Type_2
2026-05-13 01:32:49 [Thread-5] INFO  model.workers.Supplier - Produced: Accessory-Type_1
2026-05-13 01:32:51 [Thread-1] INFO  model.workers.Supplier - Produced: Body
2026-05-13 01:32:51 [Thread-0] INFO  model.workers.Supplier - Produced: Body
2026-05-13 01:32:51 [Thread-2] INFO  model.workers.Supplier - Produced: Engine
2026-05-13 01:32:51 [Thread-3] INFO  model.workers.Supplier - Produced: Engine
2026-05-13 01:32:51 [Thread-4] INFO  model.workers.Supplier - Produced: Accessory-Type_0
2026-05-13 01:32:51 [Thread-5] INFO  model.workers.Supplier - Produced: Accessory-Type_1
2026-05-13 01:32:51 [Thread-6] INFO  model.workers.Supplier - Produced: Accessory-Type_2
2026-05-13 01:32:52 [Thread-7] INFO  model.workers.Dealer - Dealer-0 sold a car
2026-05-13 01:32:53 [Thread-4] INFO  model.workers.Supplier - Produced: Accessory-Type_0
2026-05-13 01:32:53 [Thread-5] INFO  model.workers.Supplier - Produced: Accessory-Type_1
2026-05-13 01:32:53 [Thread-6] INFO  model.workers.Supplier - Produced: Accessory-Type_2
2026-05-13 01:32:55 [Thread-1] INFO  model.workers.Supplier - Produced: Body
2026-05-13 01:32:55 [Thread-0] INFO  model.workers.Supplier - Produced: Body
2026-05-13 01:32:55 [Thread-3] INFO  model.workers.Supplier - Produced: Engine
2026-05-13 01:32:55 [Thread-2] INFO  model.workers.Supplier - Produced: Engine
2026-05-13 01:32:55 [Thread-7] INFO  model.workers.Dealer - Dealer-0 sold a car
2026-05-13 01:32:55 [Thread-4] INFO  model.workers.Supplier - Produced: Accessory-Type_0
2026-05-13 01:32:55 [Thread-5] INFO  model.workers.Supplier - Produced: Accessory-Type_1
2026-05-13 01:32:55 [Thread-6] INFO  model.workers.Supplier - Produced: Accessory-Type_2
2026-05-13 01:32:57 [Thread-4] INFO  model.workers.Supplier - Produced: Accessory-Type_0
2026-05-13 01:32:57 [Thread-5] INFO  model.workers.Supplier - Produced: Accessory-Type_1
2026-05-13 01:32:57 [Thread-6] INFO  model.workers.Supplier - Produced: Accessory-Type_2
2026-05-13 01:32:58 [Thread-7] INFO  model.workers.Dealer - Dealer-0 sold a car
2026-05-13 01:32:59 [Thread-1] INFO  model.workers.Supplier - Produced: Body
2026-05-13 01:32:59 [Thread-0] INFO  model.workers.Supplier - Produced: Body
2026-05-13 01:32:59 [Thread-2] INFO  model.workers.Supplier - Produced: Engine
2026-05-13 01:32:59 [Thread-3] INFO  model.workers.Supplier - Produced: Engine
2026-05-13 01:32:59 [Thread-4] INFO  model.workers.Supplier - Produced: Accessory-Type_0
2026-05-13 01:32:59 [Thread-6] INFO  model.workers.Supplier - Produced: Accessory-Type_2
2026-05-13 01:32:59 [Thread-5] INFO  model.workers.Supplier - Produced: Accessory-Type_1
2026-05-13 01:33:01 [Thread-7] INFO  model.workers.Dealer - Dealer-0 sold a car
2026-05-13 01:33:01 [Thread-4] INFO  model.workers.Supplier - Produced: Accessory-Type_0
2026-05-13 01:33:01 [Thread-6] INFO  model.workers.Supplier - Produced: Accessory-Type_2
2026-05-13 01:33:01 [Thread-5] INFO  model.workers.Supplier - Produced: Accessory-Type_1
2026-05-13 01:33:03 [Thread-1] INFO  model.workers.Supplier - Produced: Body
2026-05-13 01:33:03 [Thread-3] INFO  model.workers.Supplier - Produced: Engine
2026-05-13 01:33:03 [Thread-0] INFO  model.workers.Supplier - Produced: Body
2026-05-13 01:33:03 [Thread-2] INFO  model.workers.Supplier - Produced: Engine
2026-05-13 01:33:03 [Thread-4] INFO  model.workers.Supplier - Produced: Accessory-Type_0
2026-05-13 01:33:03 [Thread-5] INFO  model.workers.Supplier - Produced: Accessory-Type_1
2026-05-13 01:33:03 [Thread-6] INFO  model.workers.Supplier - Produced: Accessory-Type_2
2026-05-13 01:33:04 [Thread-7] INFO  model.workers.Dealer - Dealer-0 sold a car
2026-05-13 01:33:05 [Thread-4] INFO  model.workers.Supplier - Produced: Accessory-Type_0
2026-05-13 01:33:05 [Thread-6] INFO  model.workers.Supplier - Produced: Accessory-Type_2
2026-05-13 01:33:05 [Thread-5] INFO  model.workers.Supplier - Produced: Accessory-Type_1
2026-05-13 01:33:07 [Thread-1] INFO  model.workers.Supplier - Produced: Body
2026-05-13 01:33:07 [Thread-2] INFO  model.workers.Supplier - Produced: Engine
2026-05-13 01:33:07 [Thread-0] INFO  model.workers.Supplier - Produced: Body
2026-05-13 01:33:07 [Thread-3] INFO  model.workers.Supplier - Produced: Engine
2026-05-13 01:33:07 [Thread-7] INFO  model.workers.Dealer - Dealer-0 sold a car
2026-05-13 01:33:07 [Thread-4] INFO  model.workers.Supplier - Produced: Accessory-Type_0
2026-05-13 01:33:07 [Thread-6] INFO  model.workers.Supplier - Produced: Accessory-Type_2
2026-05-13 01:33:07 [Thread-5] INFO  model.workers.Supplier - Produced: Accessory-Type_1
2026-05-13 01:33:09 [Thread-4] INFO  model.workers.Supplier - Produced: Accessory-Type_0
2026-05-13 01:33:09 [Thread-6] INFO  model.workers.Supplier - Produced: Accessory-Type_2
2026-05-13 01:33:09 [Thread-5] INFO  model.workers.Supplier - Produced: Accessory-Type_1
2026-05-13 01:33:10 [Thread-7] INFO  model.workers.Dealer - Dealer-0 sold a car
2026-05-13 01:33:11 [Thread-1] INFO  model.workers.Supplier - Produced: Body
2026-05-13 01:33:11 [Thread-3] INFO  model.workers.Supplier - Produced: Engine
2026-05-13 01:33:11 [Thread-0] INFO  model.workers.Supplier - Produced: Body
2026-05-13 01:33:11 [Thread-2] INFO  model.workers.Supplier - Produced: Engine
2026-05-13 01:33:11 [Thread-4] INFO  model.workers.Supplier - Produced: Accessory-Type_0
2026-05-13 01:33:11 [Thread-6] INFO  model.workers.Supplier - Produced: Accessory-Type_2
2026-05-13 01:33:11 [Thread-5] INFO  model.workers.Supplier - Produced: Accessory-Type_1
2026-05-13 01:33:13 [Thread-7] INFO  model.workers.Dealer - Dealer-0 sold a car
2026-05-13 01:33:13 [Thread-4] INFO  model.workers.Supplier - Produced: Accessory-Type_0
2026-05-13 01:33:13 [Thread-6] INFO  model.workers.Supplier - Produced: Accessory-Type_2
2026-05-13 01:33:13 [Thread-5] INFO  model.workers.Supplier - Produced: Accessory-Type_1
2026-05-13 01:33:15 [Thread-1] INFO  model.workers.Supplier - Produced: Body
2026-05-13 01:33:15 [Thread-0] INFO  model.workers.Supplier - Produced: Body
2026-05-13 01:33:15 [Thread-2] INFO  model.workers.Supplier - Produced: Engine
2026-05-13 01:33:15 [Thread-3] INFO  model.workers.Supplier - Produced: Engine
2026-05-13 01:33:15 [Thread-4] INFO  model.workers.Supplier - Produced: Accessory-Type_0
2026-05-13 01:33:15 [Thread-5] INFO  model.workers.Supplier - Produced: Accessory-Type_1
2026-05-13 01:33:15 [Thread-6] INFO  model.workers.Supplier - Produced: Accessory-Type_2
2026-05-13 01:33:16 [Thread-7] INFO  model.workers.Dealer - Dealer-0 sold a car
2026-05-13 01:33:17 [Thread-4] INFO  model.workers.Supplier - Produced: Accessory-Type_0
2026-05-13 01:33:17 [Thread-6] INFO  model.workers.Supplier - Produced: Accessory-Type_2
2026-05-13 01:33:17 [Thread-5] INFO  model.workers.Supplier - Produced: Accessory-Type_1
2026-05-13 01:33:19 [Thread-1] INFO  model.workers.Supplier - Produced: Body
2026-05-13 01:33:19 [Thread-0] INFO  model.workers.Supplier - Produced: Body
2026-05-13 01:33:19 [Thread-2] INFO  model.workers.Supplier - Produced: Engine
2026-05-13 01:33:19 [Thread-3] INFO  model.workers.Supplier - Produced: Engine
2026-05-13 01:33:19 [Thread-7] INFO  model.workers.Dealer - Dealer-0 sold a car
2026-05-13 01:33:19 [Thread-4] INFO  model.workers.Supplier - Produced: Accessory-Type_0
2026-05-13 01:33:19 [Thread-5] INFO  model.workers.Supplier - Produced: Accessory-Type_1
2026-05-13 01:33:19 [Thread-6] INFO  model.workers.Supplier - Produced: Accessory-Type_2
2026-05-13 01:33:21 [Thread-4] INFO  model.workers.Supplier - Produced: Accessory-Type_0
2026-05-13 01:33:21 [Thread-6] INFO  model.workers.Supplier - Produced: Accessory-Type_2
2026-05-13 01:33:21 [Thread-5] INFO  model.workers.Supplier - Produced: Accessory-Type_1
2026-05-13 01:33:22 [Thread-7] INFO  model.workers.Dealer - Dealer-0 sold a car
2026-05-13 01:33:23 [Thread-1] INFO  model.workers.Supplier - Produced: Body
2026-05-13 01:33:23 [Thread-0] INFO  model.workers.Supplier - Produced: Body
2026-05-13 01:33:23 [Thread-3] INFO  model.workers.Supplier - Produced: Engine
2026-05-13 01:33:23 [Thread-2] INFO  model.workers.Supplier - Produced: Engine
2026-05-13 01:33:23 [Thread-4] INFO  model.workers.Supplier - Produced: Accessory-Type_0
2026-05-13 01:33:23 [Thread-5] INFO  model.workers.Supplier - Produced: Accessory-Type_1
2026-05-13 01:33:23 [Thread-6] INFO  model.workers.Supplier - Produced: Accessory-Type_2
2026-05-13 01:33:25 [Thread-7] INFO  model.workers.Dealer - Dealer-0 sold a car
2026-05-13 01:33:25 [Thread-4] INFO  model.workers.Supplier - Produced: Accessory-Type_0
2026-05-13 01:33:25 [Thread-6] INFO  model.workers.Supplier - Produced: Accessory-Type_2
2026-05-13 01:33:25 [Thread-5] INFO  model.workers.Supplier - Produced: Accessory-Type_1
2026-05-13 01:33:27 [Thread-1] INFO  model.workers.Supplier - Produced: Body
2026-05-13 01:33:27 [Thread-0] INFO  model.workers.Supplier - Produced: Body
2026-05-13 01:33:27 [Thread-2] INFO  model.workers.Supplier - Produced: Engine
2026-05-13 01:33:27 [Thread-3] INFO  model.workers.Supplier - Produced: Engine
2026-05-13 01:33:27 [Thread-4] INFO  model.workers.Supplier - Produced: Accessory-Type_0
2026-05-13 01:33:27 [Thread-6] INFO  model.workers.Supplier - Produced: Accessory-Type_2
2026-05-13 01:33:27 [Thread-5] INFO  model.workers.Supplier - Produced: Accessory-Type_1
2026-05-13 01:33:28 [Thread-7] INFO  model.workers.Dealer - Dealer-0 sold a car
2026-05-13 01:33:29 [Thread-4] INFO  model.workers.Supplier - Produced: Accessory-Type_0
2026-05-13 01:33:29 [Thread-5] INFO  model.workers.Supplier - Produced: Accessory-Type_1
2026-05-13 01:33:29 [Thread-6] INFO  model.workers.Supplier - Produced: Accessory-Type_2
2026-05-13 01:33:31 [Thread-1] INFO  model.workers.Supplier - Produced: Body
2026-05-13 01:33:31 [Thread-0] INFO  model.workers.Supplier - Produced: Body
2026-05-13 01:33:31 [Thread-2] INFO  model.workers.Supplier - Produced: Engine
2026-05-13 01:33:31 [Thread-3] INFO  model.workers.Supplier - Produced: Engine
2026-05-13 01:33:31 [Thread-7] INFO  model.workers.Dealer - Dealer-0 sold a car
2026-05-13 01:33:31 [Thread-4] INFO  model.workers.Supplier - Produced: Accessory-Type_0
2026-05-13 01:33:31 [Thread-5] INFO  model.workers.Supplier - Produced: Accessory-Type_1
2026-05-13 01:33:31 [Thread-6] INFO  model.workers.Supplier - Produced: Accessory-Type_2
2026-05-13 01:39:43 [Thread-7] INFO  model.workers.Dealer - Dealer-0 started
2026-05-13 01:39:45 [Thread-5] INFO  model.workers.Supplier - Produced: Accessory-Type_1
2026-05-13 01:39:45 [Thread-4] INFO  model.workers.Supplier - Produced: Accessory-Type_0
2026-05-13 01:39:45 [Thread-6] INFO  model.workers.Supplier - Produced: Accessory-Type_2
2026-05-13 01:39:47 [Thread-2] INFO  model.workers.Supplier - Produced: Engine
2026-05-13 01:39:47 [Thread-3] INFO  model.workers.Supplier - Produced: Engine
2026-05-13 01:39:47 [Thread-1] INFO  model.workers.Supplier - Produced: Body
2026-05-13 01:39:47 [Thread-0] INFO  model.workers.Supplier - Produced: Body
2026-05-13 01:39:47 [Thread-7] INFO  model.workers.Dealer - Dealer-0 sold a car
2026-05-13 01:39:47 [Thread-6] INFO  model.workers.Supplier - Produced: Accessory-Type_2
2026-05-13 01:39:47 [Thread-5] INFO  model.workers.Supplier - Produced: Accessory-Type_1
2026-05-13 01:39:47 [Thread-4] INFO  model.workers.Supplier - Produced: Accessory-Type_0
2026-05-13 01:39:49 [Thread-5] INFO  model.workers.Supplier - Produced: Accessory-Type_1
2026-05-13 01:39:49 [Thread-4] INFO  model.workers.Supplier - Produced: Accessory-Type_0
2026-05-13 01:39:49 [Thread-6] INFO  model.workers.Supplier - Produced: Accessory-Type_2
2026-05-13 01:39:50 [Thread-7] INFO  model.workers.Dealer - Dealer-0 sold a car
2026-05-13 01:39:51 [Thread-2] INFO  model.workers.Supplier - Produced: Engine
2026-05-13 01:39:51 [Thread-0] INFO  model.workers.Supplier - Produced: Body
2026-05-13 01:39:51 [Thread-3] INFO  model.workers.Supplier - Produced: Engine
2026-05-13 01:39:51 [Thread-1] INFO  model.workers.Supplier - Produced: Body
2026-05-13 01:39:51 [Thread-4] INFO  model.workers.Supplier - Produced: Accessory-Type_0
2026-05-13 01:39:51 [Thread-6] INFO  model.workers.Supplier - Produced: Accessory-Type_2
2026-05-13 01:39:51 [Thread-5] INFO  model.workers.Supplier - Produced: Accessory-Type_1
2026-05-13 01:39:53 [Thread-7] INFO  model.workers.Dealer - Dealer-0 sold a car
2026-05-13 01:39:53 [Thread-4] INFO  model.workers.Supplier - Produced: Accessory-Type_0
2026-05-13 01:39:53 [Thread-6] INFO  model.workers.Supplier - Produced: Accessory-Type_2
2026-05-13 01:39:53 [Thread-5] INFO  model.workers.Supplier - Produced: Accessory-Type_1
2026-05-13 01:39:55 [Thread-3] INFO  model.workers.Supplier - Produced: Engine
2026-05-13 01:39:55 [Thread-1] INFO  model.workers.Supplier - Produced: Body
2026-05-13 01:39:55 [Thread-2] INFO  model.workers.Supplier - Produced: Engine
2026-05-13 01:39:55 [Thread-0] INFO  model.workers.Supplier - Produced: Body
2026-05-13 01:39:55 [Thread-5] INFO  model.workers.Supplier - Produced: Accessory-Type_1
2026-05-13 01:39:55 [Thread-6] INFO  model.workers.Supplier - Produced: Accessory-Type_2
2026-05-13 01:39:55 [Thread-4] INFO  model.workers.Supplier - Produced: Accessory-Type_0
2026-05-13 01:39:56 [Thread-7] INFO  model.workers.Dealer - Dealer-0 sold a car
2026-05-13 01:39:57 [Thread-5] INFO  model.workers.Supplier - Produced: Accessory-Type_1
2026-05-13 01:39:57 [Thread-4] INFO  model.workers.Supplier - Produced: Accessory-Type_0
2026-05-13 01:39:57 [Thread-6] INFO  model.workers.Supplier - Produced: Accessory-Type_2
2026-05-13 01:39:59 [Thread-2] INFO  model.workers.Supplier - Produced: Engine
2026-05-13 01:39:59 [Thread-0] INFO  model.workers.Supplier - Produced: Body
2026-05-13 01:39:59 [Thread-3] INFO  model.workers.Supplier - Produced: Engine
2026-05-13 01:39:59 [Thread-1] INFO  model.workers.Supplier - Produced: Body
2026-05-13 01:39:59 [Thread-7] INFO  model.workers.Dealer - Dealer-0 sold a car
2026-05-13 01:39:59 [Thread-5] INFO  model.workers.Supplier - Produced: Accessory-Type_1
2026-05-13 01:39:59 [Thread-6] INFO  model.workers.Supplier - Produced: Accessory-Type_2
2026-05-13 01:39:59 [Thread-4] INFO  model.workers.Supplier - Produced: Accessory-Type_0
2026-05-13 01:40:01 [Thread-5] INFO  model.workers.Supplier - Produced: Accessory-Type_1
2026-05-13 01:40:01 [Thread-4] INFO  model.workers.Supplier - Produced: Accessory-Type_0
2026-05-13 01:40:01 [Thread-6] INFO  model.workers.Supplier - Produced: Accessory-Type_2
2026-05-13 01:40:02 [Thread-7] INFO  model.workers.Dealer - Dealer-0 sold a car
2026-05-13 01:40:03 [Thread-2] INFO  model.workers.Supplier - Produced: Engine
2026-05-13 01:40:03 [Thread-0] INFO  model.workers.Supplier - Produced: Body
2026-05-13 01:40:03 [Thread-3] INFO  model.workers.Supplier - Produced: Engine
2026-05-13 01:40:03 [Thread-1] INFO  model.workers.Supplier - Produced: Body
2026-05-13 01:40:03 [Thread-5] INFO  model.workers.Supplier - Produced: Accessory-Type_1
2026-05-13 01:40:03 [Thread-4] INFO  model.workers.Supplier - Produced: Accessory-Type_0
2026-05-13 01:40:03 [Thread-6] INFO  model.workers.Supplier - Produced: Accessory-Type_2
2026-05-13 01:40:05 [Thread-7] INFO  model.workers.Dealer - Dealer-0 sold a car
2026-05-13 01:40:05 [Thread-6] INFO  model.workers.Supplier - Produced: Accessory-Type_2
2026-05-13 01:40:05 [Thread-5] INFO  model.workers.Supplier - Produced: Accessory-Type_1
2026-05-13 01:40:05 [Thread-4] INFO  model.workers.Supplier - Produced: Accessory-Type_0
2026-05-13 01:40:07 [Thread-3] INFO  model.workers.Supplier - Produced: Engine
2026-05-13 01:40:07 [Thread-2] INFO  model.workers.Supplier - Produced: Engine
2026-05-13 01:40:07 [Thread-0] INFO  model.workers.Supplier - Produced: Body
2026-05-13 01:40:07 [Thread-1] INFO  model.workers.Supplier - Produced: Body
2026-05-13 01:40:07 [Thread-4] INFO  model.workers.Supplier - Produced: Accessory-Type_0
2026-05-13 01:40:07 [Thread-6] INFO  model.workers.Supplier - Produced: Accessory-Type_2
2026-05-13 01:40:07 [Thread-5] INFO  model.workers.Supplier - Produced: Accessory-Type_1
2026-05-13 01:40:08 [Thread-7] INFO  model.workers.Dealer - Dealer-0 sold a car
2026-05-13 01:40:09 [Thread-5] INFO  model.workers.Supplier - Produced: Accessory-Type_1
2026-05-13 01:40:09 [Thread-4] INFO  model.workers.Supplier - Produced: Accessory-Type_0
2026-05-13 01:40:09 [Thread-6] INFO  model.workers.Supplier - Produced: Accessory-Type_2
2026-05-13 01:40:11 [Thread-2] INFO  model.workers.Supplier - Produced: Engine
2026-05-13 01:40:11 [Thread-3] INFO  model.workers.Supplier - Produced: Engine
2026-05-13 01:40:11 [Thread-0] INFO  model.workers.Supplier - Produced: Body
2026-05-13 01:40:11 [Thread-1] INFO  model.workers.Supplier - Produced: Body
2026-05-13 01:40:11 [Thread-7] INFO  model.workers.Dealer - Dealer-0 sold a car
2026-05-13 01:40:11 [Thread-6] INFO  model.workers.Supplier - Produced: Accessory-Type_2
2026-05-13 01:40:11 [Thread-5] INFO  model.workers.Supplier - Produced: Accessory-Type_1
2026-05-13 01:40:11 [Thread-4] INFO  model.workers.Supplier - Produced: Accessory-Type_0
2026-05-13 01:40:13 [Thread-5] INFO  model.workers.Supplier - Produced: Accessory-Type_1
2026-05-13 01:40:13 [Thread-4] INFO  model.workers.Supplier - Produced: Accessory-Type_0
2026-05-13 01:40:13 [Thread-6] INFO  model.workers.Supplier - Produced: Accessory-Type_2
2026-05-13 01:40:14 [Thread-7] INFO  model.workers.Dealer - Dealer-0 sold a car
2026-05-13 01:40:15 [Thread-2] INFO  model.workers.Supplier - Produced: Engine
2026-05-13 01:40:15 [Thread-0] INFO  model.workers.Supplier - Produced: Body
2026-05-13 01:40:15 [Thread-3] INFO  model.workers.Supplier - Produced: Engine
2026-05-13 01:40:15 [Thread-1] INFO  model.workers.Supplier - Produced: Body
2026-05-13 01:40:15 [Thread-5] INFO  model.workers.Supplier - Produced: Accessory-Type_1
2026-05-13 01:40:15 [Thread-4] INFO  model.workers.Supplier - Produced: Accessory-Type_0
2026-05-13 01:40:15 [Thread-6] INFO  model.workers.Supplier - Produced: Accessory-Type_2
2026-05-13 01:40:17 [Thread-7] INFO  model.workers.Dealer - Dealer-0 sold a car
2026-05-13 01:40:17 [Thread-6] INFO  model.workers.Supplier - Produced: Accessory-Type_2
2026-05-13 01:40:17 [Thread-5] INFO  model.workers.Supplier - Produced: Accessory-Type_1
2026-05-13 01:40:17 [Thread-4] INFO  model.workers.Supplier - Produced: Accessory-Type_0
2026-05-13 01:40:19 [Thread-1] INFO  model.workers.Supplier - Produced: Body
2026-05-13 01:40:19 [Thread-3] INFO  model.workers.Supplier - Produced: Engine
2026-05-13 01:40:19 [Thread-2] INFO  model.workers.Supplier - Produced: Engine
2026-05-13 01:40:19 [Thread-0] INFO  model.workers.Supplier - Produced: Body
2026-05-13 01:40:19 [Thread-6] INFO  model.workers.Supplier - Produced: Accessory-Type_2
2026-05-13 01:40:19 [Thread-4] INFO  model.workers.Supplier - Produced: Accessory-Type_0
2026-05-13 01:40:19 [Thread-5] INFO  model.workers.Supplier - Produced: Accessory-Type_1
2026-05-13 01:40:20 [Thread-7] INFO  model.workers.Dealer - Dealer-0 sold a car
2026-05-13 01:40:21 [Thread-4] INFO  model.workers.Supplier - Produced: Accessory-Type_0
2026-05-13 01:40:21 [Thread-6] INFO  model.workers.Supplier - Produced: Accessory-Type_2
2026-05-13 01:40:21 [Thread-5] INFO  model.workers.Supplier - Produced: Accessory-Type_1
2026-05-13 01:40:23 [Thread-1] INFO  model.workers.Supplier - Produced: Body
2026-05-13 01:40:23 [Thread-0] INFO  model.workers.Supplier - Produced: Body
2026-05-13 01:40:23 [Thread-3] INFO  model.workers.Supplier - Produced: Engine
2026-05-13 01:40:23 [Thread-2] INFO  model.workers.Supplier - Produced: Engine
2026-05-13 01:40:23 [Thread-7] INFO  model.workers.Dealer - Dealer-0 sold a car
2026-05-13 01:40:23 [Thread-4] INFO  model.workers.Supplier - Produced: Accessory-Type_0
2026-05-13 01:40:23 [Thread-5] INFO  model.workers.Supplier - Produced: Accessory-Type_1
2026-05-13 01:40:23 [Thread-6] INFO  model.workers.Supplier - Produced: Accessory-Type_2
2026-05-13 01:40:25 [Thread-5] INFO  model.workers.Supplier - Produced: Accessory-Type_1
2026-05-13 01:40:25 [Thread-6] INFO  model.workers.Supplier - Produced: Accessory-Type_2
2026-05-13 01:40:25 [Thread-4] INFO  model.workers.Supplier - Produced: Accessory-Type_0
2026-05-13 01:40:26 [Thread-7] INFO  model.workers.Dealer - Dealer-0 sold a car
2026-05-13 01:40:27 [Thread-0] INFO  model.workers.Supplier - Produced: Body
2026-05-13 01:40:27 [Thread-2] INFO  model.workers.Supplier - Produced: Engine
2026-05-13 01:40:27 [Thread-3] INFO  model.workers.Supplier - Produced: Engine
2026-05-13 01:40:27 [Thread-1] INFO  model.workers.Supplier - Produced: Body
2026-05-13 01:40:27 [Thread-4] INFO  model.workers.Supplier - Produced: Accessory-Type_0
2026-05-13 01:40:27 [Thread-6] INFO  model.workers.Supplier - Produced: Accessory-Type_2
2026-05-13 01:40:27 [Thread-5] INFO  model.workers.Supplier - Produced: Accessory-Type_1
2026-05-13 01:40:29 [Thread-7] INFO  model.workers.Dealer - Dealer-0 sold a car
2026-05-13 01:40:29 [Thread-4] INFO  model.workers.Supplier - Produced: Accessory-Type_0
2026-05-13 01:40:29 [Thread-5] INFO  model.workers.Supplier - Produced: Accessory-Type_1
2026-05-13 01:40:29 [Thread-6] INFO  model.workers.Supplier - Produced: Accessory-Type_2
2026-05-13 01:40:31 [Thread-2] INFO  model.workers.Supplier - Produced: Engine
2026-05-13 01:40:31 [Thread-3] INFO  model.workers.Supplier - Produced: Engine
2026-05-13 01:40:31 [Thread-0] INFO  model.workers.Supplier - Produced: Body
2026-05-13 01:40:31 [Thread-1] INFO  model.workers.Supplier - Produced: Body
2026-05-13 01:40:31 [Thread-4] INFO  model.workers.Supplier - Produced: Accessory-Type_0
2026-05-13 01:40:31 [Thread-6] INFO  model.workers.Supplier - Produced: Accessory-Type_2
2026-05-13 01:40:31 [Thread-5] INFO  model.workers.Supplier - Produced: Accessory-Type_1
2026-05-13 01:40:32 [Thread-7] INFO  model.workers.Dealer - Dealer-0 sold a car
2026-05-13 01:40:33 [Thread-4] INFO  model.workers.Supplier - Produced: Accessory-Type_0
2026-05-13 01:40:33 [Thread-6] INFO  model.workers.Supplier - Produced: Accessory-Type_2
2026-05-13 01:40:33 [Thread-5] INFO  model.workers.Supplier - Produced: Accessory-Type_1
2026-05-13 01:40:35 [Thread-3] INFO  model.workers.Supplier - Produced: Engine
2026-05-13 01:40:35 [Thread-0] INFO  model.workers.Supplier - Produced: Body
2026-05-13 01:40:35 [Thread-2] INFO  model.workers.Supplier - Produced: Engine
2026-05-13 01:40:35 [Thread-1] INFO  model.workers.Supplier - Produced: Body
2026-05-13 01:40:35 [Thread-7] INFO  model.workers.Dealer - Dealer-0 sold a car
2026-05-13 01:40:35 [Thread-4] INFO  model.workers.Supplier - Produced: Accessory-Type_0
2026-05-13 01:40:35 [Thread-5] INFO  model.workers.Supplier - Produced: Accessory-Type_1
2026-05-13 01:40:35 [Thread-6] INFO  model.workers.Supplier - Produced: Accessory-Type_2
2026-05-13 01:40:37 [Thread-4] INFO  model.workers.Supplier - Produced: Accessory-Type_0
2026-05-13 01:40:37 [Thread-6] INFO  model.workers.Supplier - Produced: Accessory-Type_2
2026-05-13 01:40:37 [Thread-5] INFO  model.workers.Supplier - Produced: Accessory-Type_1
2026-05-13 01:40:38 [Thread-7] INFO  model.workers.Dealer - Dealer-0 sold a car
2026-05-13 01:40:39 [Thread-2] INFO  model.workers.Supplier - Produced: Engine
2026-05-13 01:40:39 [Thread-1] INFO  model.workers.Supplier - Produced: Body
2026-05-13 01:40:39 [Thread-3] INFO  model.workers.Supplier - Produced: Engine
2026-05-13 01:40:39 [Thread-0] INFO  model.workers.Supplier - Produced: Body
2026-05-13 01:40:39 [Thread-4] INFO  model.workers.Supplier - Produced: Accessory-Type_0
2026-05-13 01:40:39 [Thread-5] INFO  model.workers.Supplier - Produced: Accessory-Type_1
2026-05-13 01:40:39 [Thread-6] INFO  model.workers.Supplier - Produced: Accessory-Type_2
2026-05-13 01:40:41 [Thread-7] INFO  model.workers.Dealer - Dealer-0 sold a car
2026-05-13 01:40:41 [Thread-4] INFO  model.workers.Supplier - Produced: Accessory-Type_0
2026-05-13 01:40:41 [Thread-5] INFO  model.workers.Supplier - Produced: Accessory-Type_1
2026-05-13 01:40:41 [Thread-6] INFO  model.workers.Supplier - Produced: Accessory-Type_2
2026-05-13 01:40:43 [Thread-0] INFO  model.workers.Supplier - Produced: Body
2026-05-13 01:40:43 [Thread-3] INFO  model.workers.Supplier - Produced: Engine
2026-05-13 01:40:43 [Thread-1] INFO  model.workers.Supplier - Produced: Body
2026-05-13 01:40:43 [Thread-2] INFO  model.workers.Supplier - Produced: Engine
2026-05-13 01:40:43 [Thread-4] INFO  model.workers.Supplier - Produced: Accessory-Type_0
2026-05-13 01:40:43 [Thread-6] INFO  model.workers.Supplier - Produced: Accessory-Type_2
2026-05-13 01:40:43 [Thread-5] INFO  model.workers.Supplier - Produced: Accessory-Type_1
2026-05-13 01:40:44 [Thread-7] INFO  model.workers.Dealer - Dealer-0 sold a car
2026-05-13 01:40:45 [Thread-4] INFO  model.workers.Supplier - Produced: Accessory-Type_0
2026-05-13 01:40:45 [Thread-5] INFO  model.workers.Supplier - Produced: Accessory-Type_1
2026-05-13 01:40:45 [Thread-6] INFO  model.workers.Supplier - Produced: Accessory-Type_2
2026-05-13 01:40:47 [Thread-2] INFO  model.workers.Supplier - Produced: Engine
2026-05-13 01:40:47 [Thread-0] INFO  model.workers.Supplier - Produced: Body
2026-05-13 01:40:47 [Thread-3] INFO  model.workers.Supplier - Produced: Engine
2026-05-13 01:40:47 [Thread-1] INFO  model.workers.Supplier - Produced: Body
2026-05-13 01:40:47 [Thread-7] INFO  model.workers.Dealer - Dealer-0 sold a car
2026-05-13 01:40:47 [Thread-4] INFO  model.workers.Supplier - Produced: Accessory-Type_0
2026-05-13 01:40:47 [Thread-6] INFO  model.workers.Supplier - Produced: Accessory-Type_2
2026-05-13 01:40:47 [Thread-5] INFO  model.workers.Supplier - Produced: Accessory-Type_1
2026-05-13 01:40:49 [Thread-4] INFO  model.workers.Supplier - Produced: Accessory-Type_0
2026-05-13 01:40:49 [Thread-6] INFO  model.workers.Supplier - Produced: Accessory-Type_2
2026-05-13 01:40:49 [Thread-5] INFO  model.workers.Supplier - Produced: Accessory-Type_1
2026-05-13 01:40:50 [Thread-7] INFO  model.workers.Dealer - Dealer-0 sold a car
2026-05-13 01:40:51 [Thread-2] INFO  model.workers.Supplier - Produced: Engine
2026-05-13 01:40:51 [Thread-0] INFO  model.workers.Supplier - Produced: Body
2026-05-13 01:40:51 [Thread-3] INFO  model.workers.Supplier - Produced: Engine
2026-05-13 01:40:51 [Thread-1] INFO  model.workers.Supplier - Produced: Body
2026-05-13 01:40:51 [Thread-4] INFO  model.workers.Supplier - Produced: Accessory-Type_0
2026-05-13 01:40:51 [Thread-6] INFO  model.workers.Supplier - Produced: Accessory-Type_2
2026-05-13 01:40:51 [Thread-5] INFO  model.workers.Supplier - Produced: Accessory-Type_1
2026-05-13 01:40:53 [Thread-7] INFO  model.workers.Dealer - Dealer-0 sold a car
2026-05-13 01:40:53 [Thread-4] INFO  model.workers.Supplier - Produced: Accessory-Type_0
2026-05-13 01:40:53 [Thread-6] INFO  model.workers.Supplier - Produced: Accessory-Type_2
2026-05-13 01:40:53 [Thread-5] INFO  model.workers.Supplier - Produced: Accessory-Type_1
2026-05-13 01:40:55 [Thread-2] INFO  model.workers.Supplier - Produced: Engine
2026-05-13 01:40:55 [Thread-0] INFO  model.workers.Supplier - Produced: Body
2026-05-13 01:40:55 [Thread-1] INFO  model.workers.Supplier - Produced: Body
2026-05-13 01:40:55 [Thread-3] INFO  model.workers.Supplier - Produced: Engine
2026-05-13 01:40:55 [Thread-4] INFO  model.workers.Supplier - Produced: Accessory-Type_0
2026-05-13 01:40:55 [Thread-5] INFO  model.workers.Supplier - Produced: Accessory-Type_1
2026-05-13 01:40:55 [Thread-6] INFO  model.workers.Supplier - Produced: Accessory-Type_2
2026-05-13 01:40:56 [Thread-7] INFO  model.workers.Dealer - Dealer-0 sold a car
2026-05-13 01:40:57 [Thread-4] INFO  model.workers.Supplier - Produced: Accessory-Type_0
2026-05-13 01:40:57 [Thread-6] INFO  model.workers.Supplier - Produced: Accessory-Type_2
2026-05-13 01:40:57 [Thread-5] INFO  model.workers.Supplier - Produced: Accessory-Type_1
2026-05-13 01:40:59 [Thread-2] INFO  model.workers.Supplier - Produced: Engine
2026-05-13 01:40:59 [Thread-0] INFO  model.workers.Supplier - Produced: Body
2026-05-13 01:40:59 [Thread-3] INFO  model.workers.Supplier - Produced: Engine
2026-05-13 01:40:59 [Thread-1] INFO  model.workers.Supplier - Produced: Body
2026-05-13 01:40:59 [Thread-7] INFO  model.workers.Dealer - Dealer-0 sold a car
2026-05-13 01:40:59 [Thread-4] INFO  model.workers.Supplier - Produced: Accessory-Type_0
2026-05-13 01:40:59 [Thread-5] INFO  model.workers.Supplier - Produced: Accessory-Type_1
2026-05-13 01:40:59 [Thread-6] INFO  model.workers.Supplier - Produced: Accessory-Type_2
2026-05-13 01:41:01 [Thread-4] INFO  model.workers.Supplier - Produced: Accessory-Type_0
2026-05-13 01:41:01 [Thread-5] INFO  model.workers.Supplier - Produced: Accessory-Type_1
2026-05-13 01:41:01 [Thread-6] INFO  model.workers.Supplier - Produced: Accessory-Type_2
2026-05-13 01:41:02 [Thread-7] INFO  model.workers.Dealer - Dealer-0 sold a car
2026-05-13 01:41:03 [Thread-1] INFO  model.workers.Supplier - Produced: Body
2026-05-13 01:41:03 [Thread-3] INFO  model.workers.Supplier - Produced: Engine
2026-05-13 01:41:03 [Thread-2] INFO  model.workers.Supplier - Produced: Engine
2026-05-13 01:41:03 [Thread-0] INFO  model.workers.Supplier - Produced: Body
2026-05-13 01:41:03 [Thread-4] INFO  model.workers.Supplier - Produced: Accessory-Type_0
2026-05-13 01:41:03 [Thread-6] INFO  model.workers.Supplier - Produced: Accessory-Type_2
2026-05-13 01:41:03 [Thread-5] INFO  model.workers.Supplier - Produced: Accessory-Type_1
2026-05-13 01:41:05 [Thread-7] INFO  model.workers.Dealer - Dealer-0 sold a car
2026-05-13 01:41:05 [Thread-4] INFO  model.workers.Supplier - Produced: Accessory-Type_0
2026-05-13 01:41:05 [Thread-6] INFO  model.workers.Supplier - Produced: Accessory-Type_2
2026-05-13 01:41:05 [Thread-5] INFO  model.workers.Supplier - Produced: Accessory-Type_1
2026-05-13 01:41:07 [Thread-3] INFO  model.workers.Supplier - Produced: Engine
2026-05-13 01:41:07 [Thread-0] INFO  model.workers.Supplier - Produced: Body
2026-05-13 01:41:07 [Thread-2] INFO  model.workers.Supplier - Produced: Engine
2026-05-13 01:41:07 [Thread-1] INFO  model.workers.Supplier - Produced: Body
2026-05-13 01:41:07 [Thread-4] INFO  model.workers.Supplier - Produced: Accessory-Type_0
2026-05-13 01:41:07 [Thread-6] INFO  model.workers.Supplier - Produced: Accessory-Type_2
2026-05-13 01:41:07 [Thread-5] INFO  model.workers.Supplier - Produced: Accessory-Type_1
2026-05-13 01:41:08 [Thread-7] INFO  model.workers.Dealer - Dealer-0 sold a car
2026-05-13 01:41:09 [Thread-4] INFO  model.workers.Supplier - Produced: Accessory-Type_0
2026-05-13 01:41:09 [Thread-6] INFO  model.workers.Supplier - Produced: Accessory-Type_2
2026-05-13 01:41:09 [Thread-5] INFO  model.workers.Supplier - Produced: Accessory-Type_1
2026-05-13 01:41:11 [Thread-0] INFO  model.workers.Supplier - Produced: Body
2026-05-13 01:41:11 [Thread-2] INFO  model.workers.Supplier - Produced: Engine
2026-05-13 01:41:11 [Thread-3] INFO  model.workers.Supplier - Produced: Engine
2026-05-13 01:41:11 [Thread-1] INFO  model.workers.Supplier - Produced: Body
2026-05-13 01:41:11 [Thread-7] INFO  model.workers.Dealer - Dealer-0 sold a car
2026-05-13 01:41:11 [Thread-4] INFO  model.workers.Supplier - Produced: Accessory-Type_0
2026-05-13 01:41:11 [Thread-5] INFO  model.workers.Supplier - Produced: Accessory-Type_1
2026-05-13 01:41:11 [Thread-6] INFO  model.workers.Supplier - Produced: Accessory-Type_2
2026-05-13 01:41:52 [Thread-7] INFO  model.workers.Dealer - Dealer-0 started
2026-05-13 01:41:54 [Thread-4] INFO  model.workers.Supplier - Produced: Accessory-Type_0
2026-05-13 01:41:54 [Thread-6] INFO  model.workers.Supplier - Produced: Accessory-Type_2
2026-05-13 01:41:54 [Thread-5] INFO  model.workers.Supplier - Produced: Accessory-Type_1
2026-05-13 01:41:56 [Thread-0] INFO  model.workers.Supplier - Produced: Body
2026-05-13 01:41:56 [Thread-1] INFO  model.workers.Supplier - Produced: Body
2026-05-13 01:41:56 [Thread-2] INFO  model.workers.Supplier - Produced: Engine
2026-05-13 01:41:56 [Thread-3] INFO  model.workers.Supplier - Produced: Engine
2026-05-13 01:41:56 [Thread-7] INFO  model.workers.Dealer - Dealer-0 sold a car
2026-05-13 01:41:56 [Thread-5] INFO  model.workers.Supplier - Produced: Accessory-Type_1
2026-05-13 01:41:56 [Thread-4] INFO  model.workers.Supplier - Produced: Accessory-Type_0
2026-05-13 01:41:56 [Thread-6] INFO  model.workers.Supplier - Produced: Accessory-Type_2
2026-05-13 01:41:58 [Thread-4] INFO  model.workers.Supplier - Produced: Accessory-Type_0
2026-05-13 01:41:58 [Thread-5] INFO  model.workers.Supplier - Produced: Accessory-Type_1
2026-05-13 01:41:58 [Thread-6] INFO  model.workers.Supplier - Produced: Accessory-Type_2
2026-05-13 01:41:59 [Thread-7] INFO  model.workers.Dealer - Dealer-0 sold a car
2026-05-13 01:42:00 [Thread-1] INFO  model.workers.Supplier - Produced: Body
2026-05-13 01:42:00 [Thread-0] INFO  model.workers.Supplier - Produced: Body
2026-05-13 01:42:00 [Thread-2] INFO  model.workers.Supplier - Produced: Engine
2026-05-13 01:42:00 [Thread-3] INFO  model.workers.Supplier - Produced: Engine
2026-05-13 01:42:00 [Thread-6] INFO  model.workers.Supplier - Produced: Accessory-Type_2
2026-05-13 01:42:00 [Thread-4] INFO  model.workers.Supplier - Produced: Accessory-Type_0
2026-05-13 01:42:00 [Thread-5] INFO  model.workers.Supplier - Produced: Accessory-Type_1
2026-05-13 01:42:02 [Thread-7] INFO  model.workers.Dealer - Dealer-0 sold a car
2026-05-13 01:42:02 [Thread-6] INFO  model.workers.Supplier - Produced: Accessory-Type_2
2026-05-13 01:42:02 [Thread-4] INFO  model.workers.Supplier - Produced: Accessory-Type_0
2026-05-13 01:42:02 [Thread-5] INFO  model.workers.Supplier - Produced: Accessory-Type_1
2026-05-13 01:42:04 [Thread-3] INFO  model.workers.Supplier - Produced: Engine
2026-05-13 01:42:04 [Thread-2] INFO  model.workers.Supplier - Produced: Engine
2026-05-13 01:42:04 [Thread-1] INFO  model.workers.Supplier - Produced: Body
2026-05-13 01:42:04 [Thread-0] INFO  model.workers.Supplier - Produced: Body
2026-05-13 01:42:04 [Thread-5] INFO  model.workers.Supplier - Produced: Accessory-Type_1
2026-05-13 01:42:04 [Thread-6] INFO  model.workers.Supplier - Produced: Accessory-Type_2
2026-05-13 01:42:04 [Thread-4] INFO  model.workers.Supplier - Produced: Accessory-Type_0
2026-05-13 01:42:05 [Thread-7] INFO  model.workers.Dealer - Dealer-0 sold a car
2026-05-13 01:42:06 [Thread-6] INFO  model.workers.Supplier - Produced: Accessory-Type_2
2026-05-13 01:42:06 [Thread-4] INFO  model.workers.Supplier - Produced: Accessory-Type_0
2026-05-13 01:42:06 [Thread-5] INFO  model.workers.Supplier - Produced: Accessory-Type_1
2026-05-13 01:42:08 [Thread-1] INFO  model.workers.Supplier - Produced: Body
2026-05-13 01:42:08 [Thread-2] INFO  model.workers.Supplier - Produced: Engine
2026-05-13 01:42:08 [Thread-0] INFO  model.workers.Supplier - Produced: Body
2026-05-13 01:42:08 [Thread-7] INFO  model.workers.Dealer - Dealer-0 sold a car
2026-05-13 01:42:08 [Thread-3] INFO  model.workers.Supplier - Produced: Engine
2026-05-13 01:42:08 [Thread-5] INFO  model.workers.Supplier - Produced: Accessory-Type_1
2026-05-13 01:42:08 [Thread-6] INFO  model.workers.Supplier - Produced: Accessory-Type_2
2026-05-13 01:42:08 [Thread-4] INFO  model.workers.Supplier - Produced: Accessory-Type_0
2026-05-13 01:42:10 [Thread-4] INFO  model.workers.Supplier - Produced: Accessory-Type_0
2026-05-13 01:42:10 [Thread-5] INFO  model.workers.Supplier - Produced: Accessory-Type_1
2026-05-13 01:42:10 [Thread-6] INFO  model.workers.Supplier - Produced: Accessory-Type_2
2026-05-13 01:42:11 [Thread-7] INFO  model.workers.Dealer - Dealer-0 sold a car
2026-05-13 01:42:12 [Thread-2] INFO  model.workers.Supplier - Produced: Engine
2026-05-13 01:42:12 [Thread-0] INFO  model.workers.Supplier - Produced: Body
2026-05-13 01:42:12 [Thread-1] INFO  model.workers.Supplier - Produced: Body
2026-05-13 01:42:12 [Thread-3] INFO  model.workers.Supplier - Produced: Engine
2026-05-13 01:42:12 [Thread-5] INFO  model.workers.Supplier - Produced: Accessory-Type_1
2026-05-13 01:42:12 [Thread-4] INFO  model.workers.Supplier - Produced: Accessory-Type_0
2026-05-13 01:42:12 [Thread-6] INFO  model.workers.Supplier - Produced: Accessory-Type_2
2026-05-13 01:42:14 [Thread-7] INFO  model.workers.Dealer - Dealer-0 sold a car
2026-05-13 01:42:14 [Thread-5] INFO  model.workers.Supplier - Produced: Accessory-Type_1
2026-05-13 01:42:14 [Thread-4] INFO  model.workers.Supplier - Produced: Accessory-Type_0
2026-05-13 01:42:14 [Thread-6] INFO  model.workers.Supplier - Produced: Accessory-Type_2
2026-05-13 01:42:16 [Thread-1] INFO  model.workers.Supplier - Produced: Body
2026-05-13 01:42:16 [Thread-3] INFO  model.workers.Supplier - Produced: Engine
2026-05-13 01:42:16 [Thread-2] INFO  model.workers.Supplier - Produced: Engine
2026-05-13 01:42:16 [Thread-0] INFO  model.workers.Supplier - Produced: Body
2026-05-13 01:42:16 [Thread-4] INFO  model.workers.Supplier - Produced: Accessory-Type_0
2026-05-13 01:42:16 [Thread-6] INFO  model.workers.Supplier - Produced: Accessory-Type_2
2026-05-13 01:42:16 [Thread-5] INFO  model.workers.Supplier - Produced: Accessory-Type_1
2026-05-13 01:42:17 [Thread-7] INFO  model.workers.Dealer - Dealer-0 sold a car
2026-05-13 01:42:18 [Thread-4] INFO  model.workers.Supplier - Produced: Accessory-Type_0
2026-05-13 01:42:18 [Thread-6] INFO  model.workers.Supplier - Produced: Accessory-Type_2
2026-05-13 01:42:18 [Thread-5] INFO  model.workers.Supplier - Produced: Accessory-Type_1
2026-05-13 01:42:20 [Thread-7] INFO  model.workers.Dealer - Dealer-0 sold a car
2026-05-13 01:42:20 [Thread-0] INFO  model.workers.Supplier - Produced: Body
2026-05-13 01:42:20 [Thread-2] INFO  model.workers.Supplier - Produced: Engine
2026-05-13 01:42:20 [Thread-3] INFO  model.workers.Supplier - Produced: Engine
2026-05-13 01:42:20 [Thread-1] INFO  model.workers.Supplier - Produced: Body
2026-05-13 01:42:20 [Thread-6] INFO  model.workers.Supplier - Produced: Accessory-Type_2
2026-05-13 01:42:20 [Thread-4] INFO  model.workers.Supplier - Produced: Accessory-Type_0
2026-05-13 01:42:20 [Thread-5] INFO  model.workers.Supplier - Produced: Accessory-Type_1
2026-05-13 01:42:22 [Thread-5] INFO  model.workers.Supplier - Produced: Accessory-Type_1
2026-05-13 01:42:22 [Thread-4] INFO  model.workers.Supplier - Produced: Accessory-Type_0
2026-05-13 01:42:22 [Thread-6] INFO  model.workers.Supplier - Produced: Accessory-Type_2
2026-05-13 01:42:23 [Thread-7] INFO  model.workers.Dealer - Dealer-0 sold a car
2026-05-13 01:42:24 [Thread-2] INFO  model.workers.Supplier - Produced: Engine
2026-05-13 01:42:24 [Thread-3] INFO  model.workers.Supplier - Produced: Engine
2026-05-13 01:42:24 [Thread-0] INFO  model.workers.Supplier - Produced: Body
2026-05-13 01:42:24 [Thread-1] INFO  model.workers.Supplier - Produced: Body
2026-05-13 01:42:24 [Thread-5] INFO  model.workers.Supplier - Produced: Accessory-Type_1
2026-05-13 01:42:24 [Thread-4] INFO  model.workers.Supplier - Produced: Accessory-Type_0
2026-05-13 01:42:24 [Thread-6] INFO  model.workers.Supplier - Produced: Accessory-Type_2
2026-05-13 01:42:26 [Thread-7] INFO  model.workers.Dealer - Dealer-0 sold a car
2026-05-13 01:42:26 [Thread-5] INFO  model.workers.Supplier - Produced: Accessory-Type_1
2026-05-13 01:42:26 [Thread-4] INFO  model.workers.Supplier - Produced: Accessory-Type_0
2026-05-13 01:42:26 [Thread-6] INFO  model.workers.Supplier - Produced: Accessory-Type_2
2026-05-13 01:42:28 [Thread-1] INFO  model.workers.Supplier - Produced: Body
2026-05-13 01:42:28 [Thread-2] INFO  model.workers.Supplier - Produced: Engine
2026-05-13 01:42:28 [Thread-0] INFO  model.workers.Supplier - Produced: Body
2026-05-13 01:42:28 [Thread-3] INFO  model.workers.Supplier - Produced: Engine
2026-05-13 01:42:28 [Thread-5] INFO  model.workers.Supplier - Produced: Accessory-Type_1
2026-05-13 01:42:28 [Thread-6] INFO  model.workers.Supplier - Produced: Accessory-Type_2
2026-05-13 01:42:28 [Thread-4] INFO  model.workers.Supplier - Produced: Accessory-Type_0
2026-05-13 01:42:29 [Thread-7] INFO  model.workers.Dealer - Dealer-0 sold a car
2026-05-13 01:42:30 [Thread-5] INFO  model.workers.Supplier - Produced: Accessory-Type_1
2026-05-13 01:42:30 [Thread-6] INFO  model.workers.Supplier - Produced: Accessory-Type_2
2026-05-13 01:42:30 [Thread-4] INFO  model.workers.Supplier - Produced: Accessory-Type_0
2026-05-13 01:42:32 [Thread-0] INFO  model.workers.Supplier - Produced: Body
2026-05-13 01:42:32 [Thread-3] INFO  model.workers.Supplier - Produced: Engine
2026-05-13 01:42:32 [Thread-2] INFO  model.workers.Supplier - Produced: Engine
2026-05-13 01:42:32 [Thread-1] INFO  model.workers.Supplier - Produced: Body
2026-05-13 01:42:32 [Thread-7] INFO  model.workers.Dealer - Dealer-0 sold a car
2026-05-13 01:42:32 [Thread-5] INFO  model.workers.Supplier - Produced: Accessory-Type_1
2026-05-13 01:42:32 [Thread-6] INFO  model.workers.Supplier - Produced: Accessory-Type_2
2026-05-13 01:42:32 [Thread-4] INFO  model.workers.Supplier - Produced: Accessory-Type_0
2026-05-13 01:42:34 [Thread-4] INFO  model.workers.Supplier - Produced: Accessory-Type_0
2026-05-13 01:42:34 [Thread-6] INFO  model.workers.Supplier - Produced: Accessory-Type_2
2026-05-13 01:42:34 [Thread-5] INFO  model.workers.Supplier - Produced: Accessory-Type_1
2026-05-13 01:42:35 [Thread-7] INFO  model.workers.Dealer - Dealer-0 sold a car
2026-05-13 01:42:36 [Thread-2] INFO  model.workers.Supplier - Produced: Engine
2026-05-13 01:42:36 [Thread-1] INFO  model.workers.Supplier - Produced: Body
2026-05-13 01:42:36 [Thread-3] INFO  model.workers.Supplier - Produced: Engine
2026-05-13 01:42:36 [Thread-0] INFO  model.workers.Supplier - Produced: Body
2026-05-13 01:42:36 [Thread-5] INFO  model.workers.Supplier - Produced: Accessory-Type_1
2026-05-13 01:42:36 [Thread-6] INFO  model.workers.Supplier - Produced: Accessory-Type_2
2026-05-13 01:42:36 [Thread-4] INFO  model.workers.Supplier - Produced: Accessory-Type_0
2026-05-13 01:42:38 [Thread-7] INFO  model.workers.Dealer - Dealer-0 sold a car
2026-05-13 01:42:38 [Thread-4] INFO  model.workers.Supplier - Produced: Accessory-Type_0
2026-05-13 01:42:38 [Thread-6] INFO  model.workers.Supplier - Produced: Accessory-Type_2
2026-05-13 01:42:38 [Thread-5] INFO  model.workers.Supplier - Produced: Accessory-Type_1
2026-05-13 01:42:40 [Thread-3] INFO  model.workers.Supplier - Produced: Engine
2026-05-13 01:42:40 [Thread-1] INFO  model.workers.Supplier - Produced: Body
2026-05-13 01:42:40 [Thread-2] INFO  model.workers.Supplier - Produced: Engine
2026-05-13 01:42:40 [Thread-0] INFO  model.workers.Supplier - Produced: Body
2026-05-13 01:42:40 [Thread-6] INFO  model.workers.Supplier - Produced: Accessory-Type_2
2026-05-13 01:42:40 [Thread-5] INFO  model.workers.Supplier - Produced: Accessory-Type_1
2026-05-13 01:42:40 [Thread-4] INFO  model.workers.Supplier - Produced: Accessory-Type_0
2026-05-13 01:42:41 [Thread-7] INFO  model.workers.Dealer - Dealer-0 sold a car
2026-05-13 01:42:42 [Thread-5] INFO  model.workers.Supplier - Produced: Accessory-Type_1
2026-05-13 01:42:42 [Thread-6] INFO  model.workers.Supplier - Produced: Accessory-Type_2
2026-05-13 01:42:42 [Thread-4] INFO  model.workers.Supplier - Produced: Accessory-Type_0
2026-05-13 01:42:44 [Thread-1] INFO  model.workers.Supplier - Produced: Body
2026-05-13 01:42:44 [Thread-0] INFO  model.workers.Supplier - Produced: Body
2026-05-13 01:42:44 [Thread-2] INFO  model.workers.Supplier - Produced: Engine
2026-05-13 01:42:44 [Thread-3] INFO  model.workers.Supplier - Produced: Engine
2026-05-13 01:42:44 [Thread-7] INFO  model.workers.Dealer - Dealer-0 sold a car
2026-05-13 01:42:44 [Thread-6] INFO  model.workers.Supplier - Produced: Accessory-Type_2
2026-05-13 01:42:44 [Thread-4] INFO  model.workers.Supplier - Produced: Accessory-Type_0
2026-05-13 01:42:44 [Thread-5] INFO  model.workers.Supplier - Produced: Accessory-Type_1
2026-05-13 01:42:46 [Thread-5] INFO  model.workers.Supplier - Produced: Accessory-Type_1
2026-05-13 01:42:46 [Thread-6] INFO  model.workers.Supplier - Produced: Accessory-Type_2
2026-05-13 01:42:46 [Thread-4] INFO  model.workers.Supplier - Produced: Accessory-Type_0
2026-05-13 01:42:47 [Thread-7] INFO  model.workers.Dealer - Dealer-0 sold a car
2026-05-13 01:42:48 [Thread-0] INFO  model.workers.Supplier - Produced: Body
2026-05-13 01:42:48 [Thread-3] INFO  model.workers.Supplier - Produced: Engine
2026-05-13 01:42:48 [Thread-2] INFO  model.workers.Supplier - Produced: Engine
2026-05-13 01:42:48 [Thread-1] INFO  model.workers.Supplier - Produced: Body
2026-05-13 01:42:48 [Thread-6] INFO  model.workers.Supplier - Produced: Accessory-Type_2
2026-05-13 01:42:48 [Thread-5] INFO  model.workers.Supplier - Produced: Accessory-Type_1
2026-05-13 01:42:48 [Thread-4] INFO  model.workers.Supplier - Produced: Accessory-Type_0
2026-05-13 01:42:50 [Thread-7] INFO  model.workers.Dealer - Dealer-0 sold a car
2026-05-13 01:42:50 [Thread-4] INFO  model.workers.Supplier - Produced: Accessory-Type_0
2026-05-13 01:42:50 [Thread-5] INFO  model.workers.Supplier - Produced: Accessory-Type_1
2026-05-13 01:42:50 [Thread-6] INFO  model.workers.Supplier - Produced: Accessory-Type_2
2026-05-13 01:42:52 [Thread-3] INFO  model.workers.Supplier - Produced: Engine
2026-05-13 01:42:52 [Thread-1] INFO  model.workers.Supplier - Produced: Body
2026-05-13 01:42:52 [Thread-2] INFO  model.workers.Supplier - Produced: Engine
2026-05-13 01:42:52 [Thread-0] INFO  model.workers.Supplier - Produced: Body
2026-05-13 01:42:52 [Thread-6] INFO  model.workers.Supplier - Produced: Accessory-Type_2
2026-05-13 01:42:52 [Thread-4] INFO  model.workers.Supplier - Produced: Accessory-Type_0
2026-05-13 01:42:52 [Thread-5] INFO  model.workers.Supplier - Produced: Accessory-Type_1
2026-05-13 01:42:53 [Thread-7] INFO  model.workers.Dealer - Dealer-0 sold a car
2026-05-13 01:42:54 [Thread-5] INFO  model.workers.Supplier - Produced: Accessory-Type_1
2026-05-13 01:42:54 [Thread-4] INFO  model.workers.Supplier - Produced: Accessory-Type_0
2026-05-13 01:42:54 [Thread-6] INFO  model.workers.Supplier - Produced: Accessory-Type_2
2026-05-13 01:42:56 [Thread-3] INFO  model.workers.Supplier - Produced: Engine
2026-05-13 01:42:56 [Thread-0] INFO  model.workers.Supplier - Produced: Body
2026-05-13 01:42:56 [Thread-2] INFO  model.workers.Supplier - Produced: Engine
2026-05-13 01:42:56 [Thread-1] INFO  model.workers.Supplier - Produced: Body
2026-05-13 01:42:56 [Thread-7] INFO  model.workers.Dealer - Dealer-0 sold a car
2026-05-13 01:42:56 [Thread-6] INFO  model.workers.Supplier - Produced: Accessory-Type_2
2026-05-13 01:42:56 [Thread-4] INFO  model.workers.Supplier - Produced: Accessory-Type_0
2026-05-13 01:42:56 [Thread-5] INFO  model.workers.Supplier - Produced: Accessory-Type_1
2026-05-13 01:42:58 [Thread-5] INFO  model.workers.Supplier - Produced: Accessory-Type_1
2026-05-13 01:42:58 [Thread-6] INFO  model.workers.Supplier - Produced: Accessory-Type_2
2026-05-13 01:42:58 [Thread-4] INFO  model.workers.Supplier - Produced: Accessory-Type_0
2026-05-13 01:42:59 [Thread-7] INFO  model.workers.Dealer - Dealer-0 sold a car
2026-05-13 01:43:00 [Thread-2] INFO  model.workers.Supplier - Produced: Engine
2026-05-13 01:43:00 [Thread-0] INFO  model.workers.Supplier - Produced: Body
2026-05-13 01:43:00 [Thread-3] INFO  model.workers.Supplier - Produced: Engine
2026-05-13 01:43:00 [Thread-1] INFO  model.workers.Supplier - Produced: Body
2026-05-13 01:43:00 [Thread-5] INFO  model.workers.Supplier - Produced: Accessory-Type_1
2026-05-13 01:43:00 [Thread-6] INFO  model.workers.Supplier - Produced: Accessory-Type_2
2026-05-13 01:43:00 [Thread-4] INFO  model.workers.Supplier - Produced: Accessory-Type_0
2026-05-13 01:43:02 [Thread-7] INFO  model.workers.Dealer - Dealer-0 sold a car
2026-05-13 01:43:02 [Thread-4] INFO  model.workers.Supplier - Produced: Accessory-Type_0
2026-05-13 01:43:02 [Thread-5] INFO  model.workers.Supplier - Produced: Accessory-Type_1
2026-05-13 01:43:02 [Thread-6] INFO  model.workers.Supplier - Produced: Accessory-Type_2
2026-05-13 01:43:04 [Thread-1] INFO  model.workers.Supplier - Produced: Body
2026-05-13 01:43:04 [Thread-0] INFO  model.workers.Supplier - Produced: Body
2026-05-13 01:43:04 [Thread-3] INFO  model.workers.Supplier - Produced: Engine
2026-05-13 01:43:04 [Thread-2] INFO  model.workers.Supplier - Produced: Engine
2026-05-13 01:43:04 [Thread-5] INFO  model.workers.Supplier - Produced: Accessory-Type_1
2026-05-13 01:43:04 [Thread-4] INFO  model.workers.Supplier - Produced: Accessory-Type_0
2026-05-13 01:43:04 [Thread-6] INFO  model.workers.Supplier - Produced: Accessory-Type_2
2026-05-13 01:43:05 [Thread-7] INFO  model.workers.Dealer - Dealer-0 sold a car
2026-05-13 01:43:06 [Thread-4] INFO  model.workers.Supplier - Produced: Accessory-Type_0
2026-05-13 01:43:06 [Thread-6] INFO  model.workers.Supplier - Produced: Accessory-Type_2
2026-05-13 01:43:06 [Thread-5] INFO  model.workers.Supplier - Produced: Accessory-Type_1
2026-05-13 01:43:08 [Thread-2] INFO  model.workers.Supplier - Produced: Engine
2026-05-13 01:43:08 [Thread-0] INFO  model.workers.Supplier - Produced: Body
2026-05-13 01:43:08 [Thread-1] INFO  model.workers.Supplier - Produced: Body
2026-05-13 01:43:08 [Thread-3] INFO  model.workers.Supplier - Produced: Engine
2026-05-13 01:43:08 [Thread-7] INFO  model.workers.Dealer - Dealer-0 sold a car
2026-05-13 01:43:08 [Thread-6] INFO  model.workers.Supplier - Produced: Accessory-Type_2
2026-05-13 01:43:08 [Thread-5] INFO  model.workers.Supplier - Produced: Accessory-Type_1
2026-05-13 01:43:08 [Thread-4] INFO  model.workers.Supplier - Produced: Accessory-Type_0
2026-05-13 01:43:10 [Thread-5] INFO  model.workers.Supplier - Produced: Accessory-Type_1
2026-05-13 01:43:10 [Thread-4] INFO  model.workers.Supplier - Produced: Accessory-Type_0
2026-05-13 01:43:10 [Thread-6] INFO  model.workers.Supplier - Produced: Accessory-Type_2
2026-05-13 01:43:11 [Thread-7] INFO  model.workers.Dealer - Dealer-0 sold a car
2026-05-13 01:43:12 [Thread-0] INFO  model.workers.Supplier - Produced: Body
2026-05-13 01:43:12 [Thread-2] INFO  model.workers.Supplier - Produced: Engine
2026-05-13 01:43:12 [Thread-3] INFO  model.workers.Supplier - Produced: Engine
2026-05-13 01:43:12 [Thread-1] INFO  model.workers.Supplier - Produced: Body
2026-05-13 01:43:12 [Thread-5] INFO  model.workers.Supplier - Produced: Accessory-Type_1
2026-05-13 01:43:12 [Thread-6] INFO  model.workers.Supplier - Produced: Accessory-Type_2
2026-05-13 01:43:12 [Thread-4] INFO  model.workers.Supplier - Produced: Accessory-Type_0
2026-05-13 01:43:14 [Thread-7] INFO  model.workers.Dealer - Dealer-0 sold a car
2026-05-13 01:43:14 [Thread-6] INFO  model.workers.Supplier - Produced: Accessory-Type_2
2026-05-13 01:43:14 [Thread-4] INFO  model.workers.Supplier - Produced: Accessory-Type_0
2026-05-13 01:43:14 [Thread-5] INFO  model.workers.Supplier - Produced: Accessory-Type_1
2026-05-13 01:43:16 [Thread-3] INFO  model.workers.Supplier - Produced: Engine
2026-05-13 01:43:16 [Thread-1] INFO  model.workers.Supplier - Produced: Body
2026-05-13 01:43:16 [Thread-5] INFO  model.workers.Supplier - Produced: Accessory-Type_1
2026-05-13 01:43:16 [Thread-4] INFO  model.workers.Supplier - Produced: Accessory-Type_0
2026-05-13 01:43:16 [Thread-6] INFO  model.workers.Supplier - Produced: Accessory-Type_2
2026-05-13 01:43:17 [Thread-7] INFO  model.workers.Dealer - Dealer-0 sold a car
2026-05-13 01:43:17 [Thread-2] INFO  model.workers.Supplier - Produced: Engine
2026-05-13 01:43:17 [Thread-0] INFO  model.workers.Supplier - Produced: Body
2026-05-13 01:44:42 [Thread-7] INFO  model.workers.Dealer - Dealer-0 started
2026-05-13 01:44:44 [Thread-5] INFO  model.workers.Supplier - Produced: Accessory-Type_1
2026-05-13 01:44:44 [Thread-6] INFO  model.workers.Supplier - Produced: Accessory-Type_2
2026-05-13 01:44:44 [Thread-4] INFO  model.workers.Supplier - Produced: Accessory-Type_0
2026-05-13 01:44:46 [Thread-4] INFO  model.workers.Supplier - Produced: Accessory-Type_0
2026-05-13 01:44:46 [Thread-6] INFO  model.workers.Supplier - Produced: Accessory-Type_2
2026-05-13 01:44:46 [Thread-5] INFO  model.workers.Supplier - Produced: Accessory-Type_1
2026-05-13 01:44:46 [Thread-3] INFO  model.workers.Supplier - Produced: Engine
2026-05-13 01:44:46 [Thread-2] INFO  model.workers.Supplier - Produced: Engine
2026-05-13 01:44:46 [Thread-1] INFO  model.workers.Supplier - Produced: Body
2026-05-13 01:44:46 [Thread-0] INFO  model.workers.Supplier - Produced: Body
2026-05-13 01:44:46 [Thread-7] INFO  model.workers.Dealer - Dealer-0 sold a car
2026-05-13 01:44:48 [Thread-5] INFO  model.workers.Supplier - Produced: Accessory-Type_1
2026-05-13 01:44:48 [Thread-4] INFO  model.workers.Supplier - Produced: Accessory-Type_0
2026-05-13 01:44:48 [Thread-6] INFO  model.workers.Supplier - Produced: Accessory-Type_2
2026-05-13 01:44:49 [Thread-7] INFO  model.workers.Dealer - Dealer-0 sold a car
2026-05-13 01:44:50 [Thread-0] INFO  model.workers.Supplier - Produced: Body
2026-05-13 01:44:50 [Thread-1] INFO  model.workers.Supplier - Produced: Body
2026-05-13 01:44:50 [Thread-3] INFO  model.workers.Supplier - Produced: Engine
2026-05-13 01:44:50 [Thread-2] INFO  model.workers.Supplier - Produced: Engine
2026-05-13 01:44:50 [Thread-4] INFO  model.workers.Supplier - Produced: Accessory-Type_0
2026-05-13 01:44:50 [Thread-6] INFO  model.workers.Supplier - Produced: Accessory-Type_2
2026-05-13 01:44:50 [Thread-5] INFO  model.workers.Supplier - Produced: Accessory-Type_1
2026-05-13 01:44:52 [Thread-4] INFO  model.workers.Supplier - Produced: Accessory-Type_0
2026-05-13 01:44:52 [Thread-7] INFO  model.workers.Dealer - Dealer-0 sold a car
2026-05-13 01:44:52 [Thread-6] INFO  model.workers.Supplier - Produced: Accessory-Type_2
2026-05-13 01:44:52 [Thread-5] INFO  model.workers.Supplier - Produced: Accessory-Type_1
2026-05-13 01:44:54 [Thread-0] INFO  model.workers.Supplier - Produced: Body
2026-05-13 01:44:54 [Thread-2] INFO  model.workers.Supplier - Produced: Engine
2026-05-13 01:44:54 [Thread-1] INFO  model.workers.Supplier - Produced: Body
2026-05-13 01:44:54 [Thread-3] INFO  model.workers.Supplier - Produced: Engine
2026-05-13 01:44:54 [Thread-4] INFO  model.workers.Supplier - Produced: Accessory-Type_0
2026-05-13 01:44:54 [Thread-5] INFO  model.workers.Supplier - Produced: Accessory-Type_1
2026-05-13 01:44:54 [Thread-6] INFO  model.workers.Supplier - Produced: Accessory-Type_2
2026-05-13 01:44:55 [Thread-7] INFO  model.workers.Dealer - Dealer-0 sold a car
2026-05-13 01:44:56 [Thread-6] INFO  model.workers.Supplier - Produced: Accessory-Type_2
2026-05-13 01:44:56 [Thread-4] INFO  model.workers.Supplier - Produced: Accessory-Type_0
2026-05-13 01:44:56 [Thread-5] INFO  model.workers.Supplier - Produced: Accessory-Type_1
2026-05-13 01:44:58 [Thread-0] INFO  model.workers.Supplier - Produced: Body
2026-05-13 01:44:58 [Thread-3] INFO  model.workers.Supplier - Produced: Engine
2026-05-13 01:44:58 [Thread-2] INFO  model.workers.Supplier - Produced: Engine
2026-05-13 01:44:58 [Thread-1] INFO  model.workers.Supplier - Produced: Body
2026-05-13 01:44:58 [Thread-7] INFO  model.workers.Dealer - Dealer-0 sold a car
2026-05-13 01:44:58 [Thread-6] INFO  model.workers.Supplier - Produced: Accessory-Type_2
2026-05-13 01:44:58 [Thread-5] INFO  model.workers.Supplier - Produced: Accessory-Type_1
2026-05-13 01:44:58 [Thread-4] INFO  model.workers.Supplier - Produced: Accessory-Type_0
2026-05-13 01:45:00 [Thread-4] INFO  model.workers.Supplier - Produced: Accessory-Type_0
2026-05-13 01:45:00 [Thread-6] INFO  model.workers.Supplier - Produced: Accessory-Type_2
2026-05-13 01:45:00 [Thread-5] INFO  model.workers.Supplier - Produced: Accessory-Type_1
2026-05-13 01:45:01 [Thread-7] INFO  model.workers.Dealer - Dealer-0 sold a car
2026-05-13 01:45:02 [Thread-3] INFO  model.workers.Supplier - Produced: Engine
2026-05-13 01:45:02 [Thread-2] INFO  model.workers.Supplier - Produced: Engine
2026-05-13 01:45:02 [Thread-1] INFO  model.workers.Supplier - Produced: Body
2026-05-13 01:45:02 [Thread-0] INFO  model.workers.Supplier - Produced: Body
2026-05-13 01:45:02 [Thread-6] INFO  model.workers.Supplier - Produced: Accessory-Type_2
2026-05-13 01:45:02 [Thread-5] INFO  model.workers.Supplier - Produced: Accessory-Type_1
2026-05-13 01:45:02 [Thread-4] INFO  model.workers.Supplier - Produced: Accessory-Type_0
2026-05-13 01:45:04 [Thread-7] INFO  model.workers.Dealer - Dealer-0 sold a car
2026-05-13 01:45:04 [Thread-5] INFO  model.workers.Supplier - Produced: Accessory-Type_1
2026-05-13 01:45:04 [Thread-4] INFO  model.workers.Supplier - Produced: Accessory-Type_0
2026-05-13 01:45:04 [Thread-6] INFO  model.workers.Supplier - Produced: Accessory-Type_2
2026-05-13 01:45:06 [Thread-1] INFO  model.workers.Supplier - Produced: Body
2026-05-13 01:45:06 [Thread-0] INFO  model.workers.Supplier - Produced: Body
2026-05-13 01:45:06 [Thread-2] INFO  model.workers.Supplier - Produced: Engine
2026-05-13 01:45:06 [Thread-3] INFO  model.workers.Supplier - Produced: Engine
2026-05-13 01:45:06 [Thread-5] INFO  model.workers.Supplier - Produced: Accessory-Type_1
2026-05-13 01:45:06 [Thread-4] INFO  model.workers.Supplier - Produced: Accessory-Type_0
2026-05-13 01:45:06 [Thread-6] INFO  model.workers.Supplier - Produced: Accessory-Type_2
2026-05-13 01:45:07 [Thread-7] INFO  model.workers.Dealer - Dealer-0 sold a car
2026-05-13 01:45:08 [Thread-4] INFO  model.workers.Supplier - Produced: Accessory-Type_0
2026-05-13 01:45:08 [Thread-6] INFO  model.workers.Supplier - Produced: Accessory-Type_2
2026-05-13 01:45:08 [Thread-5] INFO  model.workers.Supplier - Produced: Accessory-Type_1
2026-05-13 01:45:10 [Thread-3] INFO  model.workers.Supplier - Produced: Engine
2026-05-13 01:45:10 [Thread-1] INFO  model.workers.Supplier - Produced: Body
2026-05-13 01:45:10 [Thread-2] INFO  model.workers.Supplier - Produced: Engine
2026-05-13 01:45:10 [Thread-0] INFO  model.workers.Supplier - Produced: Body
2026-05-13 01:45:10 [Thread-7] INFO  model.workers.Dealer - Dealer-0 sold a car
2026-05-13 01:45:10 [Thread-5] INFO  model.workers.Supplier - Produced: Accessory-Type_1
2026-05-13 01:45:10 [Thread-6] INFO  model.workers.Supplier - Produced: Accessory-Type_2
2026-05-13 01:45:10 [Thread-4] INFO  model.workers.Supplier - Produced: Accessory-Type_0
2026-05-13 01:45:12 [Thread-4] INFO  model.workers.Supplier - Produced: Accessory-Type_0
2026-05-13 01:45:12 [Thread-6] INFO  model.workers.Supplier - Produced: Accessory-Type_2
2026-05-13 01:45:12 [Thread-5] INFO  model.workers.Supplier - Produced: Accessory-Type_1
2026-05-13 01:45:13 [Thread-7] INFO  model.workers.Dealer - Dealer-0 sold a car
2026-05-13 01:45:14 [Thread-2] INFO  model.workers.Supplier - Produced: Engine
2026-05-13 01:45:14 [Thread-3] INFO  model.workers.Supplier - Produced: Engine
2026-05-13 01:45:14 [Thread-0] INFO  model.workers.Supplier - Produced: Body
2026-05-13 01:45:14 [Thread-1] INFO  model.workers.Supplier - Produced: Body
2026-05-13 01:45:14 [Thread-5] INFO  model.workers.Supplier - Produced: Accessory-Type_1
2026-05-13 01:45:14 [Thread-4] INFO  model.workers.Supplier - Produced: Accessory-Type_0
2026-05-13 01:45:14 [Thread-6] INFO  model.workers.Supplier - Produced: Accessory-Type_2
2026-05-13 01:45:16 [Thread-7] INFO  model.workers.Dealer - Dealer-0 sold a car
2026-05-13 01:45:16 [Thread-6] INFO  model.workers.Supplier - Produced: Accessory-Type_2
2026-05-13 01:45:16 [Thread-5] INFO  model.workers.Supplier - Produced: Accessory-Type_1
2026-05-13 01:45:16 [Thread-4] INFO  model.workers.Supplier - Produced: Accessory-Type_0
2026-05-13 01:45:18 [Thread-2] INFO  model.workers.Supplier - Produced: Engine
2026-05-13 01:45:18 [Thread-0] INFO  model.workers.Supplier - Produced: Body
2026-05-13 01:45:18 [Thread-3] INFO  model.workers.Supplier - Produced: Engine
2026-05-13 01:45:18 [Thread-1] INFO  model.workers.Supplier - Produced: Body
2026-05-13 01:45:18 [Thread-5] INFO  model.workers.Supplier - Produced: Accessory-Type_1
2026-05-13 01:45:18 [Thread-6] INFO  model.workers.Supplier - Produced: Accessory-Type_2
2026-05-13 01:45:18 [Thread-4] INFO  model.workers.Supplier - Produced: Accessory-Type_0
2026-05-13 01:45:19 [Thread-7] INFO  model.workers.Dealer - Dealer-0 sold a car
2026-05-13 01:45:20 [Thread-5] INFO  model.workers.Supplier - Produced: Accessory-Type_1
2026-05-13 01:45:20 [Thread-6] INFO  model.workers.Supplier - Produced: Accessory-Type_2
2026-05-13 01:45:20 [Thread-4] INFO  model.workers.Supplier - Produced: Accessory-Type_0
2026-05-13 01:45:22 [Thread-1] INFO  model.workers.Supplier - Produced: Body
2026-05-13 01:45:22 [Thread-0] INFO  model.workers.Supplier - Produced: Body
2026-05-13 01:45:22 [Thread-2] INFO  model.workers.Supplier - Produced: Engine
2026-05-13 01:45:22 [Thread-3] INFO  model.workers.Supplier - Produced: Engine
2026-05-13 01:45:22 [Thread-7] INFO  model.workers.Dealer - Dealer-0 sold a car
2026-05-13 01:45:22 [Thread-5] INFO  model.workers.Supplier - Produced: Accessory-Type_1
2026-05-13 01:45:22 [Thread-6] INFO  model.workers.Supplier - Produced: Accessory-Type_2
2026-05-13 01:45:23 [Thread-4] INFO  model.workers.Supplier - Produced: Accessory-Type_0
2026-05-13 01:45:25 [Thread-5] INFO  model.workers.Supplier - Produced: Accessory-Type_1
2026-05-13 01:45:25 [Thread-6] INFO  model.workers.Supplier - Produced: Accessory-Type_2
2026-05-13 01:45:25 [Thread-4] INFO  model.workers.Supplier - Produced: Accessory-Type_0
2026-05-13 01:45:25 [Thread-7] INFO  model.workers.Dealer - Dealer-0 sold a car
2026-05-13 01:45:26 [Thread-0] INFO  model.workers.Supplier - Produced: Body
2026-05-13 01:45:26 [Thread-2] INFO  model.workers.Supplier - Produced: Engine
2026-05-13 01:45:26 [Thread-3] INFO  model.workers.Supplier - Produced: Engine
2026-05-13 01:45:26 [Thread-1] INFO  model.workers.Supplier - Produced: Body
2026-05-13 01:45:27 [Thread-6] INFO  model.workers.Supplier - Produced: Accessory-Type_2
2026-05-13 01:45:27 [Thread-5] INFO  model.workers.Supplier - Produced: Accessory-Type_1
2026-05-13 01:45:27 [Thread-4] INFO  model.workers.Supplier - Produced: Accessory-Type_0
2026-05-13 01:45:28 [Thread-7] INFO  model.workers.Dealer - Dealer-0 sold a car
2026-05-13 01:45:29 [Thread-5] INFO  model.workers.Supplier - Produced: Accessory-Type_1
2026-05-13 01:45:29 [Thread-6] INFO  model.workers.Supplier - Produced: Accessory-Type_2
2026-05-13 01:45:29 [Thread-4] INFO  model.workers.Supplier - Produced: Accessory-Type_0
2026-05-13 01:45:30 [Thread-2] INFO  model.workers.Supplier - Produced: Engine
2026-05-13 01:45:30 [Thread-0] INFO  model.workers.Supplier - Produced: Body
2026-05-13 01:45:30 [Thread-3] INFO  model.workers.Supplier - Produced: Engine
2026-05-13 01:45:30 [Thread-1] INFO  model.workers.Supplier - Produced: Body
2026-05-13 01:45:31 [Thread-5] INFO  model.workers.Supplier - Produced: Accessory-Type_1
2026-05-13 01:45:31 [Thread-6] INFO  model.workers.Supplier - Produced: Accessory-Type_2
2026-05-13 01:45:31 [Thread-4] INFO  model.workers.Supplier - Produced: Accessory-Type_0
2026-05-13 01:45:31 [Thread-7] INFO  model.workers.Dealer - Dealer-0 sold a car
2026-05-13 01:45:33 [Thread-5] INFO  model.workers.Supplier - Produced: Accessory-Type_1
2026-05-13 01:45:33 [Thread-6] INFO  model.workers.Supplier - Produced: Accessory-Type_2
2026-05-13 01:45:33 [Thread-4] INFO  model.workers.Supplier - Produced: Accessory-Type_0
2026-05-13 01:45:34 [Thread-3] INFO  model.workers.Supplier - Produced: Engine
2026-05-13 01:45:34 [Thread-1] INFO  model.workers.Supplier - Produced: Body
2026-05-13 01:45:34 [Thread-2] INFO  model.workers.Supplier - Produced: Engine
2026-05-13 01:45:34 [Thread-0] INFO  model.workers.Supplier - Produced: Body
2026-05-13 01:45:35 [Thread-7] INFO  model.workers.Dealer - Dealer-0 sold a car
2026-05-13 01:45:35 [Thread-5] INFO  model.workers.Supplier - Produced: Accessory-Type_1
2026-05-13 01:45:35 [Thread-6] INFO  model.workers.Supplier - Produced: Accessory-Type_2
2026-05-13 01:45:35 [Thread-4] INFO  model.workers.Supplier - Produced: Accessory-Type_0
2026-05-13 01:45:37 [Thread-5] INFO  model.workers.Supplier - Produced: Accessory-Type_1
2026-05-13 01:45:37 [Thread-6] INFO  model.workers.Supplier - Produced: Accessory-Type_2
2026-05-13 01:45:37 [Thread-4] INFO  model.workers.Supplier - Produced: Accessory-Type_0
2026-05-13 01:45:38 [Thread-7] INFO  model.workers.Dealer - Dealer-0 sold a car
2026-05-13 01:45:38 [Thread-3] INFO  model.workers.Supplier - Produced: Engine
2026-05-13 01:45:38 [Thread-2] INFO  model.workers.Supplier - Produced: Engine
2026-05-13 01:45:38 [Thread-0] INFO  model.workers.Supplier - Produced: Body
2026-05-13 01:45:38 [Thread-1] INFO  model.workers.Supplier - Produced: Body
2026-05-13 01:45:39 [Thread-5] INFO  model.workers.Supplier - Produced: Accessory-Type_1
2026-05-13 01:45:39 [Thread-6] INFO  model.workers.Supplier - Produced: Accessory-Type_2
2026-05-13 01:45:39 [Thread-4] INFO  model.workers.Supplier - Produced: Accessory-Type_0
2026-05-13 01:45:41 [Thread-7] INFO  model.workers.Dealer - Dealer-0 sold a car
2026-05-13 01:45:41 [Thread-5] INFO  model.workers.Supplier - Produced: Accessory-Type_1
2026-05-13 01:45:41 [Thread-6] INFO  model.workers.Supplier - Produced: Accessory-Type_2
2026-05-13 01:45:41 [Thread-4] INFO  model.workers.Supplier - Produced: Accessory-Type_0
2026-05-13 01:45:42 [Thread-2] INFO  model.workers.Supplier - Produced: Engine
2026-05-13 01:45:42 [Thread-1] INFO  model.workers.Supplier - Produced: Body
2026-05-13 01:45:42 [Thread-3] INFO  model.workers.Supplier - Produced: Engine
2026-05-13 01:45:42 [Thread-0] INFO  model.workers.Supplier - Produced: Body
2026-05-13 01:45:43 [Thread-5] INFO  model.workers.Supplier - Produced: Accessory-Type_1
2026-05-13 01:45:43 [Thread-6] INFO  model.workers.Supplier - Produced: Accessory-Type_2
2026-05-13 01:45:43 [Thread-4] INFO  model.workers.Supplier - Produced: Accessory-Type_0
2026-05-13 01:45:44 [Thread-7] INFO  model.workers.Dealer - Dealer-0 sold a car
2026-05-13 01:45:45 [Thread-5] INFO  model.workers.Supplier - Produced: Accessory-Type_1
2026-05-13 01:45:45 [Thread-6] INFO  model.workers.Supplier - Produced: Accessory-Type_2
2026-05-13 01:45:45 [Thread-4] INFO  model.workers.Supplier - Produced: Accessory-Type_0
2026-05-13 01:45:46 [Thread-2] INFO  model.workers.Supplier - Produced: Engine
2026-05-13 01:45:46 [Thread-1] INFO  model.workers.Supplier - Produced: Body
2026-05-13 01:45:46 [Thread-0] INFO  model.workers.Supplier - Produced: Body
2026-05-13 01:45:46 [Thread-3] INFO  model.workers.Supplier - Produced: Engine
2026-05-13 01:45:47 [Thread-7] INFO  model.workers.Dealer - Dealer-0 sold a car
2026-05-13 01:45:47 [Thread-5] INFO  model.workers.Supplier - Produced: Accessory-Type_1
2026-05-13 01:45:47 [Thread-6] INFO  model.workers.Supplier - Produced: Accessory-Type_2
2026-05-13 01:45:47 [Thread-4] INFO  model.workers.Supplier - Produced: Accessory-Type_0
2026-05-13 01:45:49 [Thread-5] INFO  model.workers.Supplier - Produced: Accessory-Type_1
2026-05-13 01:45:49 [Thread-4] INFO  model.workers.Supplier - Produced: Accessory-Type_0
2026-05-13 01:45:49 [Thread-6] INFO  model.workers.Supplier - Produced: Accessory-Type_2
2026-05-13 01:45:50 [Thread-7] INFO  model.workers.Dealer - Dealer-0 sold a car
2026-05-13 01:45:50 [Thread-2] INFO  model.workers.Supplier - Produced: Engine
2026-05-13 01:45:50 [Thread-0] INFO  model.workers.Supplier - Produced: Body
2026-05-13 01:45:50 [Thread-1] INFO  model.workers.Supplier - Produced: Body
2026-05-13 01:45:50 [Thread-3] INFO  model.workers.Supplier - Produced: Engine
2026-05-13 01:45:51 [Thread-5] INFO  model.workers.Supplier - Produced: Accessory-Type_1
2026-05-13 01:45:51 [Thread-4] INFO  model.workers.Supplier - Produced: Accessory-Type_0
2026-05-13 01:45:51 [Thread-6] INFO  model.workers.Supplier - Produced: Accessory-Type_2
2026-05-13 01:45:53 [Thread-7] INFO  model.workers.Dealer - Dealer-0 sold a car
2026-05-13 01:45:53 [Thread-5] INFO  model.workers.Supplier - Produced: Accessory-Type_1
2026-05-13 01:45:53 [Thread-6] INFO  model.workers.Supplier - Produced: Accessory-Type_2
2026-05-13 01:45:53 [Thread-4] INFO  model.workers.Supplier - Produced: Accessory-Type_0
2026-05-13 01:45:55 [Thread-3] INFO  model.workers.Supplier - Produced: Engine
2026-05-13 01:45:55 [Thread-1] INFO  model.workers.Supplier - Produced: Body
2026-05-13 01:45:55 [Thread-2] INFO  model.workers.Supplier - Produced: Engine
2026-05-13 01:45:55 [Thread-0] INFO  model.workers.Supplier - Produced: Body
2026-05-13 01:45:55 [Thread-5] INFO  model.workers.Supplier - Produced: Accessory-Type_1
2026-05-13 01:45:55 [Thread-6] INFO  model.workers.Supplier - Produced: Accessory-Type_2
2026-05-13 01:45:55 [Thread-4] INFO  model.workers.Supplier - Produced: Accessory-Type_0
2026-05-13 01:45:56 [Thread-7] INFO  model.workers.Dealer - Dealer-0 sold a car
2026-05-13 01:45:57 [Thread-5] INFO  model.workers.Supplier - Produced: Accessory-Type_1
2026-05-13 01:45:57 [Thread-6] INFO  model.workers.Supplier - Produced: Accessory-Type_2
2026-05-13 01:45:57 [Thread-4] INFO  model.workers.Supplier - Produced: Accessory-Type_0
2026-05-13 01:45:59 [Thread-1] INFO  model.workers.Supplier - Produced: Body
2026-05-13 01:45:59 [Thread-3] INFO  model.workers.Supplier - Produced: Engine
2026-05-13 01:45:59 [Thread-0] INFO  model.workers.Supplier - Produced: Body
2026-05-13 01:45:59 [Thread-2] INFO  model.workers.Supplier - Produced: Engine
2026-05-13 01:45:59 [Thread-7] INFO  model.workers.Dealer - Dealer-0 sold a car
2026-05-13 01:45:59 [Thread-5] INFO  model.workers.Supplier - Produced: Accessory-Type_1
2026-05-13 01:45:59 [Thread-6] INFO  model.workers.Supplier - Produced: Accessory-Type_2
2026-05-13 01:45:59 [Thread-4] INFO  model.workers.Supplier - Produced: Accessory-Type_0
2026-05-13 01:46:01 [Thread-5] INFO  model.workers.Supplier - Produced: Accessory-Type_1
2026-05-13 01:46:01 [Thread-6] INFO  model.workers.Supplier - Produced: Accessory-Type_2
2026-05-13 01:46:01 [Thread-4] INFO  model.workers.Supplier - Produced: Accessory-Type_0
2026-05-13 01:46:02 [Thread-7] INFO  model.workers.Dealer - Dealer-0 sold a car
2026-05-13 01:46:03 [Thread-3] INFO  model.workers.Supplier - Produced: Engine
2026-05-13 01:46:03 [Thread-1] INFO  model.workers.Supplier - Produced: Body
2026-05-13 01:46:03 [Thread-0] INFO  model.workers.Supplier - Produced: Body
2026-05-13 01:46:03 [Thread-2] INFO  model.workers.Supplier - Produced: Engine
2026-05-13 01:46:03 [Thread-5] INFO  model.workers.Supplier - Produced: Accessory-Type_1
2026-05-13 01:46:03 [Thread-6] INFO  model.workers.Supplier - Produced: Accessory-Type_2
2026-05-13 01:46:03 [Thread-4] INFO  model.workers.Supplier - Produced: Accessory-Type_0
2026-05-13 01:46:05 [Thread-7] INFO  model.workers.Dealer - Dealer-0 sold a car
2026-05-13 01:46:05 [Thread-5] INFO  model.workers.Supplier - Produced: Accessory-Type_1
2026-05-13 01:46:05 [Thread-4] INFO  model.workers.Supplier - Produced: Accessory-Type_0
2026-05-13 01:46:05 [Thread-6] INFO  model.workers.Supplier - Produced: Accessory-Type_2
2026-05-13 01:46:07 [Thread-1] INFO  model.workers.Supplier - Produced: Body
2026-05-13 01:46:07 [Thread-3] INFO  model.workers.Supplier - Produced: Engine
2026-05-13 01:46:07 [Thread-5] INFO  model.workers.Supplier - Produced: Accessory-Type_1
2026-05-13 01:46:07 [Thread-6] INFO  model.workers.Supplier - Produced: Accessory-Type_2
2026-05-13 01:46:07 [Thread-4] INFO  model.workers.Supplier - Produced: Accessory-Type_0
2026-05-13 01:46:08 [Thread-7] INFO  model.workers.Dealer - Dealer-0 sold a car
2026-05-13 01:46:08 [Thread-2] INFO  model.workers.Supplier - Produced: Engine
2026-05-13 01:46:08 [Thread-0] INFO  model.workers.Supplier - Produced: Body
2026-05-13 01:46:09 [Thread-5] INFO  model.workers.Supplier - Produced: Accessory-Type_1
2026-05-13 01:46:09 [Thread-6] INFO  model.workers.Supplier - Produced: Accessory-Type_2
2026-05-13 01:46:09 [Thread-4] INFO  model.workers.Supplier - Produced: Accessory-Type_0
2026-05-13 01:46:11 [Thread-7] INFO  model.workers.Dealer - Dealer-0 sold a car
2026-05-13 01:46:11 [Thread-1] INFO  model.workers.Supplier - Produced: Body
2026-05-13 01:46:11 [Thread-3] INFO  model.workers.Supplier - Produced: Engine
2026-05-13 01:46:11 [Thread-5] INFO  model.workers.Supplier - Produced: Accessory-Type_1
2026-05-13 01:46:11 [Thread-6] INFO  model.workers.Supplier - Produced: Accessory-Type_2
2026-05-13 01:46:11 [Thread-4] INFO  model.workers.Supplier - Produced: Accessory-Type_0
2026-05-13 01:46:13 [Thread-5] INFO  model.workers.Supplier - Produced: Accessory-Type_1
2026-05-13 01:46:13 [Thread-6] INFO  model.workers.Supplier - Produced: Accessory-Type_2
2026-05-13 01:46:13 [Thread-4] INFO  model.workers.Supplier - Produced: Accessory-Type_0
2026-05-13 01:46:14 [Thread-7] INFO  model.workers.Dealer - Dealer-0 sold a car
2026-05-13 01:46:14 [Thread-0] INFO  model.workers.Supplier - Produced: Body
2026-05-13 01:46:14 [Thread-2] INFO  model.workers.Supplier - Produced: Engine
2026-05-13 01:46:15 [Thread-5] INFO  model.workers.Supplier - Produced: Accessory-Type_1
2026-05-13 01:46:15 [Thread-6] INFO  model.workers.Supplier - Produced: Accessory-Type_2
2026-05-13 01:46:15 [Thread-4] INFO  model.workers.Supplier - Produced: Accessory-Type_0
2026-05-13 01:46:17 [Thread-7] INFO  model.workers.Dealer - Dealer-0 sold a car
2026-05-13 01:46:17 [Thread-3] INFO  model.workers.Supplier - Produced: Engine
2026-05-13 01:46:17 [Thread-1] INFO  model.workers.Supplier - Produced: Body
2026-05-13 01:46:17 [Thread-5] INFO  model.workers.Supplier - Produced: Accessory-Type_1
2026-05-13 01:46:17 [Thread-6] INFO  model.workers.Supplier - Produced: Accessory-Type_2
2026-05-13 01:46:17 [Thread-4] INFO  model.workers.Supplier - Produced: Accessory-Type_0
2026-05-13 01:46:19 [Thread-5] INFO  model.workers.Supplier - Produced: Accessory-Type_1
2026-05-13 01:46:19 [Thread-6] INFO  model.workers.Supplier - Produced: Accessory-Type_2
2026-05-13 01:46:19 [Thread-4] INFO  model.workers.Supplier - Produced: Accessory-Type_0
2026-05-13 01:46:20 [Thread-7] INFO  model.workers.Dealer - Dealer-0 sold a car
2026-05-13 01:46:20 [Thread-2] INFO  model.workers.Supplier - Produced: Engine
2026-05-13 01:46:20 [Thread-0] INFO  model.workers.Supplier - Produced: Body
2026-05-13 01:46:21 [Thread-5] INFO  model.workers.Supplier - Produced: Accessory-Type_1
2026-05-13 01:46:21 [Thread-6] INFO  model.workers.Supplier - Produced: Accessory-Type_2
2026-05-13 01:46:21 [Thread-4] INFO  model.workers.Supplier - Produced: Accessory-Type_0
2026-05-13 01:46:23 [Thread-7] INFO  model.workers.Dealer - Dealer-0 sold a car
2026-05-13 01:46:23 [Thread-1] INFO  model.workers.Supplier - Produced: Body
2026-05-13 01:46:23 [Thread-3] INFO  model.workers.Supplier - Produced: Engine
2026-05-13 01:46:23 [Thread-5] INFO  model.workers.Supplier - Produced: Accessory-Type_1
2026-05-13 01:46:23 [Thread-6] INFO  model.workers.Supplier - Produced: Accessory-Type_2
2026-05-13 01:46:23 [Thread-4] INFO  model.workers.Supplier - Produced: Accessory-Type_0
2026-05-13 01:46:25 [Thread-5] INFO  model.workers.Supplier - Produced: Accessory-Type_1
2026-05-13 01:46:25 [Thread-6] INFO  model.workers.Supplier - Produced: Accessory-Type_2
2026-05-13 01:46:25 [Thread-4] INFO  model.workers.Supplier - Produced: Accessory-Type_0
2026-05-13 01:46:26 [Thread-7] INFO  model.workers.Dealer - Dealer-0 sold a car
2026-05-13 01:46:26 [Thread-0] INFO  model.workers.Supplier - Produced: Body
2026-05-13 01:46:26 [Thread-2] INFO  model.workers.Supplier - Produced: Engine
2026-05-13 01:46:27 [Thread-5] INFO  model.workers.Supplier - Produced: Accessory-Type_1
2026-05-13 01:46:27 [Thread-6] INFO  model.workers.Supplier - Produced: Accessory-Type_2
2026-05-13 01:46:27 [Thread-4] INFO  model.workers.Supplier - Produced: Accessory-Type_0
2026-05-13 01:46:29 [Thread-7] INFO  model.workers.Dealer - Dealer-0 sold a car
2026-05-13 01:46:29 [Thread-1] INFO  model.workers.Supplier - Produced: Body
2026-05-13 01:46:29 [Thread-3] INFO  model.workers.Supplier - Produced: Engine
2026-05-13 01:46:29 [Thread-5] INFO  model.workers.Supplier - Produced: Accessory-Type_1
2026-05-13 01:46:29 [Thread-6] INFO  model.workers.Supplier - Produced: Accessory-Type_2
2026-05-13 01:46:29 [Thread-4] INFO  model.workers.Supplier - Produced: Accessory-Type_0
2026-05-13 01:46:31 [Thread-5] INFO  model.workers.Supplier - Produced: Accessory-Type_1
2026-05-13 01:46:31 [Thread-6] INFO  model.workers.Supplier - Produced: Accessory-Type_2
2026-05-13 01:46:31 [Thread-4] INFO  model.workers.Supplier - Produced: Accessory-Type_0
2026-05-13 01:46:32 [Thread-7] INFO  model.workers.Dealer - Dealer-0 sold a car
2026-05-13 01:46:32 [Thread-0] INFO  model.workers.Supplier - Produced: Body
2026-05-13 01:46:32 [Thread-2] INFO  model.workers.Supplier - Produced: Engine
2026-05-13 01:46:33 [Thread-5] INFO  model.workers.Supplier - Produced: Accessory-Type_1
2026-05-13 01:46:33 [Thread-6] INFO  model.workers.Supplier - Produced: Accessory-Type_2
2026-05-13 01:46:33 [Thread-4] INFO  model.workers.Supplier - Produced: Accessory-Type_0
2026-05-13 01:46:35 [Thread-7] INFO  model.workers.Dealer - Dealer-0 sold a car
2026-05-13 01:46:35 [Thread-1] INFO  model.workers.Supplier - Produced: Body
2026-05-13 01:46:35 [Thread-3] INFO  model.workers.Supplier - Produced: Engine
2026-05-13 01:46:35 [Thread-5] INFO  model.workers.Supplier - Produced: Accessory-Type_1
2026-05-13 01:46:35 [Thread-6] INFO  model.workers.Supplier - Produced: Accessory-Type_2
2026-05-13 01:46:35 [Thread-4] INFO  model.workers.Supplier - Produced: Accessory-Type_0
2026-05-13 01:46:38 [Thread-7] INFO  model.workers.Dealer - Dealer-0 sold a car
2026-05-13 01:46:38 [Thread-2] INFO  model.workers.Supplier - Produced: Engine
2026-05-13 01:46:38 [Thread-5] INFO  model.workers.Supplier - Produced: Accessory-Type_1
2026-05-13 01:46:38 [Thread-4] INFO  model.workers.Supplier - Produced: Accessory-Type_0
2026-05-13 01:46:38 [Thread-0] INFO  model.workers.Supplier - Produced: Body
2026-05-13 01:46:38 [Thread-6] INFO  model.workers.Supplier - Produced: Accessory-Type_2
2026-05-13 01:46:41 [Thread-7] INFO  model.workers.Dealer - Dealer-0 sold a car
2026-05-13 01:46:41 [Thread-1] INFO  model.workers.Supplier - Produced: Body
2026-05-13 01:46:41 [Thread-4] INFO  model.workers.Supplier - Produced: Accessory-Type_0
2026-05-13 01:46:41 [Thread-6] INFO  model.workers.Supplier - Produced: Accessory-Type_2
2026-05-13 01:46:41 [Thread-3] INFO  model.workers.Supplier - Produced: Engine
2026-05-13 01:46:41 [Thread-5] INFO  model.workers.Supplier - Produced: Accessory-Type_1
2026-05-13 01:46:44 [Thread-7] INFO  model.workers.Dealer - Dealer-0 sold a car
2026-05-13 01:46:44 [Thread-0] INFO  model.workers.Supplier - Produced: Body
2026-05-13 01:46:44 [Thread-2] INFO  model.workers.Supplier - Produced: Engine
2026-05-13 01:46:44 [Thread-6] INFO  model.workers.Supplier - Produced: Accessory-Type_2
2026-05-13 01:46:44 [Thread-4] INFO  model.workers.Supplier - Produced: Accessory-Type_0
2026-05-13 01:46:44 [Thread-5] INFO  model.workers.Supplier - Produced: Accessory-Type_1
2026-05-13 01:46:47 [Thread-7] INFO  model.workers.Dealer - Dealer-0 sold a car
2026-05-13 01:46:47 [Thread-3] INFO  model.workers.Supplier - Produced: Engine
2026-05-13 01:46:47 [Thread-6] INFO  model.workers.Supplier - Produced: Accessory-Type_2
2026-05-13 01:46:47 [Thread-1] INFO  model.workers.Supplier - Produced: Body
2026-05-13 01:46:47 [Thread-4] INFO  model.workers.Supplier - Produced: Accessory-Type_0
2026-05-13 01:46:47 [Thread-5] INFO  model.workers.Supplier - Produced: Accessory-Type_1
2026-05-13 01:46:59 [Thread-7] INFO  model.workers.Dealer - Dealer-0 started
2026-05-13 01:47:01 [Thread-6] INFO  model.workers.Supplier - Produced: Accessory-Type_2
2026-05-13 01:47:01 [Thread-4] INFO  model.workers.Supplier - Produced: Accessory-Type_0
2026-05-13 01:47:01 [Thread-5] INFO  model.workers.Supplier - Produced: Accessory-Type_1
2026-05-13 01:47:03 [Thread-0] INFO  model.workers.Supplier - Produced: Body
2026-05-13 01:47:03 [Thread-1] INFO  model.workers.Supplier - Produced: Body
2026-05-13 01:47:03 [Thread-3] INFO  model.workers.Supplier - Produced: Engine
2026-05-13 01:47:03 [Thread-2] INFO  model.workers.Supplier - Produced: Engine
2026-05-13 01:47:03 [Thread-7] INFO  model.workers.Dealer - Dealer-0 sold a car
2026-05-13 01:47:04 [Thread-6] INFO  model.workers.Supplier - Produced: Accessory-Type_2
2026-05-13 01:47:04 [Thread-5] INFO  model.workers.Supplier - Produced: Accessory-Type_1
2026-05-13 01:47:04 [Thread-4] INFO  model.workers.Supplier - Produced: Accessory-Type_0
2026-05-13 01:47:06 [Thread-4] INFO  model.workers.Supplier - Produced: Accessory-Type_0
2026-05-13 01:47:06 [Thread-5] INFO  model.workers.Supplier - Produced: Accessory-Type_1
2026-05-13 01:47:06 [Thread-6] INFO  model.workers.Supplier - Produced: Accessory-Type_2
2026-05-13 01:47:07 [Thread-7] INFO  model.workers.Dealer - Dealer-0 sold a car
2026-05-13 01:47:07 [Thread-0] INFO  model.workers.Supplier - Produced: Body
2026-05-13 01:47:07 [Thread-1] INFO  model.workers.Supplier - Produced: Body
2026-05-13 01:47:07 [Thread-2] INFO  model.workers.Supplier - Produced: Engine
2026-05-13 01:47:07 [Thread-3] INFO  model.workers.Supplier - Produced: Engine
2026-05-13 01:47:08 [Thread-6] INFO  model.workers.Supplier - Produced: Accessory-Type_2
2026-05-13 01:47:08 [Thread-4] INFO  model.workers.Supplier - Produced: Accessory-Type_0
2026-05-13 01:47:08 [Thread-5] INFO  model.workers.Supplier - Produced: Accessory-Type_1
2026-05-13 01:47:10 [Thread-7] INFO  model.workers.Dealer - Dealer-0 sold a car
2026-05-13 01:47:10 [Thread-5] INFO  model.workers.Supplier - Produced: Accessory-Type_1
2026-05-13 01:47:10 [Thread-4] INFO  model.workers.Supplier - Produced: Accessory-Type_0
2026-05-13 01:47:10 [Thread-6] INFO  model.workers.Supplier - Produced: Accessory-Type_2
2026-05-13 01:47:11 [Thread-0] INFO  model.workers.Supplier - Produced: Body
2026-05-13 01:47:12 [Thread-3] INFO  model.workers.Supplier - Produced: Engine
2026-05-13 01:47:12 [Thread-2] INFO  model.workers.Supplier - Produced: Engine
2026-05-13 01:47:12 [Thread-1] INFO  model.workers.Supplier - Produced: Body
2026-05-13 01:47:12 [Thread-6] INFO  model.workers.Supplier - Produced: Accessory-Type_2
2026-05-13 01:47:12 [Thread-5] INFO  model.workers.Supplier - Produced: Accessory-Type_1
2026-05-13 01:47:12 [Thread-4] INFO  model.workers.Supplier - Produced: Accessory-Type_0
2026-05-13 01:47:13 [Thread-7] INFO  model.workers.Dealer - Dealer-0 sold a car
2026-05-13 01:47:14 [Thread-6] INFO  model.workers.Supplier - Produced: Accessory-Type_2
2026-05-13 01:47:14 [Thread-4] INFO  model.workers.Supplier - Produced: Accessory-Type_0
2026-05-13 01:47:14 [Thread-5] INFO  model.workers.Supplier - Produced: Accessory-Type_1
2026-05-13 01:47:15 [Thread-0] INFO  model.workers.Supplier - Produced: Body
2026-05-13 01:47:16 [Thread-1] INFO  model.workers.Supplier - Produced: Body
2026-05-13 01:47:16 [Thread-2] INFO  model.workers.Supplier - Produced: Engine
2026-05-13 01:47:16 [Thread-3] INFO  model.workers.Supplier - Produced: Engine
2026-05-13 01:47:16 [Thread-7] INFO  model.workers.Dealer - Dealer-0 sold a car
2026-05-13 01:47:16 [Thread-6] INFO  model.workers.Supplier - Produced: Accessory-Type_2
2026-05-13 01:47:16 [Thread-5] INFO  model.workers.Supplier - Produced: Accessory-Type_1
2026-05-13 01:47:16 [Thread-4] INFO  model.workers.Supplier - Produced: Accessory-Type_0
2026-05-13 01:47:18 [Thread-4] INFO  model.workers.Supplier - Produced: Accessory-Type_0
2026-05-13 01:47:18 [Thread-6] INFO  model.workers.Supplier - Produced: Accessory-Type_2
2026-05-13 01:47:18 [Thread-5] INFO  model.workers.Supplier - Produced: Accessory-Type_1
2026-05-13 01:47:19 [Thread-7] INFO  model.workers.Dealer - Dealer-0 sold a car
2026-05-13 01:47:19 [Thread-0] INFO  model.workers.Supplier - Produced: Body
2026-05-13 01:47:20 [Thread-1] INFO  model.workers.Supplier - Produced: Body
2026-05-13 01:47:20 [Thread-2] INFO  model.workers.Supplier - Produced: Engine
2026-05-13 01:47:20 [Thread-3] INFO  model.workers.Supplier - Produced: Engine
2026-05-13 01:47:20 [Thread-4] INFO  model.workers.Supplier - Produced: Accessory-Type_0
2026-05-13 01:47:20 [Thread-6] INFO  model.workers.Supplier - Produced: Accessory-Type_2
2026-05-13 01:47:20 [Thread-5] INFO  model.workers.Supplier - Produced: Accessory-Type_1
2026-05-13 01:47:22 [Thread-7] INFO  model.workers.Dealer - Dealer-0 sold a car
2026-05-13 01:47:22 [Thread-6] INFO  model.workers.Supplier - Produced: Accessory-Type_2
2026-05-13 01:47:22 [Thread-5] INFO  model.workers.Supplier - Produced: Accessory-Type_1
2026-05-13 01:47:22 [Thread-4] INFO  model.workers.Supplier - Produced: Accessory-Type_0
2026-05-13 01:47:24 [Thread-0] INFO  model.workers.Supplier - Produced: Body
2026-05-13 01:47:24 [Thread-2] INFO  model.workers.Supplier - Produced: Engine
2026-05-13 01:47:24 [Thread-1] INFO  model.workers.Supplier - Produced: Body
2026-05-13 01:47:24 [Thread-3] INFO  model.workers.Supplier - Produced: Engine
2026-05-13 01:47:24 [Thread-4] INFO  model.workers.Supplier - Produced: Accessory-Type_0
2026-05-13 01:47:24 [Thread-5] INFO  model.workers.Supplier - Produced: Accessory-Type_1
2026-05-13 01:47:24 [Thread-6] INFO  model.workers.Supplier - Produced: Accessory-Type_2
2026-05-13 01:47:25 [Thread-7] INFO  model.workers.Dealer - Dealer-0 sold a car
2026-05-13 01:47:26 [Thread-5] INFO  model.workers.Supplier - Produced: Accessory-Type_1
2026-05-13 01:47:26 [Thread-4] INFO  model.workers.Supplier - Produced: Accessory-Type_0
2026-05-13 01:47:26 [Thread-6] INFO  model.workers.Supplier - Produced: Accessory-Type_2
2026-05-13 01:47:28 [Thread-0] INFO  model.workers.Supplier - Produced: Body
2026-05-13 01:47:28 [Thread-2] INFO  model.workers.Supplier - Produced: Engine
2026-05-13 01:47:28 [Thread-1] INFO  model.workers.Supplier - Produced: Body
2026-05-13 01:47:28 [Thread-3] INFO  model.workers.Supplier - Produced: Engine
2026-05-13 01:47:28 [Thread-7] INFO  model.workers.Dealer - Dealer-0 sold a car
2026-05-13 01:47:28 [Thread-4] INFO  model.workers.Supplier - Produced: Accessory-Type_0
2026-05-13 01:47:28 [Thread-6] INFO  model.workers.Supplier - Produced: Accessory-Type_2
2026-05-13 01:47:28 [Thread-5] INFO  model.workers.Supplier - Produced: Accessory-Type_1
2026-05-13 01:47:30 [Thread-5] INFO  model.workers.Supplier - Produced: Accessory-Type_1
2026-05-13 01:47:30 [Thread-6] INFO  model.workers.Supplier - Produced: Accessory-Type_2
2026-05-13 01:47:30 [Thread-4] INFO  model.workers.Supplier - Produced: Accessory-Type_0
2026-05-13 01:47:31 [Thread-7] INFO  model.workers.Dealer - Dealer-0 sold a car
2026-05-13 01:47:32 [Thread-0] INFO  model.workers.Supplier - Produced: Body
2026-05-13 01:47:32 [Thread-2] INFO  model.workers.Supplier - Produced: Engine
2026-05-13 01:47:32 [Thread-1] INFO  model.workers.Supplier - Produced: Body
2026-05-13 01:47:32 [Thread-3] INFO  model.workers.Supplier - Produced: Engine
2026-05-13 01:47:32 [Thread-5] INFO  model.workers.Supplier - Produced: Accessory-Type_1
2026-05-13 01:47:32 [Thread-6] INFO  model.workers.Supplier - Produced: Accessory-Type_2
2026-05-13 01:47:32 [Thread-4] INFO  model.workers.Supplier - Produced: Accessory-Type_0
2026-05-13 01:47:34 [Thread-7] INFO  model.workers.Dealer - Dealer-0 sold a car
2026-05-13 01:47:34 [Thread-4] INFO  model.workers.Supplier - Produced: Accessory-Type_0
2026-05-13 01:47:34 [Thread-6] INFO  model.workers.Supplier - Produced: Accessory-Type_2
2026-05-13 01:47:34 [Thread-5] INFO  model.workers.Supplier - Produced: Accessory-Type_1
2026-05-13 01:47:36 [Thread-0] INFO  model.workers.Supplier - Produced: Body
2026-05-13 01:47:36 [Thread-1] INFO  model.workers.Supplier - Produced: Body
2026-05-13 01:47:36 [Thread-2] INFO  model.workers.Supplier - Produced: Engine
2026-05-13 01:47:36 [Thread-3] INFO  model.workers.Supplier - Produced: Engine
2026-05-13 01:47:36 [Thread-4] INFO  model.workers.Supplier - Produced: Accessory-Type_0
2026-05-13 01:47:36 [Thread-6] INFO  model.workers.Supplier - Produced: Accessory-Type_2
2026-05-13 01:47:36 [Thread-5] INFO  model.workers.Supplier - Produced: Accessory-Type_1
2026-05-13 01:47:37 [Thread-7] INFO  model.workers.Dealer - Dealer-0 sold a car
2026-05-13 01:47:38 [Thread-6] INFO  model.workers.Supplier - Produced: Accessory-Type_2
2026-05-13 01:47:38 [Thread-5] INFO  model.workers.Supplier - Produced: Accessory-Type_1
2026-05-13 01:47:38 [Thread-4] INFO  model.workers.Supplier - Produced: Accessory-Type_0
2026-05-13 01:47:40 [Thread-0] INFO  model.workers.Supplier - Produced: Body
2026-05-13 01:47:40 [Thread-2] INFO  model.workers.Supplier - Produced: Engine
2026-05-13 01:47:40 [Thread-1] INFO  model.workers.Supplier - Produced: Body
2026-05-13 01:47:40 [Thread-3] INFO  model.workers.Supplier - Produced: Engine
2026-05-13 01:47:40 [Thread-7] INFO  model.workers.Dealer - Dealer-0 sold a car
2026-05-13 01:47:40 [Thread-4] INFO  model.workers.Supplier - Produced: Accessory-Type_0
2026-05-13 01:47:40 [Thread-6] INFO  model.workers.Supplier - Produced: Accessory-Type_2
2026-05-13 01:47:40 [Thread-5] INFO  model.workers.Supplier - Produced: Accessory-Type_1
2026-05-13 01:47:42 [Thread-6] INFO  model.workers.Supplier - Produced: Accessory-Type_2
2026-05-13 01:47:42 [Thread-5] INFO  model.workers.Supplier - Produced: Accessory-Type_1
2026-05-13 01:47:42 [Thread-4] INFO  model.workers.Supplier - Produced: Accessory-Type_0
2026-05-13 01:47:43 [Thread-7] INFO  model.workers.Dealer - Dealer-0 sold a car
2026-05-13 01:47:44 [Thread-0] INFO  model.workers.Supplier - Produced: Body
2026-05-13 01:47:44 [Thread-1] INFO  model.workers.Supplier - Produced: Body
2026-05-13 01:47:44 [Thread-2] INFO  model.workers.Supplier - Produced: Engine
2026-05-13 01:47:44 [Thread-3] INFO  model.workers.Supplier - Produced: Engine
2026-05-13 01:47:44 [Thread-5] INFO  model.workers.Supplier - Produced: Accessory-Type_1
2026-05-13 01:47:44 [Thread-6] INFO  model.workers.Supplier - Produced: Accessory-Type_2
2026-05-13 01:47:44 [Thread-4] INFO  model.workers.Supplier - Produced: Accessory-Type_0
2026-05-13 01:47:46 [Thread-7] INFO  model.workers.Dealer - Dealer-0 sold a car
2026-05-13 01:47:46 [Thread-6] INFO  model.workers.Supplier - Produced: Accessory-Type_2
2026-05-13 01:47:46 [Thread-4] INFO  model.workers.Supplier - Produced: Accessory-Type_0
2026-05-13 01:47:46 [Thread-5] INFO  model.workers.Supplier - Produced: Accessory-Type_1
2026-05-13 01:47:48 [Thread-0] INFO  model.workers.Supplier - Produced: Body
2026-05-13 01:47:48 [Thread-2] INFO  model.workers.Supplier - Produced: Engine
2026-05-13 01:47:48 [Thread-3] INFO  model.workers.Supplier - Produced: Engine
2026-05-13 01:47:48 [Thread-1] INFO  model.workers.Supplier - Produced: Body
2026-05-13 01:47:48 [Thread-6] INFO  model.workers.Supplier - Produced: Accessory-Type_2
2026-05-13 01:47:48 [Thread-4] INFO  model.workers.Supplier - Produced: Accessory-Type_0
2026-05-13 01:47:48 [Thread-5] INFO  model.workers.Supplier - Produced: Accessory-Type_1
2026-05-13 01:47:49 [Thread-7] INFO  model.workers.Dealer - Dealer-0 sold a car
2026-05-13 01:47:50 [Thread-6] INFO  model.workers.Supplier - Produced: Accessory-Type_2
2026-05-13 01:47:50 [Thread-5] INFO  model.workers.Supplier - Produced: Accessory-Type_1
2026-05-13 01:47:50 [Thread-4] INFO  model.workers.Supplier - Produced: Accessory-Type_0
2026-05-13 01:47:52 [Thread-0] INFO  model.workers.Supplier - Produced: Body
2026-05-13 01:47:52 [Thread-2] INFO  model.workers.Supplier - Produced: Engine
2026-05-13 01:47:52 [Thread-3] INFO  model.workers.Supplier - Produced: Engine
2026-05-13 01:47:52 [Thread-1] INFO  model.workers.Supplier - Produced: Body
2026-05-13 01:47:52 [Thread-7] INFO  model.workers.Dealer - Dealer-0 sold a car
2026-05-13 01:47:52 [Thread-5] INFO  model.workers.Supplier - Produced: Accessory-Type_1
2026-05-13 01:47:52 [Thread-4] INFO  model.workers.Supplier - Produced: Accessory-Type_0
2026-05-13 01:47:52 [Thread-6] INFO  model.workers.Supplier - Produced: Accessory-Type_2
2026-05-13 01:47:54 [Thread-4] INFO  model.workers.Supplier - Produced: Accessory-Type_0
2026-05-13 01:47:54 [Thread-5] INFO  model.workers.Supplier - Produced: Accessory-Type_1
2026-05-13 01:47:54 [Thread-6] INFO  model.workers.Supplier - Produced: Accessory-Type_2
2026-05-13 01:47:55 [Thread-7] INFO  model.workers.Dealer - Dealer-0 sold a car
2026-05-13 01:47:56 [Thread-0] INFO  model.workers.Supplier - Produced: Body
2026-05-13 01:47:56 [Thread-3] INFO  model.workers.Supplier - Produced: Engine
2026-05-13 01:47:56 [Thread-2] INFO  model.workers.Supplier - Produced: Engine
2026-05-13 01:47:56 [Thread-1] INFO  model.workers.Supplier - Produced: Body
2026-05-13 01:47:56 [Thread-4] INFO  model.workers.Supplier - Produced: Accessory-Type_0
2026-05-13 01:47:56 [Thread-6] INFO  model.workers.Supplier - Produced: Accessory-Type_2
2026-05-13 01:47:56 [Thread-5] INFO  model.workers.Supplier - Produced: Accessory-Type_1
2026-05-13 01:47:58 [Thread-7] INFO  model.workers.Dealer - Dealer-0 sold a car
2026-05-13 01:47:58 [Thread-6] INFO  model.workers.Supplier - Produced: Accessory-Type_2
2026-05-13 01:47:58 [Thread-5] INFO  model.workers.Supplier - Produced: Accessory-Type_1
2026-05-13 01:47:58 [Thread-4] INFO  model.workers.Supplier - Produced: Accessory-Type_0
2026-05-13 01:48:00 [Thread-0] INFO  model.workers.Supplier - Produced: Body
2026-05-13 01:48:00 [Thread-1] INFO  model.workers.Supplier - Produced: Body
2026-05-13 01:48:00 [Thread-3] INFO  model.workers.Supplier - Produced: Engine
2026-05-13 01:48:00 [Thread-2] INFO  model.workers.Supplier - Produced: Engine
2026-05-13 01:48:00 [Thread-6] INFO  model.workers.Supplier - Produced: Accessory-Type_2
2026-05-13 01:48:00 [Thread-4] INFO  model.workers.Supplier - Produced: Accessory-Type_0
2026-05-13 01:48:00 [Thread-5] INFO  model.workers.Supplier - Produced: Accessory-Type_1
2026-05-13 01:48:01 [Thread-7] INFO  model.workers.Dealer - Dealer-0 sold a car
2026-05-13 01:48:02 [Thread-6] INFO  model.workers.Supplier - Produced: Accessory-Type_2
2026-05-13 01:48:02 [Thread-5] INFO  model.workers.Supplier - Produced: Accessory-Type_1
2026-05-13 01:48:02 [Thread-4] INFO  model.workers.Supplier - Produced: Accessory-Type_0
2026-05-13 01:48:04 [Thread-0] INFO  model.workers.Supplier - Produced: Body
2026-05-13 01:48:04 [Thread-3] INFO  model.workers.Supplier - Produced: Engine
2026-05-13 01:48:04 [Thread-1] INFO  model.workers.Supplier - Produced: Body
2026-05-13 01:48:04 [Thread-2] INFO  model.workers.Supplier - Produced: Engine
2026-05-13 01:48:04 [Thread-7] INFO  model.workers.Dealer - Dealer-0 sold a car
2026-05-13 01:48:04 [Thread-5] INFO  model.workers.Supplier - Produced: Accessory-Type_1
2026-05-13 01:48:04 [Thread-6] INFO  model.workers.Supplier - Produced: Accessory-Type_2
2026-05-13 01:48:04 [Thread-4] INFO  model.workers.Supplier - Produced: Accessory-Type_0
2026-05-13 01:48:06 [Thread-4] INFO  model.workers.Supplier - Produced: Accessory-Type_0
2026-05-13 01:48:06 [Thread-5] INFO  model.workers.Supplier - Produced: Accessory-Type_1
2026-05-13 01:48:06 [Thread-6] INFO  model.workers.Supplier - Produced: Accessory-Type_2
2026-05-13 01:48:07 [Thread-7] INFO  model.workers.Dealer - Dealer-0 sold a car
2026-05-13 01:48:08 [Thread-0] INFO  model.workers.Supplier - Produced: Body
2026-05-13 01:48:08 [Thread-3] INFO  model.workers.Supplier - Produced: Engine
2026-05-13 01:48:08 [Thread-1] INFO  model.workers.Supplier - Produced: Body
2026-05-13 01:48:08 [Thread-2] INFO  model.workers.Supplier - Produced: Engine
2026-05-13 01:48:08 [Thread-5] INFO  model.workers.Supplier - Produced: Accessory-Type_1
2026-05-13 01:48:08 [Thread-6] INFO  model.workers.Supplier - Produced: Accessory-Type_2
2026-05-13 01:48:08 [Thread-4] INFO  model.workers.Supplier - Produced: Accessory-Type_0
2026-05-13 01:48:10 [Thread-7] INFO  model.workers.Dealer - Dealer-0 sold a car
2026-05-13 01:48:10 [Thread-5] INFO  model.workers.Supplier - Produced: Accessory-Type_1
2026-05-13 01:48:10 [Thread-6] INFO  model.workers.Supplier - Produced: Accessory-Type_2
2026-05-13 01:48:10 [Thread-4] INFO  model.workers.Supplier - Produced: Accessory-Type_0
2026-05-13 01:48:12 [Thread-0] INFO  model.workers.Supplier - Produced: Body
2026-05-13 01:48:12 [Thread-2] INFO  model.workers.Supplier - Produced: Engine
2026-05-13 01:48:12 [Thread-6] INFO  model.workers.Supplier - Produced: Accessory-Type_2
2026-05-13 01:48:12 [Thread-4] INFO  model.workers.Supplier - Produced: Accessory-Type_0
2026-05-13 01:48:12 [Thread-5] INFO  model.workers.Supplier - Produced: Accessory-Type_1
2026-05-13 01:48:13 [Thread-7] INFO  model.workers.Dealer - Dealer-0 sold a car
2026-05-13 01:48:13 [Thread-1] INFO  model.workers.Supplier - Produced: Body
2026-05-13 01:48:13 [Thread-3] INFO  model.workers.Supplier - Produced: Engine
2026-05-13 01:48:14 [Thread-4] INFO  model.workers.Supplier - Produced: Accessory-Type_0
2026-05-13 01:48:14 [Thread-6] INFO  model.workers.Supplier - Produced: Accessory-Type_2
2026-05-13 01:48:14 [Thread-5] INFO  model.workers.Supplier - Produced: Accessory-Type_1
2026-05-13 01:48:16 [Thread-7] INFO  model.workers.Dealer - Dealer-0 sold a car
2026-05-13 01:48:16 [Thread-0] INFO  model.workers.Supplier - Produced: Body
2026-05-13 01:48:16 [Thread-2] INFO  model.workers.Supplier - Produced: Engine
2026-05-13 01:48:16 [Thread-5] INFO  model.workers.Supplier - Produced: Accessory-Type_1
2026-05-13 01:48:16 [Thread-6] INFO  model.workers.Supplier - Produced: Accessory-Type_2
2026-05-13 01:48:16 [Thread-4] INFO  model.workers.Supplier - Produced: Accessory-Type_0
2026-05-13 01:48:18 [Thread-4] INFO  model.workers.Supplier - Produced: Accessory-Type_0
2026-05-13 01:48:18 [Thread-5] INFO  model.workers.Supplier - Produced: Accessory-Type_1
2026-05-13 01:48:18 [Thread-6] INFO  model.workers.Supplier - Produced: Accessory-Type_2
2026-05-13 01:48:19 [Thread-7] INFO  model.workers.Dealer - Dealer-0 sold a car
2026-05-13 01:48:19 [Thread-1] INFO  model.workers.Supplier - Produced: Body
2026-05-13 01:48:19 [Thread-3] INFO  model.workers.Supplier - Produced: Engine
2026-05-13 01:48:20 [Thread-4] INFO  model.workers.Supplier - Produced: Accessory-Type_0
2026-05-13 01:48:20 [Thread-5] INFO  model.workers.Supplier - Produced: Accessory-Type_1
2026-05-13 01:48:20 [Thread-6] INFO  model.workers.Supplier - Produced: Accessory-Type_2
2026-05-13 01:48:22 [Thread-7] INFO  model.workers.Dealer - Dealer-0 sold a car
2026-05-13 01:48:22 [Thread-0] INFO  model.workers.Supplier - Produced: Body
2026-05-13 01:48:22 [Thread-2] INFO  model.workers.Supplier - Produced: Engine
2026-05-13 01:48:22 [Thread-5] INFO  model.workers.Supplier - Produced: Accessory-Type_1
2026-05-13 01:48:22 [Thread-4] INFO  model.workers.Supplier - Produced: Accessory-Type_0
2026-05-13 01:48:22 [Thread-6] INFO  model.workers.Supplier - Produced: Accessory-Type_2
2026-05-13 01:48:24 [Thread-5] INFO  model.workers.Supplier - Produced: Accessory-Type_1
2026-05-13 01:48:24 [Thread-6] INFO  model.workers.Supplier - Produced: Accessory-Type_2
2026-05-13 01:48:24 [Thread-4] INFO  model.workers.Supplier - Produced: Accessory-Type_0
2026-05-13 01:48:25 [Thread-7] INFO  model.workers.Dealer - Dealer-0 sold a car
2026-05-13 01:48:25 [Thread-3] INFO  model.workers.Supplier - Produced: Engine
2026-05-13 01:48:25 [Thread-1] INFO  model.workers.Supplier - Produced: Body
2026-05-13 01:48:26 [Thread-5] INFO  model.workers.Supplier - Produced: Accessory-Type_1
2026-05-13 01:48:26 [Thread-6] INFO  model.workers.Supplier - Produced: Accessory-Type_2
2026-05-13 01:48:26 [Thread-4] INFO  model.workers.Supplier - Produced: Accessory-Type_0
2026-05-13 01:48:28 [Thread-7] INFO  model.workers.Dealer - Dealer-0 sold a car
2026-05-13 01:48:28 [Thread-0] INFO  model.workers.Supplier - Produced: Body
2026-05-13 01:48:28 [Thread-2] INFO  model.workers.Supplier - Produced: Engine
2026-05-13 01:48:28 [Thread-6] INFO  model.workers.Supplier - Produced: Accessory-Type_2
2026-05-13 01:48:28 [Thread-5] INFO  model.workers.Supplier - Produced: Accessory-Type_1
2026-05-13 01:48:28 [Thread-4] INFO  model.workers.Supplier - Produced: Accessory-Type_0
2026-05-13 01:48:30 [Thread-6] INFO  model.workers.Supplier - Produced: Accessory-Type_2
2026-05-13 01:48:30 [Thread-4] INFO  model.workers.Supplier - Produced: Accessory-Type_0
2026-05-13 01:48:30 [Thread-5] INFO  model.workers.Supplier - Produced: Accessory-Type_1
2026-05-13 01:48:31 [Thread-3] INFO  model.workers.Supplier - Produced: Engine
2026-05-13 01:48:31 [Thread-1] INFO  model.workers.Supplier - Produced: Body
2026-05-13 01:48:31 [Thread-7] INFO  model.workers.Dealer - Dealer-0 sold a car
2026-05-13 01:48:32 [Thread-6] INFO  model.workers.Supplier - Produced: Accessory-Type_2
2026-05-13 01:48:32 [Thread-4] INFO  model.workers.Supplier - Produced: Accessory-Type_0
2026-05-13 01:48:32 [Thread-5] INFO  model.workers.Supplier - Produced: Accessory-Type_1
2026-05-13 01:48:34 [Thread-7] INFO  model.workers.Dealer - Dealer-0 sold a car
2026-05-13 01:48:34 [Thread-2] INFO  model.workers.Supplier - Produced: Engine
2026-05-13 01:48:34 [Thread-0] INFO  model.workers.Supplier - Produced: Body
2026-05-13 01:48:34 [Thread-5] INFO  model.workers.Supplier - Produced: Accessory-Type_1
2026-05-13 01:48:34 [Thread-4] INFO  model.workers.Supplier - Produced: Accessory-Type_0
2026-05-13 01:48:34 [Thread-6] INFO  model.workers.Supplier - Produced: Accessory-Type_2
2026-05-13 01:48:36 [Thread-5] INFO  model.workers.Supplier - Produced: Accessory-Type_1
2026-05-13 01:48:36 [Thread-6] INFO  model.workers.Supplier - Produced: Accessory-Type_2
2026-05-13 01:48:36 [Thread-4] INFO  model.workers.Supplier - Produced: Accessory-Type_0
2026-05-13 01:48:37 [Thread-7] INFO  model.workers.Dealer - Dealer-0 sold a car
2026-05-13 01:48:37 [Thread-3] INFO  model.workers.Supplier - Produced: Engine
2026-05-13 01:48:37 [Thread-1] INFO  model.workers.Supplier - Produced: Body
2026-05-13 01:48:38 [Thread-6] INFO  model.workers.Supplier - Produced: Accessory-Type_2
2026-05-13 01:48:38 [Thread-4] INFO  model.workers.Supplier - Produced: Accessory-Type_0
2026-05-13 01:48:38 [Thread-5] INFO  model.workers.Supplier - Produced: Accessory-Type_1
2026-05-13 01:48:40 [Thread-7] INFO  model.workers.Dealer - Dealer-0 sold a car
2026-05-13 01:48:40 [Thread-0] INFO  model.workers.Supplier - Produced: Body
2026-05-13 01:48:40 [Thread-2] INFO  model.workers.Supplier - Produced: Engine
2026-05-13 01:48:40 [Thread-4] INFO  model.workers.Supplier - Produced: Accessory-Type_0
2026-05-13 01:48:40 [Thread-5] INFO  model.workers.Supplier - Produced: Accessory-Type_1
2026-05-13 01:48:40 [Thread-6] INFO  model.workers.Supplier - Produced: Accessory-Type_2
2026-05-13 01:53:47 [Thread-7] INFO  model.workers.Dealer - Dealer-0 started
2026-05-13 01:53:49 [Thread-5] INFO  model.workers.Supplier - Produced: Accessory-Type_1
2026-05-13 01:53:49 [Thread-6] INFO  model.workers.Supplier - Produced: Accessory-Type_2
2026-05-13 01:53:49 [Thread-4] INFO  model.workers.Supplier - Produced: Accessory-Type_0
2026-05-13 01:53:51 [Thread-0] INFO  model.workers.Supplier - Produced: Body
2026-05-13 01:53:51 [Thread-2] INFO  model.workers.Supplier - Produced: Engine
2026-05-13 01:53:51 [Thread-1] INFO  model.workers.Supplier - Produced: Body
2026-05-13 01:53:51 [Thread-3] INFO  model.workers.Supplier - Produced: Engine
2026-05-13 01:53:51 [Thread-7] INFO  model.workers.Dealer - Dealer-0 sold a car
2026-05-13 01:53:51 [Thread-5] INFO  model.workers.Supplier - Produced: Accessory-Type_1
2026-05-13 01:53:51 [Thread-4] INFO  model.workers.Supplier - Produced: Accessory-Type_0
2026-05-13 01:53:51 [Thread-6] INFO  model.workers.Supplier - Produced: Accessory-Type_2
2026-05-13 01:53:53 [Thread-4] INFO  model.workers.Supplier - Produced: Accessory-Type_0
2026-05-13 01:53:53 [Thread-5] INFO  model.workers.Supplier - Produced: Accessory-Type_1
2026-05-13 01:53:53 [Thread-6] INFO  model.workers.Supplier - Produced: Accessory-Type_2
2026-05-13 01:53:54 [Thread-7] INFO  model.workers.Dealer - Dealer-0 sold a car
2026-05-13 01:53:55 [Thread-0] INFO  model.workers.Supplier - Produced: Body
2026-05-13 01:53:55 [Thread-2] INFO  model.workers.Supplier - Produced: Engine
2026-05-13 01:53:55 [Thread-3] INFO  model.workers.Supplier - Produced: Engine
2026-05-13 01:53:55 [Thread-1] INFO  model.workers.Supplier - Produced: Body
2026-05-13 01:53:55 [Thread-4] INFO  model.workers.Supplier - Produced: Accessory-Type_0
2026-05-13 01:53:55 [Thread-5] INFO  model.workers.Supplier - Produced: Accessory-Type_1
2026-05-13 01:53:55 [Thread-6] INFO  model.workers.Supplier - Produced: Accessory-Type_2
2026-05-13 01:53:57 [Thread-7] INFO  model.workers.Dealer - Dealer-0 sold a car
2026-05-13 01:53:57 [Thread-6] INFO  model.workers.Supplier - Produced: Accessory-Type_2
2026-05-13 01:53:57 [Thread-5] INFO  model.workers.Supplier - Produced: Accessory-Type_1
2026-05-13 01:53:57 [Thread-4] INFO  model.workers.Supplier - Produced: Accessory-Type_0
2026-05-13 01:53:59 [Thread-2] INFO  model.workers.Supplier - Produced: Engine
2026-05-13 01:53:59 [Thread-3] INFO  model.workers.Supplier - Produced: Engine
2026-05-13 01:53:59 [Thread-1] INFO  model.workers.Supplier - Produced: Body
2026-05-13 01:53:59 [Thread-0] INFO  model.workers.Supplier - Produced: Body
2026-05-13 01:53:59 [Thread-6] INFO  model.workers.Supplier - Produced: Accessory-Type_2
2026-05-13 01:53:59 [Thread-5] INFO  model.workers.Supplier - Produced: Accessory-Type_1
2026-05-13 01:53:59 [Thread-4] INFO  model.workers.Supplier - Produced: Accessory-Type_0
2026-05-13 01:54:00 [Thread-7] INFO  model.workers.Dealer - Dealer-0 sold a car
2026-05-13 01:54:01 [Thread-4] INFO  model.workers.Supplier - Produced: Accessory-Type_0
2026-05-13 01:54:01 [Thread-5] INFO  model.workers.Supplier - Produced: Accessory-Type_1
2026-05-13 01:54:01 [Thread-6] INFO  model.workers.Supplier - Produced: Accessory-Type_2
2026-05-13 01:54:03 [Thread-3] INFO  model.workers.Supplier - Produced: Engine
2026-05-13 01:54:03 [Thread-2] INFO  model.workers.Supplier - Produced: Engine
2026-05-13 01:54:03 [Thread-1] INFO  model.workers.Supplier - Produced: Body
2026-05-13 01:54:03 [Thread-7] INFO  model.workers.Dealer - Dealer-0 sold a car
2026-05-13 01:54:03 [Thread-0] INFO  model.workers.Supplier - Produced: Body
2026-05-13 01:54:03 [Thread-5] INFO  model.workers.Supplier - Produced: Accessory-Type_1
2026-05-13 01:54:03 [Thread-6] INFO  model.workers.Supplier - Produced: Accessory-Type_2
2026-05-13 01:54:03 [Thread-4] INFO  model.workers.Supplier - Produced: Accessory-Type_0
2026-05-13 01:54:05 [Thread-5] INFO  model.workers.Supplier - Produced: Accessory-Type_1
2026-05-13 01:54:05 [Thread-6] INFO  model.workers.Supplier - Produced: Accessory-Type_2
2026-05-13 01:54:05 [Thread-4] INFO  model.workers.Supplier - Produced: Accessory-Type_0
2026-05-13 01:54:06 [Thread-7] INFO  model.workers.Dealer - Dealer-0 sold a car
2026-05-13 01:54:07 [Thread-3] INFO  model.workers.Supplier - Produced: Engine
2026-05-13 01:54:07 [Thread-0] INFO  model.workers.Supplier - Produced: Body
2026-05-13 01:54:07 [Thread-1] INFO  model.workers.Supplier - Produced: Body
2026-05-13 01:54:07 [Thread-2] INFO  model.workers.Supplier - Produced: Engine
2026-05-13 01:54:07 [Thread-6] INFO  model.workers.Supplier - Produced: Accessory-Type_2
2026-05-13 01:54:07 [Thread-4] INFO  model.workers.Supplier - Produced: Accessory-Type_0
2026-05-13 01:54:07 [Thread-5] INFO  model.workers.Supplier - Produced: Accessory-Type_1
2026-05-13 01:54:09 [Thread-7] INFO  model.workers.Dealer - Dealer-0 sold a car
2026-05-13 01:54:09 [Thread-5] INFO  model.workers.Supplier - Produced: Accessory-Type_1
2026-05-13 01:54:09 [Thread-6] INFO  model.workers.Supplier - Produced: Accessory-Type_2
2026-05-13 01:54:09 [Thread-4] INFO  model.workers.Supplier - Produced: Accessory-Type_0
2026-05-13 01:54:11 [Thread-2] INFO  model.workers.Supplier - Produced: Engine
2026-05-13 01:54:11 [Thread-0] INFO  model.workers.Supplier - Produced: Body
2026-05-13 01:54:11 [Thread-3] INFO  model.workers.Supplier - Produced: Engine
2026-05-13 01:54:11 [Thread-1] INFO  model.workers.Supplier - Produced: Body
2026-05-13 01:54:11 [Thread-4] INFO  model.workers.Supplier - Produced: Accessory-Type_0
2026-05-13 01:54:11 [Thread-6] INFO  model.workers.Supplier - Produced: Accessory-Type_2
2026-05-13 01:54:11 [Thread-5] INFO  model.workers.Supplier - Produced: Accessory-Type_1
2026-05-13 01:54:12 [Thread-7] INFO  model.workers.Dealer - Dealer-0 sold a car
2026-05-13 01:54:13 [Thread-6] INFO  model.workers.Supplier - Produced: Accessory-Type_2
2026-05-13 01:54:13 [Thread-5] INFO  model.workers.Supplier - Produced: Accessory-Type_1
2026-05-13 01:54:13 [Thread-4] INFO  model.workers.Supplier - Produced: Accessory-Type_0
2026-05-13 01:54:15 [Thread-3] INFO  model.workers.Supplier - Produced: Engine
2026-05-13 01:54:15 [Thread-0] INFO  model.workers.Supplier - Produced: Body
2026-05-13 01:54:15 [Thread-2] INFO  model.workers.Supplier - Produced: Engine
2026-05-13 01:54:15 [Thread-1] INFO  model.workers.Supplier - Produced: Body
2026-05-13 01:54:15 [Thread-7] INFO  model.workers.Dealer - Dealer-0 sold a car
2026-05-13 01:54:15 [Thread-5] INFO  model.workers.Supplier - Produced: Accessory-Type_1
2026-05-13 01:54:15 [Thread-6] INFO  model.workers.Supplier - Produced: Accessory-Type_2
2026-05-13 01:54:15 [Thread-4] INFO  model.workers.Supplier - Produced: Accessory-Type_0
2026-05-13 01:54:17 [Thread-5] INFO  model.workers.Supplier - Produced: Accessory-Type_1
2026-05-13 01:54:17 [Thread-6] INFO  model.workers.Supplier - Produced: Accessory-Type_2
2026-05-13 01:54:17 [Thread-4] INFO  model.workers.Supplier - Produced: Accessory-Type_0
2026-05-13 01:54:18 [Thread-7] INFO  model.workers.Dealer - Dealer-0 sold a car
2026-05-13 01:54:19 [Thread-0] INFO  model.workers.Supplier - Produced: Body
2026-05-13 01:54:19 [Thread-1] INFO  model.workers.Supplier - Produced: Body
2026-05-13 01:54:19 [Thread-3] INFO  model.workers.Supplier - Produced: Engine
2026-05-13 01:54:19 [Thread-2] INFO  model.workers.Supplier - Produced: Engine
2026-05-13 01:54:19 [Thread-5] INFO  model.workers.Supplier - Produced: Accessory-Type_1
2026-05-13 01:54:19 [Thread-6] INFO  model.workers.Supplier - Produced: Accessory-Type_2
2026-05-13 01:54:19 [Thread-4] INFO  model.workers.Supplier - Produced: Accessory-Type_0
2026-05-13 01:54:21 [Thread-7] INFO  model.workers.Dealer - Dealer-0 sold a car
2026-05-13 01:54:21 [Thread-4] INFO  model.workers.Supplier - Produced: Accessory-Type_0
2026-05-13 01:54:21 [Thread-5] INFO  model.workers.Supplier - Produced: Accessory-Type_1
2026-05-13 01:54:21 [Thread-6] INFO  model.workers.Supplier - Produced: Accessory-Type_2
2026-05-13 01:54:23 [Thread-2] INFO  model.workers.Supplier - Produced: Engine
2026-05-13 01:54:23 [Thread-1] INFO  model.workers.Supplier - Produced: Body
2026-05-13 01:54:23 [Thread-3] INFO  model.workers.Supplier - Produced: Engine
2026-05-13 01:54:23 [Thread-0] INFO  model.workers.Supplier - Produced: Body
2026-05-13 01:54:23 [Thread-5] INFO  model.workers.Supplier - Produced: Accessory-Type_1
2026-05-13 01:54:23 [Thread-6] INFO  model.workers.Supplier - Produced: Accessory-Type_2
2026-05-13 01:54:23 [Thread-4] INFO  model.workers.Supplier - Produced: Accessory-Type_0
2026-05-13 01:54:24 [Thread-7] INFO  model.workers.Dealer - Dealer-0 sold a car
2026-05-13 01:54:25 [Thread-6] INFO  model.workers.Supplier - Produced: Accessory-Type_2
2026-05-13 01:54:25 [Thread-4] INFO  model.workers.Supplier - Produced: Accessory-Type_0
2026-05-13 01:54:25 [Thread-5] INFO  model.workers.Supplier - Produced: Accessory-Type_1
2026-05-13 01:54:27 [Thread-1] INFO  model.workers.Supplier - Produced: Body
2026-05-13 01:54:27 [Thread-0] INFO  model.workers.Supplier - Produced: Body
2026-05-13 01:54:27 [Thread-3] INFO  model.workers.Supplier - Produced: Engine
2026-05-13 01:54:27 [Thread-2] INFO  model.workers.Supplier - Produced: Engine
2026-05-13 01:54:27 [Thread-7] INFO  model.workers.Dealer - Dealer-0 sold a car
2026-05-13 01:54:27 [Thread-6] INFO  model.workers.Supplier - Produced: Accessory-Type_2
2026-05-13 01:54:27 [Thread-4] INFO  model.workers.Supplier - Produced: Accessory-Type_0
2026-05-13 01:54:27 [Thread-5] INFO  model.workers.Supplier - Produced: Accessory-Type_1
2026-05-13 01:54:29 [Thread-5] INFO  model.workers.Supplier - Produced: Accessory-Type_1
2026-05-13 01:54:29 [Thread-6] INFO  model.workers.Supplier - Produced: Accessory-Type_2
2026-05-13 01:54:29 [Thread-4] INFO  model.workers.Supplier - Produced: Accessory-Type_0
2026-05-13 01:54:30 [Thread-7] INFO  model.workers.Dealer - Dealer-0 sold a car
2026-05-13 01:54:31 [Thread-1] INFO  model.workers.Supplier - Produced: Body
2026-05-13 01:54:31 [Thread-2] INFO  model.workers.Supplier - Produced: Engine
2026-05-13 01:54:31 [Thread-0] INFO  model.workers.Supplier - Produced: Body
2026-05-13 01:54:31 [Thread-3] INFO  model.workers.Supplier - Produced: Engine
2026-05-13 01:54:31 [Thread-4] INFO  model.workers.Supplier - Produced: Accessory-Type_0
2026-05-13 01:54:31 [Thread-5] INFO  model.workers.Supplier - Produced: Accessory-Type_1
2026-05-13 01:54:31 [Thread-6] INFO  model.workers.Supplier - Produced: Accessory-Type_2
2026-05-13 01:54:33 [Thread-7] INFO  model.workers.Dealer - Dealer-0 sold a car
2026-05-13 01:54:33 [Thread-5] INFO  model.workers.Supplier - Produced: Accessory-Type_1
2026-05-13 01:54:33 [Thread-6] INFO  model.workers.Supplier - Produced: Accessory-Type_2
2026-05-13 01:54:33 [Thread-4] INFO  model.workers.Supplier - Produced: Accessory-Type_0
2026-05-13 01:54:35 [Thread-0] INFO  model.workers.Supplier - Produced: Body
2026-05-13 01:54:35 [Thread-1] INFO  model.workers.Supplier - Produced: Body
2026-05-13 01:54:35 [Thread-3] INFO  model.workers.Supplier - Produced: Engine
2026-05-13 01:54:35 [Thread-2] INFO  model.workers.Supplier - Produced: Engine
2026-05-13 01:54:35 [Thread-5] INFO  model.workers.Supplier - Produced: Accessory-Type_1
2026-05-13 01:54:35 [Thread-6] INFO  model.workers.Supplier - Produced: Accessory-Type_2
2026-05-13 01:54:35 [Thread-4] INFO  model.workers.Supplier - Produced: Accessory-Type_0
2026-05-13 01:54:36 [Thread-7] INFO  model.workers.Dealer - Dealer-0 sold a car
2026-05-13 01:54:37 [Thread-5] INFO  model.workers.Supplier - Produced: Accessory-Type_1
2026-05-13 01:54:37 [Thread-4] INFO  model.workers.Supplier - Produced: Accessory-Type_0
2026-05-13 01:54:37 [Thread-6] INFO  model.workers.Supplier - Produced: Accessory-Type_2
2026-05-13 01:54:39 [Thread-0] INFO  model.workers.Supplier - Produced: Body
2026-05-13 01:54:39 [Thread-1] INFO  model.workers.Supplier - Produced: Body
2026-05-13 01:54:39 [Thread-2] INFO  model.workers.Supplier - Produced: Engine
2026-05-13 01:54:39 [Thread-3] INFO  model.workers.Supplier - Produced: Engine
2026-05-13 01:54:39 [Thread-7] INFO  model.workers.Dealer - Dealer-0 sold a car
2026-05-13 01:54:39 [Thread-6] INFO  model.workers.Supplier - Produced: Accessory-Type_2
2026-05-13 01:54:39 [Thread-5] INFO  model.workers.Supplier - Produced: Accessory-Type_1
2026-05-13 01:54:39 [Thread-4] INFO  model.workers.Supplier - Produced: Accessory-Type_0
2026-05-13 01:54:41 [Thread-6] INFO  model.workers.Supplier - Produced: Accessory-Type_2
2026-05-13 01:54:41 [Thread-5] INFO  model.workers.Supplier - Produced: Accessory-Type_1
2026-05-13 01:54:41 [Thread-4] INFO  model.workers.Supplier - Produced: Accessory-Type_0
2026-05-13 01:54:42 [Thread-7] INFO  model.workers.Dealer - Dealer-0 sold a car
2026-05-13 01:54:43 [Thread-2] INFO  model.workers.Supplier - Produced: Engine
2026-05-13 01:54:43 [Thread-3] INFO  model.workers.Supplier - Produced: Engine
2026-05-13 01:54:43 [Thread-1] INFO  model.workers.Supplier - Produced: Body
2026-05-13 01:54:43 [Thread-0] INFO  model.workers.Supplier - Produced: Body
2026-05-13 01:54:43 [Thread-5] INFO  model.workers.Supplier - Produced: Accessory-Type_1
2026-05-13 01:54:43 [Thread-6] INFO  model.workers.Supplier - Produced: Accessory-Type_2
2026-05-13 01:54:43 [Thread-4] INFO  model.workers.Supplier - Produced: Accessory-Type_0
2026-05-13 01:54:45 [Thread-7] INFO  model.workers.Dealer - Dealer-0 sold a car
2026-05-13 01:54:45 [Thread-5] INFO  model.workers.Supplier - Produced: Accessory-Type_1
2026-05-13 01:54:45 [Thread-4] INFO  model.workers.Supplier - Produced: Accessory-Type_0
2026-05-13 01:54:45 [Thread-6] INFO  model.workers.Supplier - Produced: Accessory-Type_2
2026-05-13 01:54:47 [Thread-1] INFO  model.workers.Supplier - Produced: Body
2026-05-13 01:54:47 [Thread-0] INFO  model.workers.Supplier - Produced: Body
2026-05-13 01:54:47 [Thread-3] INFO  model.workers.Supplier - Produced: Engine
2026-05-13 01:54:47 [Thread-2] INFO  model.workers.Supplier - Produced: Engine
2026-05-13 01:54:47 [Thread-6] INFO  model.workers.Supplier - Produced: Accessory-Type_2
2026-05-13 01:54:47 [Thread-5] INFO  model.workers.Supplier - Produced: Accessory-Type_1
2026-05-13 01:54:47 [Thread-4] INFO  model.workers.Supplier - Produced: Accessory-Type_0
2026-05-13 01:54:48 [Thread-7] INFO  model.workers.Dealer - Dealer-0 sold a car
2026-05-13 01:54:49 [Thread-6] INFO  model.workers.Supplier - Produced: Accessory-Type_2
2026-05-13 01:54:49 [Thread-4] INFO  model.workers.Supplier - Produced: Accessory-Type_0
2026-05-13 01:54:49 [Thread-5] INFO  model.workers.Supplier - Produced: Accessory-Type_1
2026-05-13 01:54:51 [Thread-2] INFO  model.workers.Supplier - Produced: Engine
2026-05-13 01:54:51 [Thread-3] INFO  model.workers.Supplier - Produced: Engine
2026-05-13 01:54:51 [Thread-0] INFO  model.workers.Supplier - Produced: Body
2026-05-13 01:54:51 [Thread-1] INFO  model.workers.Supplier - Produced: Body
2026-05-13 01:54:51 [Thread-7] INFO  model.workers.Dealer - Dealer-0 sold a car
2026-05-13 01:54:51 [Thread-4] INFO  model.workers.Supplier - Produced: Accessory-Type_0
2026-05-13 01:54:51 [Thread-6] INFO  model.workers.Supplier - Produced: Accessory-Type_2
2026-05-13 01:54:51 [Thread-5] INFO  model.workers.Supplier - Produced: Accessory-Type_1
2026-05-13 01:54:53 [Thread-5] INFO  model.workers.Supplier - Produced: Accessory-Type_1
2026-05-13 01:54:53 [Thread-6] INFO  model.workers.Supplier - Produced: Accessory-Type_2
2026-05-13 01:54:53 [Thread-4] INFO  model.workers.Supplier - Produced: Accessory-Type_0
2026-05-13 01:54:54 [Thread-7] INFO  model.workers.Dealer - Dealer-0 sold a car
2026-05-13 01:54:55 [Thread-2] INFO  model.workers.Supplier - Produced: Engine
2026-05-13 01:54:55 [Thread-0] INFO  model.workers.Supplier - Produced: Body
2026-05-13 01:54:55 [Thread-3] INFO  model.workers.Supplier - Produced: Engine
2026-05-13 01:54:55 [Thread-1] INFO  model.workers.Supplier - Produced: Body
2026-05-13 01:54:55 [Thread-4] INFO  model.workers.Supplier - Produced: Accessory-Type_0
2026-05-13 01:54:55 [Thread-6] INFO  model.workers.Supplier - Produced: Accessory-Type_2
2026-05-13 01:54:55 [Thread-5] INFO  model.workers.Supplier - Produced: Accessory-Type_1
2026-05-13 01:54:57 [Thread-7] INFO  model.workers.Dealer - Dealer-0 sold a car
2026-05-13 01:54:57 [Thread-5] INFO  model.workers.Supplier - Produced: Accessory-Type_1
2026-05-13 01:54:57 [Thread-4] INFO  model.workers.Supplier - Produced: Accessory-Type_0
2026-05-13 01:54:57 [Thread-6] INFO  model.workers.Supplier - Produced: Accessory-Type_2
2026-05-13 01:54:59 [Thread-0] INFO  model.workers.Supplier - Produced: Body
2026-05-13 01:54:59 [Thread-3] INFO  model.workers.Supplier - Produced: Engine
2026-05-13 01:54:59 [Thread-5] INFO  model.workers.Supplier - Produced: Accessory-Type_1
2026-05-13 01:54:59 [Thread-6] INFO  model.workers.Supplier - Produced: Accessory-Type_2
2026-05-13 01:54:59 [Thread-4] INFO  model.workers.Supplier - Produced: Accessory-Type_0
2026-05-13 01:55:00 [Thread-7] INFO  model.workers.Dealer - Dealer-0 sold a car
2026-05-13 01:55:00 [Thread-1] INFO  model.workers.Supplier - Produced: Body
2026-05-13 01:55:00 [Thread-2] INFO  model.workers.Supplier - Produced: Engine
2026-05-13 01:55:01 [Thread-6] INFO  model.workers.Supplier - Produced: Accessory-Type_2
2026-05-13 01:55:01 [Thread-4] INFO  model.workers.Supplier - Produced: Accessory-Type_0
2026-05-13 01:55:01 [Thread-5] INFO  model.workers.Supplier - Produced: Accessory-Type_1
2026-05-13 01:55:03 [Thread-0] INFO  model.workers.Supplier - Produced: Body
2026-05-13 01:55:03 [Thread-7] INFO  model.workers.Dealer - Dealer-0 sold a car
2026-05-13 01:55:03 [Thread-3] INFO  model.workers.Supplier - Produced: Engine
2026-05-13 01:55:03 [Thread-5] INFO  model.workers.Supplier - Produced: Accessory-Type_1
2026-05-13 01:55:03 [Thread-4] INFO  model.workers.Supplier - Produced: Accessory-Type_0
2026-05-13 01:55:03 [Thread-6] INFO  model.workers.Supplier - Produced: Accessory-Type_2
2026-05-13 01:55:05 [Thread-6] INFO  model.workers.Supplier - Produced: Accessory-Type_2
2026-05-13 01:55:05 [Thread-5] INFO  model.workers.Supplier - Produced: Accessory-Type_1
2026-05-13 01:55:05 [Thread-4] INFO  model.workers.Supplier - Produced: Accessory-Type_0
2026-05-13 01:55:06 [Thread-7] INFO  model.workers.Dealer - Dealer-0 sold a car
2026-05-13 01:55:06 [Thread-2] INFO  model.workers.Supplier - Produced: Engine
2026-05-13 01:55:06 [Thread-1] INFO  model.workers.Supplier - Produced: Body
2026-05-13 01:55:07 [Thread-6] INFO  model.workers.Supplier - Produced: Accessory-Type_2
2026-05-13 01:55:07 [Thread-4] INFO  model.workers.Supplier - Produced: Accessory-Type_0
2026-05-13 01:55:07 [Thread-5] INFO  model.workers.Supplier - Produced: Accessory-Type_1
2026-05-13 01:55:09 [Thread-7] INFO  model.workers.Dealer - Dealer-0 sold a car
2026-05-13 01:55:09 [Thread-0] INFO  model.workers.Supplier - Produced: Body
2026-05-13 01:55:09 [Thread-3] INFO  model.workers.Supplier - Produced: Engine
2026-05-13 01:55:09 [Thread-6] INFO  model.workers.Supplier - Produced: Accessory-Type_2
2026-05-13 01:55:09 [Thread-5] INFO  model.workers.Supplier - Produced: Accessory-Type_1
2026-05-13 01:55:09 [Thread-4] INFO  model.workers.Supplier - Produced: Accessory-Type_0
2026-05-13 01:55:11 [Thread-6] INFO  model.workers.Supplier - Produced: Accessory-Type_2
2026-05-13 01:55:11 [Thread-4] INFO  model.workers.Supplier - Produced: Accessory-Type_0
2026-05-13 01:55:11 [Thread-5] INFO  model.workers.Supplier - Produced: Accessory-Type_1
2026-05-13 01:55:12 [Thread-7] INFO  model.workers.Dealer - Dealer-0 sold a car
2026-05-13 01:55:12 [Thread-2] INFO  model.workers.Supplier - Produced: Engine
2026-05-13 01:55:12 [Thread-1] INFO  model.workers.Supplier - Produced: Body
2026-05-13 01:55:13 [Thread-4] INFO  model.workers.Supplier - Produced: Accessory-Type_0
2026-05-13 01:55:13 [Thread-6] INFO  model.workers.Supplier - Produced: Accessory-Type_2
2026-05-13 01:55:13 [Thread-5] INFO  model.workers.Supplier - Produced: Accessory-Type_1
2026-05-13 01:55:15 [Thread-7] INFO  model.workers.Dealer - Dealer-0 sold a car
2026-05-13 01:55:15 [Thread-0] INFO  model.workers.Supplier - Produced: Body
2026-05-13 01:55:15 [Thread-3] INFO  model.workers.Supplier - Produced: Engine
2026-05-13 01:55:15 [Thread-6] INFO  model.workers.Supplier - Produced: Accessory-Type_2
2026-05-13 01:55:15 [Thread-4] INFO  model.workers.Supplier - Produced: Accessory-Type_0
2026-05-13 01:55:15 [Thread-5] INFO  model.workers.Supplier - Produced: Accessory-Type_1
2026-05-13 01:55:17 [Thread-4] INFO  model.workers.Supplier - Produced: Accessory-Type_0
2026-05-13 01:55:17 [Thread-6] INFO  model.workers.Supplier - Produced: Accessory-Type_2
2026-05-13 01:55:17 [Thread-5] INFO  model.workers.Supplier - Produced: Accessory-Type_1
2026-05-13 01:55:18 [Thread-7] INFO  model.workers.Dealer - Dealer-0 sold a car
2026-05-13 01:55:18 [Thread-1] INFO  model.workers.Supplier - Produced: Body
2026-05-13 01:55:18 [Thread-2] INFO  model.workers.Supplier - Produced: Engine
2026-05-13 01:55:19 [Thread-6] INFO  model.workers.Supplier - Produced: Accessory-Type_2
2026-05-13 01:55:19 [Thread-4] INFO  model.workers.Supplier - Produced: Accessory-Type_0
2026-05-13 01:55:19 [Thread-5] INFO  model.workers.Supplier - Produced: Accessory-Type_1
2026-05-13 01:55:21 [Thread-7] INFO  model.workers.Dealer - Dealer-0 sold a car
2026-05-13 01:55:21 [Thread-3] INFO  model.workers.Supplier - Produced: Engine
2026-05-13 01:55:21 [Thread-0] INFO  model.workers.Supplier - Produced: Body
2026-05-13 01:55:21 [Thread-4] INFO  model.workers.Supplier - Produced: Accessory-Type_0
2026-05-13 01:55:21 [Thread-5] INFO  model.workers.Supplier - Produced: Accessory-Type_1
2026-05-13 01:55:21 [Thread-6] INFO  model.workers.Supplier - Produced: Accessory-Type_2
2026-05-13 01:55:24 [Thread-5] INFO  model.workers.Supplier - Produced: Accessory-Type_1
2026-05-13 01:55:24 [Thread-4] INFO  model.workers.Supplier - Produced: Accessory-Type_0
2026-05-13 01:55:24 [Thread-6] INFO  model.workers.Supplier - Produced: Accessory-Type_2
2026-05-13 01:55:24 [Thread-7] INFO  model.workers.Dealer - Dealer-0 sold a car
2026-05-13 01:55:24 [Thread-1] INFO  model.workers.Supplier - Produced: Body
2026-05-13 01:55:24 [Thread-2] INFO  model.workers.Supplier - Produced: Engine
2026-05-13 01:55:26 [Thread-6] INFO  model.workers.Supplier - Produced: Accessory-Type_2
2026-05-13 01:55:26 [Thread-4] INFO  model.workers.Supplier - Produced: Accessory-Type_0
2026-05-13 01:55:26 [Thread-5] INFO  model.workers.Supplier - Produced: Accessory-Type_1
2026-05-13 01:55:27 [Thread-7] INFO  model.workers.Dealer - Dealer-0 sold a car
2026-05-13 01:55:27 [Thread-0] INFO  model.workers.Supplier - Produced: Body
2026-05-13 01:55:27 [Thread-3] INFO  model.workers.Supplier - Produced: Engine
2026-05-13 01:55:28 [Thread-6] INFO  model.workers.Supplier - Produced: Accessory-Type_2
2026-05-13 01:55:28 [Thread-5] INFO  model.workers.Supplier - Produced: Accessory-Type_1
2026-05-13 01:55:28 [Thread-4] INFO  model.workers.Supplier - Produced: Accessory-Type_0
2026-05-13 01:55:30 [Thread-7] INFO  model.workers.Dealer - Dealer-0 sold a car
2026-05-13 01:55:30 [Thread-1] INFO  model.workers.Supplier - Produced: Body
2026-05-13 01:55:30 [Thread-4] INFO  model.workers.Supplier - Produced: Accessory-Type_0
2026-05-13 01:55:30 [Thread-2] INFO  model.workers.Supplier - Produced: Engine
2026-05-13 01:55:30 [Thread-6] INFO  model.workers.Supplier - Produced: Accessory-Type_2
2026-05-13 01:55:30 [Thread-5] INFO  model.workers.Supplier - Produced: Accessory-Type_1
2026-05-13 01:55:33 [Thread-7] INFO  model.workers.Dealer - Dealer-0 sold a car
2026-05-13 01:55:33 [Thread-3] INFO  model.workers.Supplier - Produced: Engine
2026-05-13 01:55:33 [Thread-4] INFO  model.workers.Supplier - Produced: Accessory-Type_0
2026-05-13 01:55:33 [Thread-0] INFO  model.workers.Supplier - Produced: Body
2026-05-13 01:55:33 [Thread-6] INFO  model.workers.Supplier - Produced: Accessory-Type_2
2026-05-13 01:55:33 [Thread-5] INFO  model.workers.Supplier - Produced: Accessory-Type_1
2026-05-13 01:55:36 [Thread-7] INFO  model.workers.Dealer - Dealer-0 sold a car
2026-05-13 01:55:36 [Thread-1] INFO  model.workers.Supplier - Produced: Body
2026-05-13 01:55:36 [Thread-2] INFO  model.workers.Supplier - Produced: Engine
2026-05-13 01:55:36 [Thread-4] INFO  model.workers.Supplier - Produced: Accessory-Type_0
2026-05-13 01:55:36 [Thread-5] INFO  model.workers.Supplier - Produced: Accessory-Type_1
2026-05-13 01:55:36 [Thread-6] INFO  model.workers.Supplier - Produced: Accessory-Type_2
2026-05-13 01:55:39 [Thread-7] INFO  model.workers.Dealer - Dealer-0 sold a car
2026-05-13 01:55:39 [Thread-0] INFO  model.workers.Supplier - Produced: Body
2026-05-13 01:55:39 [Thread-3] INFO  model.workers.Supplier - Produced: Engine
2026-05-13 01:55:39 [Thread-5] INFO  model.workers.Supplier - Produced: Accessory-Type_1
2026-05-13 01:55:39 [Thread-4] INFO  model.workers.Supplier - Produced: Accessory-Type_0
2026-05-13 01:55:39 [Thread-6] INFO  model.workers.Supplier - Produced: Accessory-Type_2
2026-05-13 01:55:42 [Thread-7] INFO  model.workers.Dealer - Dealer-0 sold a car
2026-05-13 01:55:42 [Thread-1] INFO  model.workers.Supplier - Produced: Body
2026-05-13 01:55:42 [Thread-2] INFO  model.workers.Supplier - Produced: Engine
2026-05-13 01:55:42 [Thread-4] INFO  model.workers.Supplier - Produced: Accessory-Type_0
2026-05-13 01:55:42 [Thread-6] INFO  model.workers.Supplier - Produced: Accessory-Type_2
2026-05-13 01:55:42 [Thread-5] INFO  model.workers.Supplier - Produced: Accessory-Type_1
2026-05-13 01:55:45 [Thread-7] INFO  model.workers.Dealer - Dealer-0 sold a car
2026-05-13 01:55:45 [Thread-0] INFO  model.workers.Supplier - Produced: Body
2026-05-13 01:55:45 [Thread-3] INFO  model.workers.Supplier - Produced: Engine
2026-05-13 01:55:45 [Thread-6] INFO  model.workers.Supplier - Produced: Accessory-Type_2
2026-05-13 01:55:45 [Thread-4] INFO  model.workers.Supplier - Produced: Accessory-Type_0
2026-05-13 01:55:45 [Thread-5] INFO  model.workers.Supplier - Produced: Accessory-Type_1
2026-05-13 01:55:48 [Thread-7] INFO  model.workers.Dealer - Dealer-0 sold a car
2026-05-13 01:55:48 [Thread-1] INFO  model.workers.Supplier - Produced: Body
2026-05-13 01:55:48 [Thread-2] INFO  model.workers.Supplier - Produced: Engine
2026-05-13 01:55:48 [Thread-6] INFO  model.workers.Supplier - Produced: Accessory-Type_2
2026-05-13 01:55:48 [Thread-4] INFO  model.workers.Supplier - Produced: Accessory-Type_0
2026-05-13 01:55:48 [Thread-5] INFO  model.workers.Supplier - Produced: Accessory-Type_1
2026-05-13 01:55:51 [Thread-7] INFO  model.workers.Dealer - Dealer-0 sold a car
2026-05-13 01:55:51 [Thread-0] INFO  model.workers.Supplier - Produced: Body
2026-05-13 01:55:51 [Thread-3] INFO  model.workers.Supplier - Produced: Engine
2026-05-13 01:55:51 [Thread-5] INFO  model.workers.Supplier - Produced: Accessory-Type_1
2026-05-13 01:55:51 [Thread-4] INFO  model.workers.Supplier - Produced: Accessory-Type_0
2026-05-13 01:55:51 [Thread-6] INFO  model.workers.Supplier - Produced: Accessory-Type_2
2026-05-13 01:55:54 [Thread-7] INFO  model.workers.Dealer - Dealer-0 sold a car
2026-05-13 01:55:54 [Thread-2] INFO  model.workers.Supplier - Produced: Engine
2026-05-13 01:55:54 [Thread-5] INFO  model.workers.Supplier - Produced: Accessory-Type_1
2026-05-13 01:55:54 [Thread-1] INFO  model.workers.Supplier - Produced: Body
2026-05-13 01:55:54 [Thread-4] INFO  model.workers.Supplier - Produced: Accessory-Type_0
2026-05-13 01:55:54 [Thread-6] INFO  model.workers.Supplier - Produced: Accessory-Type_2
2026-05-13 01:55:57 [Thread-7] INFO  model.workers.Dealer - Dealer-0 sold a car
2026-05-13 01:55:57 [Thread-3] INFO  model.workers.Supplier - Produced: Engine
2026-05-13 01:55:57 [Thread-0] INFO  model.workers.Supplier - Produced: Body
2026-05-13 01:55:57 [Thread-5] INFO  model.workers.Supplier - Produced: Accessory-Type_1
2026-05-13 01:55:57 [Thread-4] INFO  model.workers.Supplier - Produced: Accessory-Type_0
2026-05-13 01:55:57 [Thread-6] INFO  model.workers.Supplier - Produced: Accessory-Type_2
2026-05-13 01:56:00 [Thread-7] INFO  model.workers.Dealer - Dealer-0 sold a car
2026-05-13 01:56:00 [Thread-2] INFO  model.workers.Supplier - Produced: Engine
2026-05-13 01:56:00 [Thread-5] INFO  model.workers.Supplier - Produced: Accessory-Type_1
2026-05-13 01:56:00 [Thread-6] INFO  model.workers.Supplier - Produced: Accessory-Type_2
2026-05-13 01:56:00 [Thread-1] INFO  model.workers.Supplier - Produced: Body
2026-05-13 01:56:00 [Thread-4] INFO  model.workers.Supplier - Produced: Accessory-Type_0
2026-05-13 01:56:03 [Thread-7] INFO  model.workers.Dealer - Dealer-0 sold a car
2026-05-13 01:56:03 [Thread-6] INFO  model.workers.Supplier - Produced: Accessory-Type_2
2026-05-13 01:56:03 [Thread-5] INFO  model.workers.Supplier - Produced: Accessory-Type_1
2026-05-13 01:56:03 [Thread-0] INFO  model.workers.Supplier - Produced: Body
2026-05-13 01:56:03 [Thread-4] INFO  model.workers.Supplier - Produced: Accessory-Type_0
2026-05-13 01:56:03 [Thread-3] INFO  model.workers.Supplier - Produced: Engine
2026-05-13 01:56:06 [Thread-7] INFO  model.workers.Dealer - Dealer-0 sold a car
2026-05-13 01:56:06 [Thread-1] INFO  model.workers.Supplier - Produced: Body
2026-05-13 01:56:06 [Thread-2] INFO  model.workers.Supplier - Produced: Engine
2026-05-13 01:56:06 [Thread-4] INFO  model.workers.Supplier - Produced: Accessory-Type_0
2026-05-13 01:56:06 [Thread-6] INFO  model.workers.Supplier - Produced: Accessory-Type_2
2026-05-13 01:56:06 [Thread-5] INFO  model.workers.Supplier - Produced: Accessory-Type_1
2026-05-13 01:56:10 [Thread-7] INFO  model.workers.Dealer - Dealer-0 sold a car
2026-05-13 01:56:10 [Thread-3] INFO  model.workers.Supplier - Produced: Engine
2026-05-13 01:56:10 [Thread-6] INFO  model.workers.Supplier - Produced: Accessory-Type_2
2026-05-13 01:56:10 [Thread-0] INFO  model.workers.Supplier - Produced: Body
2026-05-13 01:56:10 [Thread-4] INFO  model.workers.Supplier - Produced: Accessory-Type_0
2026-05-13 01:56:10 [Thread-5] INFO  model.workers.Supplier - Produced: Accessory-Type_1
2026-05-13 01:56:13 [Thread-7] INFO  model.workers.Dealer - Dealer-0 sold a car
2026-05-13 01:56:13 [Thread-6] INFO  model.workers.Supplier - Produced: Accessory-Type_2
2026-05-13 01:56:13 [Thread-1] INFO  model.workers.Supplier - Produced: Body
2026-05-13 01:56:13 [Thread-5] INFO  model.workers.Supplier - Produced: Accessory-Type_1
2026-05-13 01:56:13 [Thread-2] INFO  model.workers.Supplier - Produced: Engine
2026-05-13 01:56:13 [Thread-4] INFO  model.workers.Supplier - Produced: Accessory-Type_0
2026-05-13 01:56:16 [Thread-7] INFO  model.workers.Dealer - Dealer-0 sold a car
2026-05-13 01:56:16 [Thread-5] INFO  model.workers.Supplier - Produced: Accessory-Type_1
2026-05-13 01:56:16 [Thread-0] INFO  model.workers.Supplier - Produced: Body
2026-05-13 01:56:16 [Thread-4] INFO  model.workers.Supplier - Produced: Accessory-Type_0
2026-05-13 01:56:16 [Thread-3] INFO  model.workers.Supplier - Produced: Engine
2026-05-13 01:56:16 [Thread-6] INFO  model.workers.Supplier - Produced: Accessory-Type_2
2026-05-13 01:56:19 [Thread-7] INFO  model.workers.Dealer - Dealer-0 sold a car
2026-05-13 01:56:19 [Thread-5] INFO  model.workers.Supplier - Produced: Accessory-Type_1
2026-05-13 01:56:19 [Thread-4] INFO  model.workers.Supplier - Produced: Accessory-Type_0
2026-05-13 01:56:19 [Thread-1] INFO  model.workers.Supplier - Produced: Body
2026-05-13 01:56:19 [Thread-2] INFO  model.workers.Supplier - Produced: Engine
2026-05-13 01:56:19 [Thread-6] INFO  model.workers.Supplier - Produced: Accessory-Type_2
2026-05-13 01:56:22 [Thread-7] INFO  model.workers.Dealer - Dealer-0 sold a car
2026-05-13 01:56:22 [Thread-0] INFO  model.workers.Supplier - Produced: Body
2026-05-13 01:56:22 [Thread-6] INFO  model.workers.Supplier - Produced: Accessory-Type_2
2026-05-13 01:56:22 [Thread-3] INFO  model.workers.Supplier - Produced: Engine
2026-05-13 01:56:22 [Thread-5] INFO  model.workers.Supplier - Produced: Accessory-Type_1
2026-05-13 01:56:22 [Thread-4] INFO  model.workers.Supplier - Produced: Accessory-Type_0
2026-05-13 01:56:25 [Thread-7] INFO  model.workers.Dealer - Dealer-0 sold a car
2026-05-13 01:56:25 [Thread-1] INFO  model.workers.Supplier - Produced: Body
2026-05-13 01:56:25 [Thread-5] INFO  model.workers.Supplier - Produced: Accessory-Type_1
2026-05-13 01:56:25 [Thread-4] INFO  model.workers.Supplier - Produced: Accessory-Type_0
2026-05-13 01:56:25 [Thread-2] INFO  model.workers.Supplier - Produced: Engine
2026-05-13 01:56:25 [Thread-6] INFO  model.workers.Supplier - Produced: Accessory-Type_2
2026-05-13 01:56:28 [Thread-7] INFO  model.workers.Dealer - Dealer-0 sold a car
2026-05-13 01:56:28 [Thread-3] INFO  model.workers.Supplier - Produced: Engine
2026-05-13 01:56:28 [Thread-0] INFO  model.workers.Supplier - Produced: Body
2026-05-13 01:56:28 [Thread-4] INFO  model.workers.Supplier - Produced: Accessory-Type_0
2026-05-13 01:56:28 [Thread-5] INFO  model.workers.Supplier - Produced: Accessory-Type_1
2026-05-13 01:56:28 [Thread-6] INFO  model.workers.Supplier - Produced: Accessory-Type_2
2026-05-13 01:56:31 [Thread-7] INFO  model.workers.Dealer - Dealer-0 sold a car
2026-05-13 01:56:31 [Thread-2] INFO  model.workers.Supplier - Produced: Engine
2026-05-13 01:56:31 [Thread-4] INFO  model.workers.Supplier - Produced: Accessory-Type_0
2026-05-13 01:56:31 [Thread-5] INFO  model.workers.Supplier - Produced: Accessory-Type_1
2026-05-13 01:56:31 [Thread-1] INFO  model.workers.Supplier - Produced: Body
2026-05-13 01:56:31 [Thread-6] INFO  model.workers.Supplier - Produced: Accessory-Type_2
2026-05-13 01:56:34 [Thread-7] INFO  model.workers.Dealer - Dealer-0 sold a car
2026-05-13 01:56:34 [Thread-3] INFO  model.workers.Supplier - Produced: Engine
2026-05-13 01:56:34 [Thread-5] INFO  model.workers.Supplier - Produced: Accessory-Type_1
2026-05-13 01:56:34 [Thread-0] INFO  model.workers.Supplier - Produced: Body
2026-05-13 01:56:34 [Thread-4] INFO  model.workers.Supplier - Produced: Accessory-Type_0
2026-05-13 01:56:34 [Thread-6] INFO  model.workers.Supplier - Produced: Accessory-Type_2
2026-05-13 01:56:37 [Thread-7] INFO  model.workers.Dealer - Dealer-0 sold a car
2026-05-13 01:56:37 [Thread-1] INFO  model.workers.Supplier - Produced: Body
2026-05-13 01:56:37 [Thread-6] INFO  model.workers.Supplier - Produced: Accessory-Type_2
2026-05-13 01:56:37 [Thread-5] INFO  model.workers.Supplier - Produced: Accessory-Type_1
2026-05-13 01:56:37 [Thread-2] INFO  model.workers.Supplier - Produced: Engine
2026-05-13 01:56:37 [Thread-4] INFO  model.workers.Supplier - Produced: Accessory-Type_0
2026-05-13 01:56:40 [Thread-7] INFO  model.workers.Dealer - Dealer-0 sold a car
2026-05-13 01:56:40 [Thread-4] INFO  model.workers.Supplier - Produced: Accessory-Type_0
2026-05-13 01:56:40 [Thread-5] INFO  model.workers.Supplier - Produced: Accessory-Type_1
2026-05-13 01:56:40 [Thread-6] INFO  model.workers.Supplier - Produced: Accessory-Type_2
2026-05-13 01:56:40 [Thread-0] INFO  model.workers.Supplier - Produced: Body
2026-05-13 01:56:40 [Thread-3] INFO  model.workers.Supplier - Produced: Engine
2026-05-13 01:56:43 [Thread-7] INFO  model.workers.Dealer - Dealer-0 sold a car
2026-05-13 01:56:43 [Thread-1] INFO  model.workers.Supplier - Produced: Body
2026-05-13 01:56:43 [Thread-5] INFO  model.workers.Supplier - Produced: Accessory-Type_1
2026-05-13 01:56:43 [Thread-2] INFO  model.workers.Supplier - Produced: Engine
2026-05-13 01:56:43 [Thread-4] INFO  model.workers.Supplier - Produced: Accessory-Type_0
2026-05-13 01:56:43 [Thread-6] INFO  model.workers.Supplier - Produced: Accessory-Type_2
2026-05-13 01:56:46 [Thread-7] INFO  model.workers.Dealer - Dealer-0 sold a car
2026-05-13 01:56:46 [Thread-5] INFO  model.workers.Supplier - Produced: Accessory-Type_1
2026-05-13 01:56:46 [Thread-3] INFO  model.workers.Supplier - Produced: Engine
2026-05-13 01:56:46 [Thread-4] INFO  model.workers.Supplier - Produced: Accessory-Type_0
2026-05-13 01:56:46 [Thread-0] INFO  model.workers.Supplier - Produced: Body
2026-05-13 01:56:46 [Thread-6] INFO  model.workers.Supplier - Produced: Accessory-Type_2
2026-05-13 01:56:49 [Thread-7] INFO  model.workers.Dealer - Dealer-0 sold a car
2026-05-13 01:56:49 [Thread-1] INFO  model.workers.Supplier - Produced: Body
2026-05-13 01:56:49 [Thread-4] INFO  model.workers.Supplier - Produced: Accessory-Type_0
2026-05-13 01:56:49 [Thread-6] INFO  model.workers.Supplier - Produced: Accessory-Type_2
2026-05-13 01:56:49 [Thread-2] INFO  model.workers.Supplier - Produced: Engine
2026-05-13 01:56:49 [Thread-5] INFO  model.workers.Supplier - Produced: Accessory-Type_1
2026-05-13 01:56:52 [Thread-7] INFO  model.workers.Dealer - Dealer-0 sold a car
2026-05-13 01:56:52 [Thread-3] INFO  model.workers.Supplier - Produced: Engine
2026-05-13 01:56:52 [Thread-4] INFO  model.workers.Supplier - Produced: Accessory-Type_0
2026-05-13 01:56:52 [Thread-6] INFO  model.workers.Supplier - Produced: Accessory-Type_2
2026-05-13 01:56:52 [Thread-0] INFO  model.workers.Supplier - Produced: Body
2026-05-13 01:56:52 [Thread-5] INFO  model.workers.Supplier - Produced: Accessory-Type_1
2026-05-13 01:56:55 [Thread-7] INFO  model.workers.Dealer - Dealer-0 sold a car
2026-05-13 01:56:55 [Thread-1] INFO  model.workers.Supplier - Produced: Body
2026-05-13 01:56:55 [Thread-4] INFO  model.workers.Supplier - Produced: Accessory-Type_0
2026-05-13 01:56:55 [Thread-5] INFO  model.workers.Supplier - Produced: Accessory-Type_1
2026-05-13 01:56:55 [Thread-2] INFO  model.workers.Supplier - Produced: Engine
2026-05-13 01:56:55 [Thread-6] INFO  model.workers.Supplier - Produced: Accessory-Type_2
2026-05-13 01:56:58 [Thread-7] INFO  model.workers.Dealer - Dealer-0 sold a car
2026-05-13 01:56:58 [Thread-4] INFO  model.workers.Supplier - Produced: Accessory-Type_0
2026-05-13 01:56:58 [Thread-3] INFO  model.workers.Supplier - Produced: Engine
2026-05-13 01:56:58 [Thread-0] INFO  model.workers.Supplier - Produced: Body
2026-05-13 01:56:58 [Thread-6] INFO  model.workers.Supplier - Produced: Accessory-Type_2
2026-05-13 01:56:58 [Thread-5] INFO  model.workers.Supplier - Produced: Accessory-Type_1
2026-05-13 01:57:01 [Thread-7] INFO  model.workers.Dealer - Dealer-0 sold a car
2026-05-13 01:57:01 [Thread-1] INFO  model.workers.Supplier - Produced: Body
2026-05-13 01:57:01 [Thread-4] INFO  model.workers.Supplier - Produced: Accessory-Type_0
2026-05-13 01:57:01 [Thread-6] INFO  model.workers.Supplier - Produced: Accessory-Type_2
2026-05-13 01:57:01 [Thread-2] INFO  model.workers.Supplier - Produced: Engine
2026-05-13 01:57:01 [Thread-5] INFO  model.workers.Supplier - Produced: Accessory-Type_1
2026-05-13 01:57:04 [Thread-7] INFO  model.workers.Dealer - Dealer-0 sold a car
2026-05-13 01:57:04 [Thread-0] INFO  model.workers.Supplier - Produced: Body
2026-05-13 01:57:04 [Thread-6] INFO  model.workers.Supplier - Produced: Accessory-Type_2
2026-05-13 01:57:04 [Thread-4] INFO  model.workers.Supplier - Produced: Accessory-Type_0
2026-05-13 01:57:04 [Thread-3] INFO  model.workers.Supplier - Produced: Engine
2026-05-13 01:57:04 [Thread-5] INFO  model.workers.Supplier - Produced: Accessory-Type_1
2026-05-13 01:57:07 [Thread-7] INFO  model.workers.Dealer - Dealer-0 sold a car
2026-05-13 01:57:07 [Thread-2] INFO  model.workers.Supplier - Produced: Engine
2026-05-13 01:57:07 [Thread-1] INFO  model.workers.Supplier - Produced: Body
2026-05-13 01:57:07 [Thread-4] INFO  model.workers.Supplier - Produced: Accessory-Type_0
2026-05-13 01:57:07 [Thread-5] INFO  model.workers.Supplier - Produced: Accessory-Type_1
2026-05-13 01:57:07 [Thread-6] INFO  model.workers.Supplier - Produced: Accessory-Type_2
2026-05-13 01:57:10 [Thread-7] INFO  model.workers.Dealer - Dealer-0 sold a car
2026-05-13 01:57:10 [Thread-3] INFO  model.workers.Supplier - Produced: Engine
2026-05-13 01:57:10 [Thread-6] INFO  model.workers.Supplier - Produced: Accessory-Type_2
2026-05-13 01:57:10 [Thread-0] INFO  model.workers.Supplier - Produced: Body
2026-05-13 01:57:10 [Thread-4] INFO  model.workers.Supplier - Produced: Accessory-Type_0
2026-05-13 01:57:10 [Thread-5] INFO  model.workers.Supplier - Produced: Accessory-Type_1
2026-05-13 01:57:13 [Thread-7] INFO  model.workers.Dealer - Dealer-0 sold a car
2026-05-13 01:57:13 [Thread-2] INFO  model.workers.Supplier - Produced: Engine
2026-05-13 01:57:13 [Thread-1] INFO  model.workers.Supplier - Produced: Body
2026-05-13 01:57:13 [Thread-4] INFO  model.workers.Supplier - Produced: Accessory-Type_0
2026-05-13 01:57:13 [Thread-6] INFO  model.workers.Supplier - Produced: Accessory-Type_2
2026-05-13 01:57:13 [Thread-5] INFO  model.workers.Supplier - Produced: Accessory-Type_1
2026-05-13 01:57:16 [Thread-7] INFO  model.workers.Dealer - Dealer-0 sold a car
2026-05-13 01:57:16 [Thread-0] INFO  model.workers.Supplier - Produced: Body
2026-05-13 01:57:16 [Thread-4] INFO  model.workers.Supplier - Produced: Accessory-Type_0
2026-05-13 01:57:16 [Thread-3] INFO  model.workers.Supplier - Produced: Engine
2026-05-13 01:57:16 [Thread-5] INFO  model.workers.Supplier - Produced: Accessory-Type_1
2026-05-13 01:57:16 [Thread-6] INFO  model.workers.Supplier - Produced: Accessory-Type_2
2026-05-13 01:57:19 [Thread-7] INFO  model.workers.Dealer - Dealer-0 sold a car
2026-05-13 01:57:19 [Thread-1] INFO  model.workers.Supplier - Produced: Body
2026-05-13 01:57:19 [Thread-5] INFO  model.workers.Supplier - Produced: Accessory-Type_1
2026-05-13 01:57:19 [Thread-2] INFO  model.workers.Supplier - Produced: Engine
2026-05-13 01:57:19 [Thread-4] INFO  model.workers.Supplier - Produced: Accessory-Type_0
2026-05-13 01:57:19 [Thread-6] INFO  model.workers.Supplier - Produced: Accessory-Type_2
2026-05-13 01:57:22 [Thread-7] INFO  model.workers.Dealer - Dealer-0 sold a car
2026-05-13 01:57:22 [Thread-3] INFO  model.workers.Supplier - Produced: Engine
2026-05-13 01:57:22 [Thread-5] INFO  model.workers.Supplier - Produced: Accessory-Type_1
2026-05-13 01:57:22 [Thread-0] INFO  model.workers.Supplier - Produced: Body
2026-05-13 01:57:22 [Thread-4] INFO  model.workers.Supplier - Produced: Accessory-Type_0
2026-05-13 01:57:22 [Thread-6] INFO  model.workers.Supplier - Produced: Accessory-Type_2
2026-05-13 01:57:25 [Thread-7] INFO  model.workers.Dealer - Dealer-0 sold a car
2026-05-13 01:57:25 [Thread-1] INFO  model.workers.Supplier - Produced: Body
2026-05-13 01:57:25 [Thread-6] INFO  model.workers.Supplier - Produced: Accessory-Type_2
2026-05-13 01:57:25 [Thread-2] INFO  model.workers.Supplier - Produced: Engine
2026-05-13 01:57:25 [Thread-4] INFO  model.workers.Supplier - Produced: Accessory-Type_0
2026-05-13 01:57:25 [Thread-5] INFO  model.workers.Supplier - Produced: Accessory-Type_1
2026-05-13 01:57:28 [Thread-7] INFO  model.workers.Dealer - Dealer-0 sold a car
2026-05-13 01:57:28 [Thread-3] INFO  model.workers.Supplier - Produced: Engine
2026-05-13 01:57:28 [Thread-0] INFO  model.workers.Supplier - Produced: Body
2026-05-13 01:57:28 [Thread-5] INFO  model.workers.Supplier - Produced: Accessory-Type_1
2026-05-13 01:57:28 [Thread-4] INFO  model.workers.Supplier - Produced: Accessory-Type_0
2026-05-13 01:57:28 [Thread-6] INFO  model.workers.Supplier - Produced: Accessory-Type_2
2026-05-13 01:57:31 [Thread-7] INFO  model.workers.Dealer - Dealer-0 sold a car
2026-05-13 01:57:31 [Thread-1] INFO  model.workers.Supplier - Produced: Body
2026-05-13 01:57:31 [Thread-6] INFO  model.workers.Supplier - Produced: Accessory-Type_2
2026-05-13 01:57:31 [Thread-4] INFO  model.workers.Supplier - Produced: Accessory-Type_0
2026-05-13 01:57:31 [Thread-2] INFO  model.workers.Supplier - Produced: Engine
2026-05-13 01:57:31 [Thread-5] INFO  model.workers.Supplier - Produced: Accessory-Type_1
2026-05-13 01:57:34 [Thread-7] INFO  model.workers.Dealer - Dealer-0 sold a car
2026-05-13 01:57:34 [Thread-3] INFO  model.workers.Supplier - Produced: Engine
2026-05-13 01:57:34 [Thread-6] INFO  model.workers.Supplier - Produced: Accessory-Type_2
2026-05-13 01:57:34 [Thread-0] INFO  model.workers.Supplier - Produced: Body
2026-05-13 01:57:34 [Thread-5] INFO  model.workers.Supplier - Produced: Accessory-Type_1
2026-05-13 01:57:34 [Thread-4] INFO  model.workers.Supplier - Produced: Accessory-Type_0
2026-05-13 01:57:37 [Thread-7] INFO  model.workers.Dealer - Dealer-0 sold a car
2026-05-13 01:57:37 [Thread-1] INFO  model.workers.Supplier - Produced: Body
2026-05-13 01:57:37 [Thread-4] INFO  model.workers.Supplier - Produced: Accessory-Type_0
2026-05-13 01:57:37 [Thread-6] INFO  model.workers.Supplier - Produced: Accessory-Type_2
2026-05-13 01:57:37 [Thread-2] INFO  model.workers.Supplier - Produced: Engine
2026-05-13 01:57:37 [Thread-5] INFO  model.workers.Supplier - Produced: Accessory-Type_1
2026-05-13 01:57:40 [Thread-0] INFO  model.workers.Supplier - Produced: Body
2026-05-13 01:57:40 [Thread-6] INFO  model.workers.Supplier - Produced: Accessory-Type_2
2026-05-13 01:57:40 [Thread-5] INFO  model.workers.Supplier - Produced: Accessory-Type_1
2026-05-13 01:57:40 [Thread-3] INFO  model.workers.Supplier - Produced: Engine
2026-05-13 01:57:40 [Thread-4] INFO  model.workers.Supplier - Produced: Accessory-Type_0
2026-05-13 01:57:40 [Thread-7] INFO  model.workers.Dealer - Dealer-0 sold a car
2026-05-13 02:02:28 [Thread-7] INFO  model.workers.Dealer - Dealer-0 started
2026-05-13 02:02:30 [Thread-5] INFO  model.workers.Supplier - Produced: Accessory-Type_1
2026-05-13 02:02:30 [Thread-4] INFO  model.workers.Supplier - Produced: Accessory-Type_0
2026-05-13 02:02:30 [Thread-6] INFO  model.workers.Supplier - Produced: Accessory-Type_2
2026-05-13 02:02:32 [Thread-2] INFO  model.workers.Supplier - Produced: Engine
2026-05-13 02:02:32 [Thread-1] INFO  model.workers.Supplier - Produced: Body
2026-05-13 02:02:32 [Thread-0] INFO  model.workers.Supplier - Produced: Body
2026-05-13 02:02:32 [Thread-3] INFO  model.workers.Supplier - Produced: Engine
2026-05-13 02:02:32 [Thread-7] INFO  model.workers.Dealer - Dealer-0 sold a car
2026-05-13 02:02:32 [Thread-6] INFO  model.workers.Supplier - Produced: Accessory-Type_2
2026-05-13 02:02:32 [Thread-4] INFO  model.workers.Supplier - Produced: Accessory-Type_0
2026-05-13 02:02:32 [Thread-5] INFO  model.workers.Supplier - Produced: Accessory-Type_1
2026-05-13 02:02:34 [Thread-4] INFO  model.workers.Supplier - Produced: Accessory-Type_0
2026-05-13 02:02:34 [Thread-6] INFO  model.workers.Supplier - Produced: Accessory-Type_2
2026-05-13 02:02:34 [Thread-5] INFO  model.workers.Supplier - Produced: Accessory-Type_1
2026-05-13 02:02:35 [Thread-7] INFO  model.workers.Dealer - Dealer-0 sold a car
2026-05-13 02:02:36 [Thread-0] INFO  model.workers.Supplier - Produced: Body
2026-05-13 02:02:36 [Thread-2] INFO  model.workers.Supplier - Produced: Engine
2026-05-13 02:02:36 [Thread-3] INFO  model.workers.Supplier - Produced: Engine
2026-05-13 02:02:36 [Thread-1] INFO  model.workers.Supplier - Produced: Body
2026-05-13 02:02:36 [Thread-5] INFO  model.workers.Supplier - Produced: Accessory-Type_1
2026-05-13 02:02:36 [Thread-6] INFO  model.workers.Supplier - Produced: Accessory-Type_2
2026-05-13 02:02:36 [Thread-4] INFO  model.workers.Supplier - Produced: Accessory-Type_0
2026-05-13 02:02:38 [Thread-7] INFO  model.workers.Dealer - Dealer-0 sold a car
2026-05-13 02:02:38 [Thread-6] INFO  model.workers.Supplier - Produced: Accessory-Type_2
2026-05-13 02:02:38 [Thread-5] INFO  model.workers.Supplier - Produced: Accessory-Type_1
2026-05-13 02:02:38 [Thread-4] INFO  model.workers.Supplier - Produced: Accessory-Type_0
2026-05-13 02:02:40 [Thread-3] INFO  model.workers.Supplier - Produced: Engine
2026-05-13 02:02:40 [Thread-0] INFO  model.workers.Supplier - Produced: Body
2026-05-13 02:02:40 [Thread-1] INFO  model.workers.Supplier - Produced: Body
2026-05-13 02:02:40 [Thread-2] INFO  model.workers.Supplier - Produced: Engine
2026-05-13 02:02:40 [Thread-6] INFO  model.workers.Supplier - Produced: Accessory-Type_2
2026-05-13 02:02:40 [Thread-5] INFO  model.workers.Supplier - Produced: Accessory-Type_1
2026-05-13 02:02:40 [Thread-4] INFO  model.workers.Supplier - Produced: Accessory-Type_0
2026-05-13 02:02:41 [Thread-7] INFO  model.workers.Dealer - Dealer-0 sold a car
2026-05-13 02:02:42 [Thread-6] INFO  model.workers.Supplier - Produced: Accessory-Type_2
2026-05-13 02:02:42 [Thread-5] INFO  model.workers.Supplier - Produced: Accessory-Type_1
2026-05-13 02:02:42 [Thread-4] INFO  model.workers.Supplier - Produced: Accessory-Type_0
2026-05-13 02:02:44 [Thread-1] INFO  model.workers.Supplier - Produced: Body
2026-05-13 02:02:44 [Thread-2] INFO  model.workers.Supplier - Produced: Engine
2026-05-13 02:02:44 [Thread-3] INFO  model.workers.Supplier - Produced: Engine
2026-05-13 02:02:44 [Thread-7] INFO  model.workers.Dealer - Dealer-0 sold a car
2026-05-13 02:02:44 [Thread-0] INFO  model.workers.Supplier - Produced: Body
2026-05-13 02:02:44 [Thread-6] INFO  model.workers.Supplier - Produced: Accessory-Type_2
2026-05-13 02:02:44 [Thread-5] INFO  model.workers.Supplier - Produced: Accessory-Type_1
2026-05-13 02:02:44 [Thread-4] INFO  model.workers.Supplier - Produced: Accessory-Type_0
2026-05-13 02:02:46 [Thread-6] INFO  model.workers.Supplier - Produced: Accessory-Type_2
2026-05-13 02:02:46 [Thread-4] INFO  model.workers.Supplier - Produced: Accessory-Type_0
2026-05-13 02:02:46 [Thread-5] INFO  model.workers.Supplier - Produced: Accessory-Type_1
2026-05-13 02:02:47 [Thread-7] INFO  model.workers.Dealer - Dealer-0 sold a car
2026-05-13 02:02:48 [Thread-3] INFO  model.workers.Supplier - Produced: Engine
2026-05-13 02:02:48 [Thread-2] INFO  model.workers.Supplier - Produced: Engine
2026-05-13 02:02:48 [Thread-1] INFO  model.workers.Supplier - Produced: Body
2026-05-13 02:02:48 [Thread-0] INFO  model.workers.Supplier - Produced: Body
2026-05-13 02:02:48 [Thread-6] INFO  model.workers.Supplier - Produced: Accessory-Type_2
2026-05-13 02:02:48 [Thread-5] INFO  model.workers.Supplier - Produced: Accessory-Type_1
2026-05-13 02:02:48 [Thread-4] INFO  model.workers.Supplier - Produced: Accessory-Type_0
2026-05-13 02:02:50 [Thread-7] INFO  model.workers.Dealer - Dealer-0 sold a car
2026-05-13 02:02:50 [Thread-4] INFO  model.workers.Supplier - Produced: Accessory-Type_0
2026-05-13 02:02:50 [Thread-6] INFO  model.workers.Supplier - Produced: Accessory-Type_2
2026-05-13 02:02:50 [Thread-5] INFO  model.workers.Supplier - Produced: Accessory-Type_1
2026-05-13 02:02:52 [Thread-3] INFO  model.workers.Supplier - Produced: Engine
2026-05-13 02:02:52 [Thread-0] INFO  model.workers.Supplier - Produced: Body
2026-05-13 02:02:52 [Thread-2] INFO  model.workers.Supplier - Produced: Engine
2026-05-13 02:02:52 [Thread-1] INFO  model.workers.Supplier - Produced: Body
2026-05-13 02:02:52 [Thread-5] INFO  model.workers.Supplier - Produced: Accessory-Type_1
2026-05-13 02:02:52 [Thread-6] INFO  model.workers.Supplier - Produced: Accessory-Type_2
2026-05-13 02:02:52 [Thread-4] INFO  model.workers.Supplier - Produced: Accessory-Type_0
2026-05-13 02:02:53 [Thread-7] INFO  model.workers.Dealer - Dealer-0 sold a car
2026-05-13 02:02:54 [Thread-5] INFO  model.workers.Supplier - Produced: Accessory-Type_1
2026-05-13 02:02:54 [Thread-4] INFO  model.workers.Supplier - Produced: Accessory-Type_0
2026-05-13 02:02:54 [Thread-6] INFO  model.workers.Supplier - Produced: Accessory-Type_2
2026-05-13 02:02:56 [Thread-3] INFO  model.workers.Supplier - Produced: Engine
2026-05-13 02:02:56 [Thread-2] INFO  model.workers.Supplier - Produced: Engine
2026-05-13 02:02:56 [Thread-0] INFO  model.workers.Supplier - Produced: Body
2026-05-13 02:02:56 [Thread-1] INFO  model.workers.Supplier - Produced: Body
2026-05-13 02:02:56 [Thread-7] INFO  model.workers.Dealer - Dealer-0 sold a car
2026-05-13 02:02:56 [Thread-4] INFO  model.workers.Supplier - Produced: Accessory-Type_0
2026-05-13 02:02:56 [Thread-6] INFO  model.workers.Supplier - Produced: Accessory-Type_2
2026-05-13 02:02:56 [Thread-5] INFO  model.workers.Supplier - Produced: Accessory-Type_1
2026-05-13 02:02:58 [Thread-6] INFO  model.workers.Supplier - Produced: Accessory-Type_2
2026-05-13 02:02:58 [Thread-4] INFO  model.workers.Supplier - Produced: Accessory-Type_0
2026-05-13 02:02:58 [Thread-5] INFO  model.workers.Supplier - Produced: Accessory-Type_1
2026-05-13 02:02:59 [Thread-7] INFO  model.workers.Dealer - Dealer-0 sold a car
2026-05-13 02:03:00 [Thread-3] INFO  model.workers.Supplier - Produced: Engine
2026-05-13 02:03:00 [Thread-0] INFO  model.workers.Supplier - Produced: Body
2026-05-13 02:03:00 [Thread-1] INFO  model.workers.Supplier - Produced: Body
2026-05-13 02:03:00 [Thread-2] INFO  model.workers.Supplier - Produced: Engine
2026-05-13 02:03:00 [Thread-6] INFO  model.workers.Supplier - Produced: Accessory-Type_2
2026-05-13 02:03:00 [Thread-4] INFO  model.workers.Supplier - Produced: Accessory-Type_0
2026-05-13 02:03:00 [Thread-5] INFO  model.workers.Supplier - Produced: Accessory-Type_1
2026-05-13 02:03:02 [Thread-7] INFO  model.workers.Dealer - Dealer-0 sold a car
2026-05-13 02:03:02 [Thread-5] INFO  model.workers.Supplier - Produced: Accessory-Type_1
2026-05-13 02:03:02 [Thread-6] INFO  model.workers.Supplier - Produced: Accessory-Type_2
2026-05-13 02:03:02 [Thread-4] INFO  model.workers.Supplier - Produced: Accessory-Type_0
2026-05-13 02:03:04 [Thread-3] INFO  model.workers.Supplier - Produced: Engine
2026-05-13 02:03:04 [Thread-0] INFO  model.workers.Supplier - Produced: Body
2026-05-13 02:03:04 [Thread-2] INFO  model.workers.Supplier - Produced: Engine
2026-05-13 02:03:04 [Thread-1] INFO  model.workers.Supplier - Produced: Body
2026-05-13 02:03:04 [Thread-6] INFO  model.workers.Supplier - Produced: Accessory-Type_2
2026-05-13 02:03:04 [Thread-5] INFO  model.workers.Supplier - Produced: Accessory-Type_1
2026-05-13 02:03:04 [Thread-4] INFO  model.workers.Supplier - Produced: Accessory-Type_0
2026-05-13 02:03:05 [Thread-7] INFO  model.workers.Dealer - Dealer-0 sold a car
2026-05-13 02:03:06 [Thread-6] INFO  model.workers.Supplier - Produced: Accessory-Type_2
2026-05-13 02:03:06 [Thread-5] INFO  model.workers.Supplier - Produced: Accessory-Type_1
2026-05-13 02:03:06 [Thread-4] INFO  model.workers.Supplier - Produced: Accessory-Type_0
2026-05-13 02:03:08 [Thread-1] INFO  model.workers.Supplier - Produced: Body
2026-05-13 02:03:08 [Thread-2] INFO  model.workers.Supplier - Produced: Engine
2026-05-13 02:03:08 [Thread-3] INFO  model.workers.Supplier - Produced: Engine
2026-05-13 02:03:08 [Thread-0] INFO  model.workers.Supplier - Produced: Body
2026-05-13 02:03:08 [Thread-7] INFO  model.workers.Dealer - Dealer-0 sold a car
2026-05-13 02:03:08 [Thread-4] INFO  model.workers.Supplier - Produced: Accessory-Type_0
2026-05-13 02:03:08 [Thread-6] INFO  model.workers.Supplier - Produced: Accessory-Type_2
2026-05-13 02:03:08 [Thread-5] INFO  model.workers.Supplier - Produced: Accessory-Type_1
2026-05-13 02:03:10 [Thread-4] INFO  model.workers.Supplier - Produced: Accessory-Type_0
2026-05-13 02:03:10 [Thread-6] INFO  model.workers.Supplier - Produced: Accessory-Type_2
2026-05-13 02:03:10 [Thread-5] INFO  model.workers.Supplier - Produced: Accessory-Type_1
2026-05-13 02:03:11 [Thread-7] INFO  model.workers.Dealer - Dealer-0 sold a car
2026-05-13 02:03:12 [Thread-2] INFO  model.workers.Supplier - Produced: Engine
2026-05-13 02:03:12 [Thread-3] INFO  model.workers.Supplier - Produced: Engine
2026-05-13 02:03:12 [Thread-1] INFO  model.workers.Supplier - Produced: Body
2026-05-13 02:03:12 [Thread-0] INFO  model.workers.Supplier - Produced: Body
2026-05-13 02:03:12 [Thread-5] INFO  model.workers.Supplier - Produced: Accessory-Type_1
2026-05-13 02:03:12 [Thread-4] INFO  model.workers.Supplier - Produced: Accessory-Type_0
2026-05-13 02:03:12 [Thread-6] INFO  model.workers.Supplier - Produced: Accessory-Type_2
2026-05-13 02:03:14 [Thread-7] INFO  model.workers.Dealer - Dealer-0 sold a car
2026-05-13 02:03:14 [Thread-5] INFO  model.workers.Supplier - Produced: Accessory-Type_1
2026-05-13 02:03:14 [Thread-6] INFO  model.workers.Supplier - Produced: Accessory-Type_2
2026-05-13 02:03:14 [Thread-4] INFO  model.workers.Supplier - Produced: Accessory-Type_0
2026-05-13 02:03:16 [Thread-3] INFO  model.workers.Supplier - Produced: Engine
2026-05-13 02:03:16 [Thread-2] INFO  model.workers.Supplier - Produced: Engine
2026-05-13 02:03:16 [Thread-0] INFO  model.workers.Supplier - Produced: Body
2026-05-13 02:03:16 [Thread-1] INFO  model.workers.Supplier - Produced: Body
2026-05-13 02:03:16 [Thread-4] INFO  model.workers.Supplier - Produced: Accessory-Type_0
2026-05-13 02:03:16 [Thread-5] INFO  model.workers.Supplier - Produced: Accessory-Type_1
2026-05-13 02:03:16 [Thread-6] INFO  model.workers.Supplier - Produced: Accessory-Type_2
2026-05-13 02:03:17 [Thread-7] INFO  model.workers.Dealer - Dealer-0 sold a car
2026-05-13 02:03:18 [Thread-6] INFO  model.workers.Supplier - Produced: Accessory-Type_2
2026-05-13 02:03:18 [Thread-4] INFO  model.workers.Supplier - Produced: Accessory-Type_0
2026-05-13 02:03:18 [Thread-5] INFO  model.workers.Supplier - Produced: Accessory-Type_1
2026-05-13 02:03:20 [Thread-0] INFO  model.workers.Supplier - Produced: Body
2026-05-13 02:03:20 [Thread-1] INFO  model.workers.Supplier - Produced: Body
2026-05-13 02:03:20 [Thread-3] INFO  model.workers.Supplier - Produced: Engine
2026-05-13 02:03:20 [Thread-2] INFO  model.workers.Supplier - Produced: Engine
2026-05-13 02:03:20 [Thread-7] INFO  model.workers.Dealer - Dealer-0 sold a car
2026-05-13 02:03:20 [Thread-6] INFO  model.workers.Supplier - Produced: Accessory-Type_2
2026-05-13 02:03:20 [Thread-4] INFO  model.workers.Supplier - Produced: Accessory-Type_0
2026-05-13 02:03:20 [Thread-5] INFO  model.workers.Supplier - Produced: Accessory-Type_1
2026-05-13 02:03:22 [Thread-4] INFO  model.workers.Supplier - Produced: Accessory-Type_0
2026-05-13 02:03:22 [Thread-6] INFO  model.workers.Supplier - Produced: Accessory-Type_2
2026-05-13 02:03:22 [Thread-5] INFO  model.workers.Supplier - Produced: Accessory-Type_1
2026-05-13 02:03:23 [Thread-7] INFO  model.workers.Dealer - Dealer-0 sold a car
2026-05-13 02:03:24 [Thread-3] INFO  model.workers.Supplier - Produced: Engine
2026-05-13 02:03:24 [Thread-2] INFO  model.workers.Supplier - Produced: Engine
2026-05-13 02:03:24 [Thread-0] INFO  model.workers.Supplier - Produced: Body
2026-05-13 02:03:24 [Thread-1] INFO  model.workers.Supplier - Produced: Body
2026-05-13 02:03:24 [Thread-4] INFO  model.workers.Supplier - Produced: Accessory-Type_0
2026-05-13 02:03:24 [Thread-6] INFO  model.workers.Supplier - Produced: Accessory-Type_2
2026-05-13 02:03:24 [Thread-5] INFO  model.workers.Supplier - Produced: Accessory-Type_1
2026-05-13 02:03:26 [Thread-7] INFO  model.workers.Dealer - Dealer-0 sold a car
2026-05-13 02:03:26 [Thread-5] INFO  model.workers.Supplier - Produced: Accessory-Type_1
2026-05-13 02:03:26 [Thread-6] INFO  model.workers.Supplier - Produced: Accessory-Type_2
2026-05-13 02:03:26 [Thread-4] INFO  model.workers.Supplier - Produced: Accessory-Type_0
2026-05-13 02:03:28 [Thread-0] INFO  model.workers.Supplier - Produced: Body
2026-05-13 02:03:28 [Thread-1] INFO  model.workers.Supplier - Produced: Body
2026-05-13 02:03:28 [Thread-3] INFO  model.workers.Supplier - Produced: Engine
2026-05-13 02:03:28 [Thread-2] INFO  model.workers.Supplier - Produced: Engine
2026-05-13 02:03:29 [Thread-6] INFO  model.workers.Supplier - Produced: Accessory-Type_2
2026-05-13 02:03:29 [Thread-5] INFO  model.workers.Supplier - Produced: Accessory-Type_1
2026-05-13 02:03:29 [Thread-4] INFO  model.workers.Supplier - Produced: Accessory-Type_0
2026-05-13 02:03:29 [Thread-7] INFO  model.workers.Dealer - Dealer-0 sold a car
2026-05-13 02:03:31 [Thread-4] INFO  model.workers.Supplier - Produced: Accessory-Type_0
2026-05-13 02:03:31 [Thread-6] INFO  model.workers.Supplier - Produced: Accessory-Type_2
2026-05-13 02:03:31 [Thread-5] INFO  model.workers.Supplier - Produced: Accessory-Type_1
2026-05-13 02:03:32 [Thread-3] INFO  model.workers.Supplier - Produced: Engine
2026-05-13 02:03:32 [Thread-1] INFO  model.workers.Supplier - Produced: Body
2026-05-13 02:03:32 [Thread-0] INFO  model.workers.Supplier - Produced: Body
2026-05-13 02:03:32 [Thread-2] INFO  model.workers.Supplier - Produced: Engine
2026-05-13 02:03:32 [Thread-7] INFO  model.workers.Dealer - Dealer-0 sold a car
2026-05-13 02:03:33 [Thread-5] INFO  model.workers.Supplier - Produced: Accessory-Type_1
2026-05-13 02:03:33 [Thread-4] INFO  model.workers.Supplier - Produced: Accessory-Type_0
2026-05-13 02:03:33 [Thread-6] INFO  model.workers.Supplier - Produced: Accessory-Type_2
2026-05-13 02:03:35 [Thread-4] INFO  model.workers.Supplier - Produced: Accessory-Type_0
2026-05-13 02:03:35 [Thread-5] INFO  model.workers.Supplier - Produced: Accessory-Type_1
2026-05-13 02:03:35 [Thread-6] INFO  model.workers.Supplier - Produced: Accessory-Type_2
2026-05-13 02:03:35 [Thread-7] INFO  model.workers.Dealer - Dealer-0 sold a car
2026-05-13 02:03:36 [Thread-0] INFO  model.workers.Supplier - Produced: Body
2026-05-13 02:03:36 [Thread-3] INFO  model.workers.Supplier - Produced: Engine
2026-05-13 02:03:36 [Thread-2] INFO  model.workers.Supplier - Produced: Engine
2026-05-13 02:03:36 [Thread-1] INFO  model.workers.Supplier - Produced: Body
2026-05-13 02:03:37 [Thread-6] INFO  model.workers.Supplier - Produced: Accessory-Type_2
2026-05-13 02:03:37 [Thread-5] INFO  model.workers.Supplier - Produced: Accessory-Type_1
2026-05-13 02:03:37 [Thread-4] INFO  model.workers.Supplier - Produced: Accessory-Type_0
2026-05-13 02:03:38 [Thread-7] INFO  model.workers.Dealer - Dealer-0 sold a car
2026-05-13 02:03:39 [Thread-6] INFO  model.workers.Supplier - Produced: Accessory-Type_2
2026-05-13 02:03:39 [Thread-5] INFO  model.workers.Supplier - Produced: Accessory-Type_1
2026-05-13 02:03:39 [Thread-4] INFO  model.workers.Supplier - Produced: Accessory-Type_0
2026-05-13 02:03:40 [Thread-0] INFO  model.workers.Supplier - Produced: Body
2026-05-13 02:03:40 [Thread-2] INFO  model.workers.Supplier - Produced: Engine
2026-05-13 02:03:41 [Thread-4] INFO  model.workers.Supplier - Produced: Accessory-Type_0
2026-05-13 02:03:41 [Thread-6] INFO  model.workers.Supplier - Produced: Accessory-Type_2
2026-05-13 02:03:41 [Thread-5] INFO  model.workers.Supplier - Produced: Accessory-Type_1
2026-05-13 02:03:41 [Thread-3] INFO  model.workers.Supplier - Produced: Engine
2026-05-13 02:03:41 [Thread-1] INFO  model.workers.Supplier - Produced: Body
2026-05-13 02:03:41 [Thread-7] INFO  model.workers.Dealer - Dealer-0 sold a car
2026-05-13 02:03:43 [Thread-5] INFO  model.workers.Supplier - Produced: Accessory-Type_1
2026-05-13 02:03:43 [Thread-4] INFO  model.workers.Supplier - Produced: Accessory-Type_0
2026-05-13 02:03:43 [Thread-6] INFO  model.workers.Supplier - Produced: Accessory-Type_2
2026-05-13 02:03:44 [Thread-7] INFO  model.workers.Dealer - Dealer-0 sold a car
2026-05-13 02:03:44 [Thread-2] INFO  model.workers.Supplier - Produced: Engine
2026-05-13 02:03:44 [Thread-0] INFO  model.workers.Supplier - Produced: Body
2026-05-13 02:03:45 [Thread-4] INFO  model.workers.Supplier - Produced: Accessory-Type_0
2026-05-13 02:03:45 [Thread-6] INFO  model.workers.Supplier - Produced: Accessory-Type_2
2026-05-13 02:03:45 [Thread-5] INFO  model.workers.Supplier - Produced: Accessory-Type_1
2026-05-13 02:03:47 [Thread-6] INFO  model.workers.Supplier - Produced: Accessory-Type_2
2026-05-13 02:03:47 [Thread-5] INFO  model.workers.Supplier - Produced: Accessory-Type_1
2026-05-13 02:03:47 [Thread-4] INFO  model.workers.Supplier - Produced: Accessory-Type_0
2026-05-13 02:03:47 [Thread-7] INFO  model.workers.Dealer - Dealer-0 sold a car
2026-05-13 02:03:47 [Thread-1] INFO  model.workers.Supplier - Produced: Body
2026-05-13 02:03:47 [Thread-3] INFO  model.workers.Supplier - Produced: Engine
2026-05-13 02:03:49 [Thread-5] INFO  model.workers.Supplier - Produced: Accessory-Type_1
2026-05-13 02:03:49 [Thread-4] INFO  model.workers.Supplier - Produced: Accessory-Type_0
2026-05-13 02:03:49 [Thread-6] INFO  model.workers.Supplier - Produced: Accessory-Type_2
2026-05-13 02:03:50 [Thread-7] INFO  model.workers.Dealer - Dealer-0 sold a car
2026-05-13 02:03:50 [Thread-0] INFO  model.workers.Supplier - Produced: Body
2026-05-13 02:03:50 [Thread-2] INFO  model.workers.Supplier - Produced: Engine
2026-05-13 02:03:51 [Thread-4] INFO  model.workers.Supplier - Produced: Accessory-Type_0
2026-05-13 02:03:51 [Thread-5] INFO  model.workers.Supplier - Produced: Accessory-Type_1
2026-05-13 02:03:51 [Thread-6] INFO  model.workers.Supplier - Produced: Accessory-Type_2
2026-05-13 02:03:53 [Thread-6] INFO  model.workers.Supplier - Produced: Accessory-Type_2
2026-05-13 02:03:53 [Thread-5] INFO  model.workers.Supplier - Produced: Accessory-Type_1
2026-05-13 02:03:53 [Thread-4] INFO  model.workers.Supplier - Produced: Accessory-Type_0
2026-05-13 02:03:53 [Thread-7] INFO  model.workers.Dealer - Dealer-0 sold a car
2026-05-13 02:03:53 [Thread-1] INFO  model.workers.Supplier - Produced: Body
2026-05-13 02:03:53 [Thread-3] INFO  model.workers.Supplier - Produced: Engine
2026-05-13 02:03:55 [Thread-4] INFO  model.workers.Supplier - Produced: Accessory-Type_0
2026-05-13 02:03:55 [Thread-5] INFO  model.workers.Supplier - Produced: Accessory-Type_1
2026-05-13 02:03:55 [Thread-6] INFO  model.workers.Supplier - Produced: Accessory-Type_2
2026-05-13 02:03:56 [Thread-7] INFO  model.workers.Dealer - Dealer-0 sold a car
2026-05-13 02:03:56 [Thread-0] INFO  model.workers.Supplier - Produced: Body
2026-05-13 02:03:56 [Thread-2] INFO  model.workers.Supplier - Produced: Engine
2026-05-13 02:03:57 [Thread-4] INFO  model.workers.Supplier - Produced: Accessory-Type_0
2026-05-13 02:03:57 [Thread-5] INFO  model.workers.Supplier - Produced: Accessory-Type_1
2026-05-13 02:03:57 [Thread-6] INFO  model.workers.Supplier - Produced: Accessory-Type_2
2026-05-13 02:03:59 [Thread-6] INFO  model.workers.Supplier - Produced: Accessory-Type_2
2026-05-13 02:03:59 [Thread-4] INFO  model.workers.Supplier - Produced: Accessory-Type_0
2026-05-13 02:03:59 [Thread-5] INFO  model.workers.Supplier - Produced: Accessory-Type_1
2026-05-13 02:03:59 [Thread-7] INFO  model.workers.Dealer - Dealer-0 sold a car
2026-05-13 02:03:59 [Thread-1] INFO  model.workers.Supplier - Produced: Body
2026-05-13 02:03:59 [Thread-3] INFO  model.workers.Supplier - Produced: Engine
2026-05-13 02:04:01 [Thread-4] INFO  model.workers.Supplier - Produced: Accessory-Type_0
2026-05-13 02:04:01 [Thread-5] INFO  model.workers.Supplier - Produced: Accessory-Type_1
2026-05-13 02:04:01 [Thread-6] INFO  model.workers.Supplier - Produced: Accessory-Type_2
2026-05-13 02:04:03 [Thread-7] INFO  model.workers.Dealer - Dealer-0 sold a car
2026-05-13 02:04:03 [Thread-0] INFO  model.workers.Supplier - Produced: Body
2026-05-13 02:04:03 [Thread-2] INFO  model.workers.Supplier - Produced: Engine
2026-05-13 02:04:03 [Thread-4] INFO  model.workers.Supplier - Produced: Accessory-Type_0
2026-05-13 02:04:03 [Thread-5] INFO  model.workers.Supplier - Produced: Accessory-Type_1
2026-05-13 02:04:03 [Thread-6] INFO  model.workers.Supplier - Produced: Accessory-Type_2
2026-05-13 02:04:05 [Thread-4] INFO  model.workers.Supplier - Produced: Accessory-Type_0
2026-05-13 02:04:05 [Thread-5] INFO  model.workers.Supplier - Produced: Accessory-Type_1
2026-05-13 02:04:05 [Thread-6] INFO  model.workers.Supplier - Produced: Accessory-Type_2
2026-05-13 02:04:06 [Thread-7] INFO  model.workers.Dealer - Dealer-0 sold a car
2026-05-13 02:04:06 [Thread-3] INFO  model.workers.Supplier - Produced: Engine
2026-05-13 02:04:06 [Thread-1] INFO  model.workers.Supplier - Produced: Body
2026-05-13 02:04:07 [Thread-6] INFO  model.workers.Supplier - Produced: Accessory-Type_2
2026-05-13 02:04:07 [Thread-4] INFO  model.workers.Supplier - Produced: Accessory-Type_0
2026-05-13 02:04:07 [Thread-5] INFO  model.workers.Supplier - Produced: Accessory-Type_1
2026-05-13 02:04:09 [Thread-7] INFO  model.workers.Dealer - Dealer-0 sold a car
2026-05-13 02:04:09 [Thread-0] INFO  model.workers.Supplier - Produced: Body
2026-05-13 02:04:09 [Thread-2] INFO  model.workers.Supplier - Produced: Engine
2026-05-13 02:04:09 [Thread-6] INFO  model.workers.Supplier - Produced: Accessory-Type_2
2026-05-13 02:04:09 [Thread-4] INFO  model.workers.Supplier - Produced: Accessory-Type_0
2026-05-13 02:04:09 [Thread-5] INFO  model.workers.Supplier - Produced: Accessory-Type_1
2026-05-13 02:04:12 [Thread-7] INFO  model.workers.Dealer - Dealer-0 sold a car
2026-05-13 02:04:12 [Thread-1] INFO  model.workers.Supplier - Produced: Body
2026-05-13 02:04:12 [Thread-4] INFO  model.workers.Supplier - Produced: Accessory-Type_0
2026-05-13 02:04:12 [Thread-6] INFO  model.workers.Supplier - Produced: Accessory-Type_2
2026-05-13 02:04:12 [Thread-5] INFO  model.workers.Supplier - Produced: Accessory-Type_1
2026-05-13 02:04:12 [Thread-3] INFO  model.workers.Supplier - Produced: Engine
2026-05-13 02:04:15 [Thread-7] INFO  model.workers.Dealer - Dealer-0 sold a car
2026-05-13 02:04:15 [Thread-0] INFO  model.workers.Supplier - Produced: Body
2026-05-13 02:04:15 [Thread-6] INFO  model.workers.Supplier - Produced: Accessory-Type_2
2026-05-13 02:04:15 [Thread-4] INFO  model.workers.Supplier - Produced: Accessory-Type_0
2026-05-13 02:04:15 [Thread-2] INFO  model.workers.Supplier - Produced: Engine
2026-05-13 02:04:15 [Thread-5] INFO  model.workers.Supplier - Produced: Accessory-Type_1
2026-05-13 02:04:18 [Thread-7] INFO  model.workers.Dealer - Dealer-0 sold a car
2026-05-13 02:04:18 [Thread-3] INFO  model.workers.Supplier - Produced: Engine
2026-05-13 02:04:18 [Thread-6] INFO  model.workers.Supplier - Produced: Accessory-Type_2
2026-05-13 02:04:18 [Thread-1] INFO  model.workers.Supplier - Produced: Body
2026-05-13 02:04:18 [Thread-4] INFO  model.workers.Supplier - Produced: Accessory-Type_0
2026-05-13 02:04:18 [Thread-5] INFO  model.workers.Supplier - Produced: Accessory-Type_1
2026-05-13 02:04:21 [Thread-7] INFO  model.workers.Dealer - Dealer-0 sold a car
2026-05-13 02:04:21 [Thread-0] INFO  model.workers.Supplier - Produced: Body
2026-05-13 02:04:21 [Thread-2] INFO  model.workers.Supplier - Produced: Engine
2026-05-13 02:04:21 [Thread-4] INFO  model.workers.Supplier - Produced: Accessory-Type_0
2026-05-13 02:04:21 [Thread-5] INFO  model.workers.Supplier - Produced: Accessory-Type_1
2026-05-13 02:04:21 [Thread-6] INFO  model.workers.Supplier - Produced: Accessory-Type_2
2026-05-13 02:04:24 [Thread-7] INFO  model.workers.Dealer - Dealer-0 sold a car
2026-05-13 02:04:24 [Thread-1] INFO  model.workers.Supplier - Produced: Body
2026-05-13 02:04:24 [Thread-6] INFO  model.workers.Supplier - Produced: Accessory-Type_2
2026-05-13 02:04:24 [Thread-3] INFO  model.workers.Supplier - Produced: Engine
2026-05-13 02:04:24 [Thread-5] INFO  model.workers.Supplier - Produced: Accessory-Type_1
2026-05-13 02:04:24 [Thread-4] INFO  model.workers.Supplier - Produced: Accessory-Type_0
2026-05-13 02:04:27 [Thread-7] INFO  model.workers.Dealer - Dealer-0 sold a car
2026-05-13 02:04:27 [Thread-0] INFO  model.workers.Supplier - Produced: Body
2026-05-13 02:04:27 [Thread-6] INFO  model.workers.Supplier - Produced: Accessory-Type_2
2026-05-13 02:04:27 [Thread-2] INFO  model.workers.Supplier - Produced: Engine
2026-05-13 02:04:27 [Thread-5] INFO  model.workers.Supplier - Produced: Accessory-Type_1
2026-05-13 02:04:27 [Thread-4] INFO  model.workers.Supplier - Produced: Accessory-Type_0
2026-05-13 02:04:30 [Thread-7] INFO  model.workers.Dealer - Dealer-0 sold a car
2026-05-13 02:04:30 [Thread-1] INFO  model.workers.Supplier - Produced: Body
2026-05-13 02:04:30 [Thread-6] INFO  model.workers.Supplier - Produced: Accessory-Type_2
2026-05-13 02:04:30 [Thread-3] INFO  model.workers.Supplier - Produced: Engine
2026-05-13 02:04:30 [Thread-5] INFO  model.workers.Supplier - Produced: Accessory-Type_1
2026-05-13 02:04:30 [Thread-4] INFO  model.workers.Supplier - Produced: Accessory-Type_0
2026-05-13 02:04:33 [Thread-7] INFO  model.workers.Dealer - Dealer-0 sold a car
2026-05-13 02:04:33 [Thread-0] INFO  model.workers.Supplier - Produced: Body
2026-05-13 02:04:33 [Thread-5] INFO  model.workers.Supplier - Produced: Accessory-Type_1
2026-05-13 02:04:33 [Thread-6] INFO  model.workers.Supplier - Produced: Accessory-Type_2
2026-05-13 02:04:33 [Thread-2] INFO  model.workers.Supplier - Produced: Engine
2026-05-13 02:04:33 [Thread-4] INFO  model.workers.Supplier - Produced: Accessory-Type_0
2026-05-13 02:04:36 [Thread-7] INFO  model.workers.Dealer - Dealer-0 sold a car
2026-05-13 02:04:36 [Thread-5] INFO  model.workers.Supplier - Produced: Accessory-Type_1
2026-05-13 02:04:36 [Thread-1] INFO  model.workers.Supplier - Produced: Body
2026-05-13 02:04:36 [Thread-3] INFO  model.workers.Supplier - Produced: Engine
2026-05-13 02:04:36 [Thread-4] INFO  model.workers.Supplier - Produced: Accessory-Type_0
2026-05-13 02:04:36 [Thread-6] INFO  model.workers.Supplier - Produced: Accessory-Type_2
2026-05-13 02:04:39 [Thread-7] INFO  model.workers.Dealer - Dealer-0 sold a car
2026-05-13 02:04:39 [Thread-0] INFO  model.workers.Supplier - Produced: Body
2026-05-13 02:04:39 [Thread-5] INFO  model.workers.Supplier - Produced: Accessory-Type_1
2026-05-13 02:04:39 [Thread-2] INFO  model.workers.Supplier - Produced: Engine
2026-05-13 02:04:39 [Thread-4] INFO  model.workers.Supplier - Produced: Accessory-Type_0
2026-05-13 02:04:39 [Thread-6] INFO  model.workers.Supplier - Produced: Accessory-Type_2
2026-05-13 02:04:42 [Thread-7] INFO  model.workers.Dealer - Dealer-0 sold a car
2026-05-13 02:04:42 [Thread-1] INFO  model.workers.Supplier - Produced: Body
2026-05-13 02:04:42 [Thread-3] INFO  model.workers.Supplier - Produced: Engine
2026-05-13 02:04:42 [Thread-4] INFO  model.workers.Supplier - Produced: Accessory-Type_0
2026-05-13 02:04:42 [Thread-6] INFO  model.workers.Supplier - Produced: Accessory-Type_2
2026-05-13 02:04:42 [Thread-5] INFO  model.workers.Supplier - Produced: Accessory-Type_1
2026-05-13 02:04:45 [Thread-7] INFO  model.workers.Dealer - Dealer-0 sold a car
2026-05-13 02:04:45 [Thread-0] INFO  model.workers.Supplier - Produced: Body
2026-05-13 02:04:45 [Thread-2] INFO  model.workers.Supplier - Produced: Engine
2026-05-13 02:04:45 [Thread-6] INFO  model.workers.Supplier - Produced: Accessory-Type_2
2026-05-13 02:04:45 [Thread-5] INFO  model.workers.Supplier - Produced: Accessory-Type_1
2026-05-13 02:04:45 [Thread-4] INFO  model.workers.Supplier - Produced: Accessory-Type_0
2026-05-13 02:04:48 [Thread-7] INFO  model.workers.Dealer - Dealer-0 sold a car
2026-05-13 02:04:48 [Thread-3] INFO  model.workers.Supplier - Produced: Engine
2026-05-13 02:04:48 [Thread-5] INFO  model.workers.Supplier - Produced: Accessory-Type_1
2026-05-13 02:04:48 [Thread-1] INFO  model.workers.Supplier - Produced: Body
2026-05-13 02:04:48 [Thread-6] INFO  model.workers.Supplier - Produced: Accessory-Type_2
2026-05-13 02:04:48 [Thread-4] INFO  model.workers.Supplier - Produced: Accessory-Type_0
2026-05-13 02:04:51 [Thread-7] INFO  model.workers.Dealer - Dealer-0 sold a car
2026-05-13 02:04:51 [Thread-0] INFO  model.workers.Supplier - Produced: Body
2026-05-13 02:04:51 [Thread-6] INFO  model.workers.Supplier - Produced: Accessory-Type_2
2026-05-13 02:04:51 [Thread-2] INFO  model.workers.Supplier - Produced: Engine
2026-05-13 02:04:51 [Thread-4] INFO  model.workers.Supplier - Produced: Accessory-Type_0
2026-05-13 02:04:51 [Thread-5] INFO  model.workers.Supplier - Produced: Accessory-Type_1
2026-05-13 02:04:54 [Thread-7] INFO  model.workers.Dealer - Dealer-0 sold a car
2026-05-13 02:04:54 [Thread-1] INFO  model.workers.Supplier - Produced: Body
2026-05-13 02:04:54 [Thread-4] INFO  model.workers.Supplier - Produced: Accessory-Type_0
2026-05-13 02:04:54 [Thread-3] INFO  model.workers.Supplier - Produced: Engine
2026-05-13 02:04:54 [Thread-6] INFO  model.workers.Supplier - Produced: Accessory-Type_2
2026-05-13 02:04:54 [Thread-5] INFO  model.workers.Supplier - Produced: Accessory-Type_1
2026-05-13 02:04:57 [Thread-7] INFO  model.workers.Dealer - Dealer-0 sold a car
2026-05-13 02:04:57 [Thread-0] INFO  model.workers.Supplier - Produced: Body
2026-05-13 02:04:57 [Thread-5] INFO  model.workers.Supplier - Produced: Accessory-Type_1
2026-05-13 02:04:57 [Thread-2] INFO  model.workers.Supplier - Produced: Engine
2026-05-13 02:04:57 [Thread-4] INFO  model.workers.Supplier - Produced: Accessory-Type_0
2026-05-13 02:04:57 [Thread-6] INFO  model.workers.Supplier - Produced: Accessory-Type_2
2026-05-13 02:05:00 [Thread-7] INFO  model.workers.Dealer - Dealer-0 sold a car
2026-05-13 02:05:00 [Thread-1] INFO  model.workers.Supplier - Produced: Body
2026-05-13 02:05:00 [Thread-3] INFO  model.workers.Supplier - Produced: Engine
2026-05-13 02:05:00 [Thread-4] INFO  model.workers.Supplier - Produced: Accessory-Type_0
2026-05-13 02:05:00 [Thread-5] INFO  model.workers.Supplier - Produced: Accessory-Type_1
2026-05-13 02:05:00 [Thread-6] INFO  model.workers.Supplier - Produced: Accessory-Type_2
2026-05-13 02:05:03 [Thread-7] INFO  model.workers.Dealer - Dealer-0 sold a car
2026-05-13 02:05:03 [Thread-4] INFO  model.workers.Supplier - Produced: Accessory-Type_0
2026-05-13 02:05:03 [Thread-0] INFO  model.workers.Supplier - Produced: Body
2026-05-13 02:05:03 [Thread-2] INFO  model.workers.Supplier - Produced: Engine
2026-05-13 02:05:03 [Thread-6] INFO  model.workers.Supplier - Produced: Accessory-Type_2
2026-05-13 02:05:03 [Thread-5] INFO  model.workers.Supplier - Produced: Accessory-Type_1
2026-05-13 02:05:06 [Thread-7] INFO  model.workers.Dealer - Dealer-0 sold a car
2026-05-13 02:05:06 [Thread-3] INFO  model.workers.Supplier - Produced: Engine
2026-05-13 02:05:06 [Thread-1] INFO  model.workers.Supplier - Produced: Body
2026-05-13 02:05:06 [Thread-5] INFO  model.workers.Supplier - Produced: Accessory-Type_1
2026-05-13 02:05:06 [Thread-6] INFO  model.workers.Supplier - Produced: Accessory-Type_2
2026-05-13 02:05:06 [Thread-4] INFO  model.workers.Supplier - Produced: Accessory-Type_0
2026-05-13 02:05:09 [Thread-7] INFO  model.workers.Dealer - Dealer-0 sold a car
2026-05-13 02:05:09 [Thread-0] INFO  model.workers.Supplier - Produced: Body
2026-05-13 02:05:09 [Thread-6] INFO  model.workers.Supplier - Produced: Accessory-Type_2
2026-05-13 02:05:09 [Thread-2] INFO  model.workers.Supplier - Produced: Engine
2026-05-13 02:05:09 [Thread-5] INFO  model.workers.Supplier - Produced: Accessory-Type_1
2026-05-13 02:05:09 [Thread-4] INFO  model.workers.Supplier - Produced: Accessory-Type_0
2026-05-13 02:05:12 [Thread-7] INFO  model.workers.Dealer - Dealer-0 sold a car
2026-05-13 02:05:12 [Thread-3] INFO  model.workers.Supplier - Produced: Engine
2026-05-13 02:05:12 [Thread-5] INFO  model.workers.Supplier - Produced: Accessory-Type_1
2026-05-13 02:05:12 [Thread-4] INFO  model.workers.Supplier - Produced: Accessory-Type_0
2026-05-13 02:05:12 [Thread-6] INFO  model.workers.Supplier - Produced: Accessory-Type_2
2026-05-13 02:05:12 [Thread-1] INFO  model.workers.Supplier - Produced: Body
2026-05-13 02:05:15 [Thread-7] INFO  model.workers.Dealer - Dealer-0 sold a car
2026-05-13 02:05:15 [Thread-0] INFO  model.workers.Supplier - Produced: Body
2026-05-13 02:05:15 [Thread-2] INFO  model.workers.Supplier - Produced: Engine
2026-05-13 02:05:15 [Thread-5] INFO  model.workers.Supplier - Produced: Accessory-Type_1
2026-05-13 02:05:15 [Thread-4] INFO  model.workers.Supplier - Produced: Accessory-Type_0
2026-05-13 02:05:15 [Thread-6] INFO  model.workers.Supplier - Produced: Accessory-Type_2
2026-05-13 02:05:18 [Thread-7] INFO  model.workers.Dealer - Dealer-0 sold a car
2026-05-13 02:05:18 [Thread-5] INFO  model.workers.Supplier - Produced: Accessory-Type_1
2026-05-13 02:05:18 [Thread-4] INFO  model.workers.Supplier - Produced: Accessory-Type_0
2026-05-13 02:05:18 [Thread-6] INFO  model.workers.Supplier - Produced: Accessory-Type_2
2026-05-13 02:05:18 [Thread-1] INFO  model.workers.Supplier - Produced: Body
2026-05-13 02:05:18 [Thread-3] INFO  model.workers.Supplier - Produced: Engine
2026-05-13 02:10:51 [Thread-7] INFO  model.workers.Dealer - Dealer-0 started
2026-05-13 02:10:53 [Thread-5] INFO  model.workers.Supplier - Produced: Accessory-Type_1
2026-05-13 02:10:53 [Thread-6] INFO  model.workers.Supplier - Produced: Accessory-Type_2
2026-05-13 02:10:53 [Thread-4] INFO  model.workers.Supplier - Produced: Accessory-Type_0
2026-05-13 02:10:55 [Thread-0] INFO  model.workers.Supplier - Produced: Body
2026-05-13 02:10:55 [Thread-1] INFO  model.workers.Supplier - Produced: Body
2026-05-13 02:10:55 [Thread-3] INFO  model.workers.Supplier - Produced: Engine
2026-05-13 02:10:55 [Thread-2] INFO  model.workers.Supplier - Produced: Engine
2026-05-13 02:10:55 [Thread-4] INFO  model.workers.Supplier - Produced: Accessory-Type_0
2026-05-13 02:10:55 [Thread-6] INFO  model.workers.Supplier - Produced: Accessory-Type_2
2026-05-13 02:10:55 [Thread-5] INFO  model.workers.Supplier - Produced: Accessory-Type_1
2026-05-13 02:10:57 [Thread-5] INFO  model.workers.Supplier - Produced: Accessory-Type_1
2026-05-13 02:10:57 [Thread-4] INFO  model.workers.Supplier - Produced: Accessory-Type_0
2026-05-13 02:10:57 [Thread-6] INFO  model.workers.Supplier - Produced: Accessory-Type_2
2026-05-13 02:10:58 [Thread-7] INFO  model.workers.Dealer - Dealer-0 sold a car
2026-05-13 02:10:59 [Thread-2] INFO  model.workers.Supplier - Produced: Engine
2026-05-13 02:10:59 [Thread-3] INFO  model.workers.Supplier - Produced: Engine
2026-05-13 02:10:59 [Thread-0] INFO  model.workers.Supplier - Produced: Body
2026-05-13 02:10:59 [Thread-1] INFO  model.workers.Supplier - Produced: Body
2026-05-13 02:10:59 [Thread-4] INFO  model.workers.Supplier - Produced: Accessory-Type_0
2026-05-13 02:10:59 [Thread-6] INFO  model.workers.Supplier - Produced: Accessory-Type_2
2026-05-13 02:10:59 [Thread-5] INFO  model.workers.Supplier - Produced: Accessory-Type_1
2026-05-13 02:11:01 [Thread-7] INFO  model.workers.Dealer - Dealer-0 sold a car
2026-05-13 02:11:01 [Thread-4] INFO  model.workers.Supplier - Produced: Accessory-Type_0
2026-05-13 02:11:01 [Thread-5] INFO  model.workers.Supplier - Produced: Accessory-Type_1
2026-05-13 02:11:01 [Thread-6] INFO  model.workers.Supplier - Produced: Accessory-Type_2
2026-05-13 02:11:03 [Thread-3] INFO  model.workers.Supplier - Produced: Engine
2026-05-13 02:11:03 [Thread-1] INFO  model.workers.Supplier - Produced: Body
2026-05-13 02:11:03 [Thread-2] INFO  model.workers.Supplier - Produced: Engine
2026-05-13 02:11:03 [Thread-0] INFO  model.workers.Supplier - Produced: Body
2026-05-13 02:11:03 [Thread-6] INFO  model.workers.Supplier - Produced: Accessory-Type_2
2026-05-13 02:11:03 [Thread-5] INFO  model.workers.Supplier - Produced: Accessory-Type_1
2026-05-13 02:11:03 [Thread-4] INFO  model.workers.Supplier - Produced: Accessory-Type_0
2026-05-13 02:11:04 [Thread-7] INFO  model.workers.Dealer - Dealer-0 sold a car
2026-05-13 02:11:05 [Thread-6] INFO  model.workers.Supplier - Produced: Accessory-Type_2
2026-05-13 02:11:05 [Thread-4] INFO  model.workers.Supplier - Produced: Accessory-Type_0
2026-05-13 02:11:05 [Thread-5] INFO  model.workers.Supplier - Produced: Accessory-Type_1
2026-05-13 02:11:07 [Thread-1] INFO  model.workers.Supplier - Produced: Body
2026-05-13 02:11:07 [Thread-3] INFO  model.workers.Supplier - Produced: Engine
2026-05-13 02:11:07 [Thread-2] INFO  model.workers.Supplier - Produced: Engine
2026-05-13 02:11:07 [Thread-0] INFO  model.workers.Supplier - Produced: Body
2026-05-13 02:11:07 [Thread-7] INFO  model.workers.Dealer - Dealer-0 sold a car
2026-05-13 02:11:07 [Thread-6] INFO  model.workers.Supplier - Produced: Accessory-Type_2
2026-05-13 02:11:07 [Thread-5] INFO  model.workers.Supplier - Produced: Accessory-Type_1
2026-05-13 02:11:07 [Thread-4] INFO  model.workers.Supplier - Produced: Accessory-Type_0
2026-05-13 02:11:09 [Thread-4] INFO  model.workers.Supplier - Produced: Accessory-Type_0
2026-05-13 02:11:09 [Thread-6] INFO  model.workers.Supplier - Produced: Accessory-Type_2
2026-05-13 02:11:09 [Thread-5] INFO  model.workers.Supplier - Produced: Accessory-Type_1
2026-05-13 02:11:10 [Thread-7] INFO  model.workers.Dealer - Dealer-0 sold a car
2026-05-13 02:11:11 [Thread-2] INFO  model.workers.Supplier - Produced: Engine
2026-05-13 02:11:11 [Thread-3] INFO  model.workers.Supplier - Produced: Engine
2026-05-13 02:11:11 [Thread-0] INFO  model.workers.Supplier - Produced: Body
2026-05-13 02:11:11 [Thread-1] INFO  model.workers.Supplier - Produced: Body
2026-05-13 02:11:11 [Thread-4] INFO  model.workers.Supplier - Produced: Accessory-Type_0
2026-05-13 02:11:11 [Thread-6] INFO  model.workers.Supplier - Produced: Accessory-Type_2
2026-05-13 02:11:11 [Thread-5] INFO  model.workers.Supplier - Produced: Accessory-Type_1
2026-05-13 02:11:13 [Thread-7] INFO  model.workers.Dealer - Dealer-0 sold a car
2026-05-13 02:11:13 [Thread-6] INFO  model.workers.Supplier - Produced: Accessory-Type_2
2026-05-13 02:11:13 [Thread-4] INFO  model.workers.Supplier - Produced: Accessory-Type_0
2026-05-13 02:11:13 [Thread-5] INFO  model.workers.Supplier - Produced: Accessory-Type_1
2026-05-13 02:11:15 [Thread-2] INFO  model.workers.Supplier - Produced: Engine
2026-05-13 02:11:15 [Thread-0] INFO  model.workers.Supplier - Produced: Body
2026-05-13 02:11:15 [Thread-3] INFO  model.workers.Supplier - Produced: Engine
2026-05-13 02:11:15 [Thread-1] INFO  model.workers.Supplier - Produced: Body
2026-05-13 02:11:15 [Thread-4] INFO  model.workers.Supplier - Produced: Accessory-Type_0
2026-05-13 02:11:15 [Thread-6] INFO  model.workers.Supplier - Produced: Accessory-Type_2
2026-05-13 02:11:15 [Thread-5] INFO  model.workers.Supplier - Produced: Accessory-Type_1
2026-05-13 02:11:16 [Thread-7] INFO  model.workers.Dealer - Dealer-0 sold a car
2026-05-13 02:11:17 [Thread-4] INFO  model.workers.Supplier - Produced: Accessory-Type_0
2026-05-13 02:11:17 [Thread-6] INFO  model.workers.Supplier - Produced: Accessory-Type_2
2026-05-13 02:11:17 [Thread-5] INFO  model.workers.Supplier - Produced: Accessory-Type_1
2026-05-13 02:12:54 [Thread-7] INFO  model.workers.Dealer - Dealer-0 started
2026-05-13 02:12:56 [Thread-6] INFO  model.workers.Supplier - Produced: Accessory-Type_2
2026-05-13 02:12:56 [Thread-5] INFO  model.workers.Supplier - Produced: Accessory-Type_1
2026-05-13 02:12:56 [Thread-4] INFO  model.workers.Supplier - Produced: Accessory-Type_0
2026-05-13 02:12:58 [Thread-3] INFO  model.workers.Supplier - Produced: Engine
2026-05-13 02:12:58 [Thread-2] INFO  model.workers.Supplier - Produced: Engine
2026-05-13 02:12:58 [Thread-1] INFO  model.workers.Supplier - Produced: Body
2026-05-13 02:12:58 [Thread-0] INFO  model.workers.Supplier - Produced: Body
2026-05-13 02:12:58 [Thread-6] INFO  model.workers.Supplier - Produced: Accessory-Type_2
2026-05-13 02:12:58 [Thread-5] INFO  model.workers.Supplier - Produced: Accessory-Type_1
2026-05-13 02:12:58 [Thread-4] INFO  model.workers.Supplier - Produced: Accessory-Type_0
2026-05-13 02:13:00 [Thread-6] INFO  model.workers.Supplier - Produced: Accessory-Type_2
2026-05-13 02:13:00 [Thread-4] INFO  model.workers.Supplier - Produced: Accessory-Type_0
2026-05-13 02:13:00 [Thread-5] INFO  model.workers.Supplier - Produced: Accessory-Type_1
2026-05-13 02:13:01 [Thread-7] INFO  model.workers.Dealer - Dealer-0 sold a car
2026-05-13 02:13:02 [Thread-0] INFO  model.workers.Supplier - Produced: Body
2026-05-13 02:13:02 [Thread-3] INFO  model.workers.Supplier - Produced: Engine
2026-05-13 02:13:02 [Thread-1] INFO  model.workers.Supplier - Produced: Body
2026-05-13 02:13:02 [Thread-2] INFO  model.workers.Supplier - Produced: Engine
2026-05-13 02:13:02 [Thread-5] INFO  model.workers.Supplier - Produced: Accessory-Type_1
2026-05-13 02:13:02 [Thread-4] INFO  model.workers.Supplier - Produced: Accessory-Type_0
2026-05-13 02:13:02 [Thread-6] INFO  model.workers.Supplier - Produced: Accessory-Type_2
2026-05-13 02:13:04 [Thread-7] INFO  model.workers.Dealer - Dealer-0 sold a car
2026-05-13 02:13:04 [Thread-4] INFO  model.workers.Supplier - Produced: Accessory-Type_0
2026-05-13 02:13:04 [Thread-5] INFO  model.workers.Supplier - Produced: Accessory-Type_1
2026-05-13 02:13:04 [Thread-6] INFO  model.workers.Supplier - Produced: Accessory-Type_2
2026-05-13 02:13:06 [Thread-0] INFO  model.workers.Supplier - Produced: Body
2026-05-13 02:13:06 [Thread-1] INFO  model.workers.Supplier - Produced: Body
2026-05-13 02:13:06 [Thread-2] INFO  model.workers.Supplier - Produced: Engine
2026-05-13 02:13:06 [Thread-3] INFO  model.workers.Supplier - Produced: Engine
2026-05-13 02:13:06 [Thread-6] INFO  model.workers.Supplier - Produced: Accessory-Type_2
2026-05-13 02:13:06 [Thread-4] INFO  model.workers.Supplier - Produced: Accessory-Type_0
2026-05-13 02:13:06 [Thread-5] INFO  model.workers.Supplier - Produced: Accessory-Type_1
2026-05-13 02:13:07 [Thread-7] INFO  model.workers.Dealer - Dealer-0 sold a car
2026-05-13 02:13:08 [Thread-6] INFO  model.workers.Supplier - Produced: Accessory-Type_2
2026-05-13 02:13:08 [Thread-5] INFO  model.workers.Supplier - Produced: Accessory-Type_1
2026-05-13 02:13:08 [Thread-4] INFO  model.workers.Supplier - Produced: Accessory-Type_0
2026-05-13 02:13:10 [Thread-0] INFO  model.workers.Supplier - Produced: Body
2026-05-13 02:13:10 [Thread-1] INFO  model.workers.Supplier - Produced: Body
2026-05-13 02:13:10 [Thread-2] INFO  model.workers.Supplier - Produced: Engine
2026-05-13 02:13:10 [Thread-3] INFO  model.workers.Supplier - Produced: Engine
2026-05-13 02:13:10 [Thread-7] INFO  model.workers.Dealer - Dealer-0 sold a car
2026-05-13 02:13:10 [Thread-4] INFO  model.workers.Supplier - Produced: Accessory-Type_0
2026-05-13 02:13:10 [Thread-5] INFO  model.workers.Supplier - Produced: Accessory-Type_1
2026-05-13 02:13:10 [Thread-6] INFO  model.workers.Supplier - Produced: Accessory-Type_2
2026-05-13 02:13:12 [Thread-5] INFO  model.workers.Supplier - Produced: Accessory-Type_1
2026-05-13 02:13:12 [Thread-6] INFO  model.workers.Supplier - Produced: Accessory-Type_2
2026-05-13 02:13:12 [Thread-4] INFO  model.workers.Supplier - Produced: Accessory-Type_0
2026-05-13 02:13:13 [Thread-7] INFO  model.workers.Dealer - Dealer-0 sold a car
2026-05-13 02:13:14 [Thread-0] INFO  model.workers.Supplier - Produced: Body
2026-05-13 02:13:14 [Thread-1] INFO  model.workers.Supplier - Produced: Body
2026-05-13 02:13:14 [Thread-2] INFO  model.workers.Supplier - Produced: Engine
2026-05-13 02:13:14 [Thread-3] INFO  model.workers.Supplier - Produced: Engine
2026-05-13 02:13:14 [Thread-4] INFO  model.workers.Supplier - Produced: Accessory-Type_0
2026-05-13 02:13:14 [Thread-5] INFO  model.workers.Supplier - Produced: Accessory-Type_1
2026-05-13 02:13:14 [Thread-6] INFO  model.workers.Supplier - Produced: Accessory-Type_2
2026-05-13 02:13:16 [Thread-7] INFO  model.workers.Dealer - Dealer-0 sold a car
2026-05-13 02:13:16 [Thread-4] INFO  model.workers.Supplier - Produced: Accessory-Type_0
2026-05-13 02:13:16 [Thread-6] INFO  model.workers.Supplier - Produced: Accessory-Type_2
2026-05-13 02:13:16 [Thread-5] INFO  model.workers.Supplier - Produced: Accessory-Type_1
2026-05-13 02:13:18 [Thread-0] INFO  model.workers.Supplier - Produced: Body
2026-05-13 02:13:18 [Thread-1] INFO  model.workers.Supplier - Produced: Body
2026-05-13 02:13:18 [Thread-2] INFO  model.workers.Supplier - Produced: Engine
2026-05-13 02:13:18 [Thread-3] INFO  model.workers.Supplier - Produced: Engine
2026-05-13 02:13:18 [Thread-6] INFO  model.workers.Supplier - Produced: Accessory-Type_2
2026-05-13 02:13:18 [Thread-5] INFO  model.workers.Supplier - Produced: Accessory-Type_1
2026-05-13 02:13:18 [Thread-4] INFO  model.workers.Supplier - Produced: Accessory-Type_0
2026-05-13 02:16:38 [Thread-7] INFO  model.workers.Dealer - Dealer-0 started
2026-05-13 02:16:40 [Thread-5] INFO  model.workers.Supplier - Produced: Accessory-Type_1
2026-05-13 02:16:40 [Thread-6] INFO  model.workers.Supplier - Produced: Accessory-Type_2
2026-05-13 02:16:40 [Thread-4] INFO  model.workers.Supplier - Produced: Accessory-Type_0
2026-05-13 02:16:42 [Thread-6] INFO  model.workers.Supplier - Produced: Accessory-Type_2
2026-05-13 02:16:42 [Thread-5] INFO  model.workers.Supplier - Produced: Accessory-Type_1
2026-05-13 02:16:42 [Thread-4] INFO  model.workers.Supplier - Produced: Accessory-Type_0
2026-05-13 02:16:42 [Thread-2] INFO  model.workers.Supplier - Produced: Engine
2026-05-13 02:16:42 [Thread-3] INFO  model.workers.Supplier - Produced: Engine
2026-05-13 02:16:42 [Thread-1] INFO  model.workers.Supplier - Produced: Body
2026-05-13 02:16:42 [Thread-0] INFO  model.workers.Supplier - Produced: Body
2026-05-13 02:16:44 [Thread-6] INFO  model.workers.Supplier - Produced: Accessory-Type_2
2026-05-13 02:16:44 [Thread-5] INFO  model.workers.Supplier - Produced: Accessory-Type_1
2026-05-13 02:16:44 [Thread-4] INFO  model.workers.Supplier - Produced: Accessory-Type_0
2026-05-13 02:16:45 [Thread-7] INFO  model.workers.Dealer - Dealer-0 sold a car
2026-05-13 02:16:46 [Thread-6] INFO  model.workers.Supplier - Produced: Accessory-Type_2
2026-05-13 02:16:46 [Thread-2] INFO  model.workers.Supplier - Produced: Engine
2026-05-13 02:16:46 [Thread-4] INFO  model.workers.Supplier - Produced: Accessory-Type_0
2026-05-13 02:16:46 [Thread-5] INFO  model.workers.Supplier - Produced: Accessory-Type_1
2026-05-13 02:16:46 [Thread-1] INFO  model.workers.Supplier - Produced: Body
2026-05-13 02:16:46 [Thread-0] INFO  model.workers.Supplier - Produced: Body
2026-05-13 02:16:46 [Thread-3] INFO  model.workers.Supplier - Produced: Engine
2026-05-13 02:16:48 [Thread-6] INFO  model.workers.Supplier - Produced: Accessory-Type_2
2026-05-13 02:16:48 [Thread-4] INFO  model.workers.Supplier - Produced: Accessory-Type_0
2026-05-13 02:16:48 [Thread-7] INFO  model.workers.Dealer - Dealer-0 sold a car
2026-05-13 02:16:48 [Thread-5] INFO  model.workers.Supplier - Produced: Accessory-Type_1
2026-05-13 02:16:50 [Thread-6] INFO  model.workers.Supplier - Produced: Accessory-Type_2
2026-05-13 02:16:50 [Thread-0] INFO  model.workers.Supplier - Produced: Body
2026-05-13 02:16:50 [Thread-1] INFO  model.workers.Supplier - Produced: Body
2026-05-13 02:16:50 [Thread-3] INFO  model.workers.Supplier - Produced: Engine
2026-05-13 02:16:50 [Thread-2] INFO  model.workers.Supplier - Produced: Engine
2026-05-13 02:16:50 [Thread-5] INFO  model.workers.Supplier - Produced: Accessory-Type_1
2026-05-13 02:16:50 [Thread-4] INFO  model.workers.Supplier - Produced: Accessory-Type_0
2026-05-13 02:16:51 [Thread-7] INFO  model.workers.Dealer - Dealer-0 sold a car
2026-05-13 02:16:52 [Thread-6] INFO  model.workers.Supplier - Produced: Accessory-Type_2
2026-05-13 02:16:52 [Thread-4] INFO  model.workers.Supplier - Produced: Accessory-Type_0
2026-05-13 02:16:52 [Thread-5] INFO  model.workers.Supplier - Produced: Accessory-Type_1
2026-05-13 02:16:54 [Thread-6] INFO  model.workers.Supplier - Produced: Accessory-Type_2
2026-05-13 02:16:54 [Thread-3] INFO  model.workers.Supplier - Produced: Engine
2026-05-13 02:16:54 [Thread-7] INFO  model.workers.Dealer - Dealer-0 sold a car
2026-05-13 02:16:54 [Thread-1] INFO  model.workers.Supplier - Produced: Body
2026-05-13 02:16:54 [Thread-0] INFO  model.workers.Supplier - Produced: Body
2026-05-13 02:16:54 [Thread-2] INFO  model.workers.Supplier - Produced: Engine
2026-05-13 02:16:54 [Thread-4] INFO  model.workers.Supplier - Produced: Accessory-Type_0
2026-05-13 02:16:54 [Thread-5] INFO  model.workers.Supplier - Produced: Accessory-Type_1
2026-05-13 02:16:56 [Thread-6] INFO  model.workers.Supplier - Produced: Accessory-Type_2
2026-05-13 02:16:56 [Thread-5] INFO  model.workers.Supplier - Produced: Accessory-Type_1
2026-05-13 02:16:56 [Thread-4] INFO  model.workers.Supplier - Produced: Accessory-Type_0
2026-05-13 02:16:57 [Thread-7] INFO  model.workers.Dealer - Dealer-0 sold a car
2026-05-13 02:16:58 [Thread-6] INFO  model.workers.Supplier - Produced: Accessory-Type_2
2026-05-13 02:16:58 [Thread-5] INFO  model.workers.Supplier - Produced: Accessory-Type_1
2026-05-13 02:16:58 [Thread-4] INFO  model.workers.Supplier - Produced: Accessory-Type_0
2026-05-13 02:16:58 [Thread-3] INFO  model.workers.Supplier - Produced: Engine
2026-05-13 02:16:58 [Thread-2] INFO  model.workers.Supplier - Produced: Engine
2026-05-13 02:16:58 [Thread-0] INFO  model.workers.Supplier - Produced: Body
2026-05-13 02:16:58 [Thread-1] INFO  model.workers.Supplier - Produced: Body
2026-05-13 02:17:00 [Thread-6] INFO  model.workers.Supplier - Produced: Accessory-Type_2
2026-05-13 02:17:00 [Thread-7] INFO  model.workers.Dealer - Dealer-0 sold a car
2026-05-13 02:17:00 [Thread-4] INFO  model.workers.Supplier - Produced: Accessory-Type_0
2026-05-13 02:17:00 [Thread-5] INFO  model.workers.Supplier - Produced: Accessory-Type_1
2026-05-13 02:17:02 [Thread-6] INFO  model.workers.Supplier - Produced: Accessory-Type_2
2026-05-13 02:17:02 [Thread-0] INFO  model.workers.Supplier - Produced: Body
2026-05-13 02:17:02 [Thread-1] INFO  model.workers.Supplier - Produced: Body
2026-05-13 02:17:02 [Thread-3] INFO  model.workers.Supplier - Produced: Engine
2026-05-13 02:17:02 [Thread-2] INFO  model.workers.Supplier - Produced: Engine
2026-05-13 02:17:02 [Thread-4] INFO  model.workers.Supplier - Produced: Accessory-Type_0
2026-05-13 02:17:02 [Thread-5] INFO  model.workers.Supplier - Produced: Accessory-Type_1
2026-05-13 02:17:03 [Thread-7] INFO  model.workers.Dealer - Dealer-0 sold a car
2026-05-13 02:17:04 [Thread-6] INFO  model.workers.Supplier - Produced: Accessory-Type_2
2026-05-13 02:17:04 [Thread-4] INFO  model.workers.Supplier - Produced: Accessory-Type_0
2026-05-13 02:17:04 [Thread-5] INFO  model.workers.Supplier - Produced: Accessory-Type_1
2026-05-13 02:17:06 [Thread-1] INFO  model.workers.Supplier - Produced: Body
2026-05-13 02:17:06 [Thread-6] INFO  model.workers.Supplier - Produced: Accessory-Type_2
2026-05-13 02:17:06 [Thread-2] INFO  model.workers.Supplier - Produced: Engine
2026-05-13 02:17:06 [Thread-3] INFO  model.workers.Supplier - Produced: Engine
2026-05-13 02:17:06 [Thread-7] INFO  model.workers.Dealer - Dealer-0 sold a car
2026-05-13 02:17:06 [Thread-0] INFO  model.workers.Supplier - Produced: Body
2026-05-13 02:17:06 [Thread-4] INFO  model.workers.Supplier - Produced: Accessory-Type_0
2026-05-13 02:17:06 [Thread-5] INFO  model.workers.Supplier - Produced: Accessory-Type_1
2026-05-13 02:17:08 [Thread-6] INFO  model.workers.Supplier - Produced: Accessory-Type_2
2026-05-13 02:17:08 [Thread-4] INFO  model.workers.Supplier - Produced: Accessory-Type_0
2026-05-13 02:17:08 [Thread-5] INFO  model.workers.Supplier - Produced: Accessory-Type_1
2026-05-13 02:17:09 [Thread-7] INFO  model.workers.Dealer - Dealer-0 sold a car
2026-05-13 02:17:10 [Thread-3] INFO  model.workers.Supplier - Produced: Engine
2026-05-13 02:17:10 [Thread-1] INFO  model.workers.Supplier - Produced: Body
2026-05-13 02:17:10 [Thread-0] INFO  model.workers.Supplier - Produced: Body
2026-05-13 02:17:10 [Thread-6] INFO  model.workers.Supplier - Produced: Accessory-Type_2
2026-05-13 02:17:10 [Thread-2] INFO  model.workers.Supplier - Produced: Engine
2026-05-13 02:17:10 [Thread-5] INFO  model.workers.Supplier - Produced: Accessory-Type_1
2026-05-13 02:17:10 [Thread-4] INFO  model.workers.Supplier - Produced: Accessory-Type_0
2026-05-13 02:17:12 [Thread-7] INFO  model.workers.Dealer - Dealer-0 sold a car
2026-05-13 02:17:12 [Thread-6] INFO  model.workers.Supplier - Produced: Accessory-Type_2
2026-05-13 02:17:12 [Thread-5] INFO  model.workers.Supplier - Produced: Accessory-Type_1
2026-05-13 02:17:12 [Thread-4] INFO  model.workers.Supplier - Produced: Accessory-Type_0
2026-05-13 02:17:14 [Thread-3] INFO  model.workers.Supplier - Produced: Engine
2026-05-13 02:17:14 [Thread-2] INFO  model.workers.Supplier - Produced: Engine
2026-05-13 02:17:14 [Thread-0] INFO  model.workers.Supplier - Produced: Body
2026-05-13 02:17:14 [Thread-1] INFO  model.workers.Supplier - Produced: Body
2026-05-13 02:17:14 [Thread-6] INFO  model.workers.Supplier - Produced: Accessory-Type_2
2026-05-13 02:17:14 [Thread-5] INFO  model.workers.Supplier - Produced: Accessory-Type_1
2026-05-13 02:17:14 [Thread-4] INFO  model.workers.Supplier - Produced: Accessory-Type_0
2026-05-13 02:17:15 [Thread-7] INFO  model.workers.Dealer - Dealer-0 sold a car
2026-05-13 02:17:16 [Thread-6] INFO  model.workers.Supplier - Produced: Accessory-Type_2
2026-05-13 02:17:16 [Thread-5] INFO  model.workers.Supplier - Produced: Accessory-Type_1
2026-05-13 02:17:16 [Thread-4] INFO  model.workers.Supplier - Produced: Accessory-Type_0
2026-05-13 02:17:18 [Thread-0] INFO  model.workers.Supplier - Produced: Body
2026-05-13 02:17:18 [Thread-6] INFO  model.workers.Supplier - Produced: Accessory-Type_2
2026-05-13 02:17:18 [Thread-2] INFO  model.workers.Supplier - Produced: Engine
2026-05-13 02:17:18 [Thread-1] INFO  model.workers.Supplier - Produced: Body
2026-05-13 02:17:18 [Thread-7] INFO  model.workers.Dealer - Dealer-0 sold a car
2026-05-13 02:17:18 [Thread-3] INFO  model.workers.Supplier - Produced: Engine
2026-05-13 02:17:18 [Thread-5] INFO  model.workers.Supplier - Produced: Accessory-Type_1
2026-05-13 02:17:18 [Thread-4] INFO  model.workers.Supplier - Produced: Accessory-Type_0
2026-05-13 02:17:20 [Thread-6] INFO  model.workers.Supplier - Produced: Accessory-Type_2
2026-05-13 02:17:20 [Thread-4] INFO  model.workers.Supplier - Produced: Accessory-Type_0
2026-05-13 02:17:20 [Thread-5] INFO  model.workers.Supplier - Produced: Accessory-Type_1
2026-05-13 02:17:21 [Thread-7] INFO  model.workers.Dealer - Dealer-0 sold a car
2026-05-13 02:17:22 [Thread-1] INFO  model.workers.Supplier - Produced: Body
2026-05-13 02:17:22 [Thread-2] INFO  model.workers.Supplier - Produced: Engine
2026-05-13 02:17:22 [Thread-0] INFO  model.workers.Supplier - Produced: Body
2026-05-13 02:17:22 [Thread-3] INFO  model.workers.Supplier - Produced: Engine
2026-05-13 02:17:22 [Thread-6] INFO  model.workers.Supplier - Produced: Accessory-Type_2
2026-05-13 02:17:22 [Thread-5] INFO  model.workers.Supplier - Produced: Accessory-Type_1
2026-05-13 02:17:22 [Thread-4] INFO  model.workers.Supplier - Produced: Accessory-Type_0
2026-05-13 02:17:24 [Thread-7] INFO  model.workers.Dealer - Dealer-0 sold a car
2026-05-13 02:17:24 [Thread-6] INFO  model.workers.Supplier - Produced: Accessory-Type_2
2026-05-13 02:17:24 [Thread-4] INFO  model.workers.Supplier - Produced: Accessory-Type_0
2026-05-13 02:17:24 [Thread-5] INFO  model.workers.Supplier - Produced: Accessory-Type_1
2026-05-13 02:17:26 [Thread-3] INFO  model.workers.Supplier - Produced: Engine
2026-05-13 02:17:26 [Thread-2] INFO  model.workers.Supplier - Produced: Engine
2026-05-13 02:17:26 [Thread-0] INFO  model.workers.Supplier - Produced: Body
2026-05-13 02:17:26 [Thread-1] INFO  model.workers.Supplier - Produced: Body
2026-05-13 02:17:26 [Thread-6] INFO  model.workers.Supplier - Produced: Accessory-Type_2
2026-05-13 02:17:26 [Thread-5] INFO  model.workers.Supplier - Produced: Accessory-Type_1
2026-05-13 02:17:26 [Thread-4] INFO  model.workers.Supplier - Produced: Accessory-Type_0
2026-05-13 02:17:27 [Thread-7] INFO  model.workers.Dealer - Dealer-0 sold a car
2026-05-13 02:17:28 [Thread-6] INFO  model.workers.Supplier - Produced: Accessory-Type_2
2026-05-13 02:17:28 [Thread-4] INFO  model.workers.Supplier - Produced: Accessory-Type_0
2026-05-13 02:17:28 [Thread-5] INFO  model.workers.Supplier - Produced: Accessory-Type_1
2026-05-13 02:17:30 [Thread-2] INFO  model.workers.Supplier - Produced: Engine
2026-05-13 02:17:30 [Thread-3] INFO  model.workers.Supplier - Produced: Engine
2026-05-13 02:17:30 [Thread-7] INFO  model.workers.Dealer - Dealer-0 sold a car
2026-05-13 02:17:30 [Thread-0] INFO  model.workers.Supplier - Produced: Body
2026-05-13 02:17:30 [Thread-1] INFO  model.workers.Supplier - Produced: Body
2026-05-13 02:17:30 [Thread-6] INFO  model.workers.Supplier - Produced: Accessory-Type_2
2026-05-13 02:17:30 [Thread-4] INFO  model.workers.Supplier - Produced: Accessory-Type_0
2026-05-13 02:17:30 [Thread-5] INFO  model.workers.Supplier - Produced: Accessory-Type_1
2026-05-13 02:17:32 [Thread-6] INFO  model.workers.Supplier - Produced: Accessory-Type_2
2026-05-13 02:17:32 [Thread-5] INFO  model.workers.Supplier - Produced: Accessory-Type_1
2026-05-13 02:17:32 [Thread-4] INFO  model.workers.Supplier - Produced: Accessory-Type_0
2026-05-13 02:17:33 [Thread-7] INFO  model.workers.Dealer - Dealer-0 sold a car
2026-05-13 02:17:34 [Thread-1] INFO  model.workers.Supplier - Produced: Body
2026-05-13 02:17:34 [Thread-2] INFO  model.workers.Supplier - Produced: Engine
2026-05-13 02:17:34 [Thread-3] INFO  model.workers.Supplier - Produced: Engine
2026-05-13 02:17:34 [Thread-0] INFO  model.workers.Supplier - Produced: Body
2026-05-13 02:17:34 [Thread-6] INFO  model.workers.Supplier - Produced: Accessory-Type_2
2026-05-13 02:17:34 [Thread-4] INFO  model.workers.Supplier - Produced: Accessory-Type_0
2026-05-13 02:17:34 [Thread-5] INFO  model.workers.Supplier - Produced: Accessory-Type_1
2026-05-13 02:17:36 [Thread-7] INFO  model.workers.Dealer - Dealer-0 sold a car
2026-05-13 02:17:36 [Thread-6] INFO  model.workers.Supplier - Produced: Accessory-Type_2
2026-05-13 02:17:36 [Thread-5] INFO  model.workers.Supplier - Produced: Accessory-Type_1
2026-05-13 02:17:36 [Thread-4] INFO  model.workers.Supplier - Produced: Accessory-Type_0
2026-05-13 02:17:38 [Thread-3] INFO  model.workers.Supplier - Produced: Engine
2026-05-13 02:17:38 [Thread-0] INFO  model.workers.Supplier - Produced: Body
2026-05-13 02:17:38 [Thread-2] INFO  model.workers.Supplier - Produced: Engine
2026-05-13 02:17:38 [Thread-1] INFO  model.workers.Supplier - Produced: Body
2026-05-13 02:17:38 [Thread-6] INFO  model.workers.Supplier - Produced: Accessory-Type_2
2026-05-13 02:17:38 [Thread-5] INFO  model.workers.Supplier - Produced: Accessory-Type_1
2026-05-13 02:17:38 [Thread-4] INFO  model.workers.Supplier - Produced: Accessory-Type_0
2026-05-13 02:17:39 [Thread-7] INFO  model.workers.Dealer - Dealer-0 sold a car
2026-05-13 02:17:40 [Thread-6] INFO  model.workers.Supplier - Produced: Accessory-Type_2
2026-05-13 02:17:40 [Thread-4] INFO  model.workers.Supplier - Produced: Accessory-Type_0
2026-05-13 02:17:40 [Thread-5] INFO  model.workers.Supplier - Produced: Accessory-Type_1
2026-05-13 02:17:42 [Thread-0] INFO  model.workers.Supplier - Produced: Body
2026-05-13 02:17:42 [Thread-7] INFO  model.workers.Dealer - Dealer-0 sold a car
2026-05-13 02:17:42 [Thread-2] INFO  model.workers.Supplier - Produced: Engine
2026-05-13 02:17:42 [Thread-3] INFO  model.workers.Supplier - Produced: Engine
2026-05-13 02:17:42 [Thread-1] INFO  model.workers.Supplier - Produced: Body
2026-05-13 02:17:42 [Thread-6] INFO  model.workers.Supplier - Produced: Accessory-Type_2
2026-05-13 02:17:42 [Thread-4] INFO  model.workers.Supplier - Produced: Accessory-Type_0
2026-05-13 02:17:42 [Thread-5] INFO  model.workers.Supplier - Produced: Accessory-Type_1
2026-05-13 02:17:44 [Thread-6] INFO  model.workers.Supplier - Produced: Accessory-Type_2
2026-05-13 02:17:44 [Thread-4] INFO  model.workers.Supplier - Produced: Accessory-Type_0
2026-05-13 02:17:44 [Thread-5] INFO  model.workers.Supplier - Produced: Accessory-Type_1
2026-05-13 02:17:45 [Thread-7] INFO  model.workers.Dealer - Dealer-0 sold a car
2026-05-13 02:17:46 [Thread-3] INFO  model.workers.Supplier - Produced: Engine
2026-05-13 02:17:46 [Thread-0] INFO  model.workers.Supplier - Produced: Body
2026-05-13 02:17:46 [Thread-6] INFO  model.workers.Supplier - Produced: Accessory-Type_2
2026-05-13 02:17:46 [Thread-5] INFO  model.workers.Supplier - Produced: Accessory-Type_1
2026-05-13 02:17:46 [Thread-4] INFO  model.workers.Supplier - Produced: Accessory-Type_0
2026-05-13 02:17:48 [Thread-7] INFO  model.workers.Dealer - Dealer-0 sold a car
2026-05-13 02:17:48 [Thread-2] INFO  model.workers.Supplier - Produced: Engine
2026-05-13 02:17:48 [Thread-1] INFO  model.workers.Supplier - Produced: Body
2026-05-13 02:17:48 [Thread-5] INFO  model.workers.Supplier - Produced: Accessory-Type_1
2026-05-13 02:17:48 [Thread-4] INFO  model.workers.Supplier - Produced: Accessory-Type_0
2026-05-13 02:17:48 [Thread-6] INFO  model.workers.Supplier - Produced: Accessory-Type_2
2026-05-13 02:17:50 [Thread-5] INFO  model.workers.Supplier - Produced: Accessory-Type_1
2026-05-13 02:17:50 [Thread-4] INFO  model.workers.Supplier - Produced: Accessory-Type_0
2026-05-13 02:17:50 [Thread-6] INFO  model.workers.Supplier - Produced: Accessory-Type_2
2026-05-13 02:17:51 [Thread-0] INFO  model.workers.Supplier - Produced: Body
2026-05-13 02:17:51 [Thread-3] INFO  model.workers.Supplier - Produced: Engine
2026-05-13 02:17:51 [Thread-7] INFO  model.workers.Dealer - Dealer-0 sold a car
2026-05-13 02:17:52 [Thread-5] INFO  model.workers.Supplier - Produced: Accessory-Type_1
2026-05-13 02:17:52 [Thread-4] INFO  model.workers.Supplier - Produced: Accessory-Type_0
2026-05-13 02:17:52 [Thread-6] INFO  model.workers.Supplier - Produced: Accessory-Type_2
2026-05-13 02:17:54 [Thread-2] INFO  model.workers.Supplier - Produced: Engine
2026-05-13 02:17:54 [Thread-1] INFO  model.workers.Supplier - Produced: Body
2026-05-13 02:17:54 [Thread-7] INFO  model.workers.Dealer - Dealer-0 sold a car
2026-05-13 02:17:54 [Thread-5] INFO  model.workers.Supplier - Produced: Accessory-Type_1
2026-05-13 02:17:54 [Thread-6] INFO  model.workers.Supplier - Produced: Accessory-Type_2
2026-05-13 02:17:54 [Thread-4] INFO  model.workers.Supplier - Produced: Accessory-Type_0
2026-05-13 02:17:56 [Thread-4] INFO  model.workers.Supplier - Produced: Accessory-Type_0
2026-05-13 02:17:56 [Thread-6] INFO  model.workers.Supplier - Produced: Accessory-Type_2
2026-05-13 02:17:56 [Thread-5] INFO  model.workers.Supplier - Produced: Accessory-Type_1
2026-05-13 02:17:57 [Thread-7] INFO  model.workers.Dealer - Dealer-0 sold a car
2026-05-13 02:17:57 [Thread-3] INFO  model.workers.Supplier - Produced: Engine
2026-05-13 02:17:57 [Thread-0] INFO  model.workers.Supplier - Produced: Body
2026-05-13 02:17:58 [Thread-4] INFO  model.workers.Supplier - Produced: Accessory-Type_0
2026-05-13 02:17:58 [Thread-6] INFO  model.workers.Supplier - Produced: Accessory-Type_2
2026-05-13 02:17:58 [Thread-5] INFO  model.workers.Supplier - Produced: Accessory-Type_1
2026-05-13 02:18:00 [Thread-7] INFO  model.workers.Dealer - Dealer-0 sold a car
2026-05-13 02:18:00 [Thread-1] INFO  model.workers.Supplier - Produced: Body
2026-05-13 02:18:00 [Thread-2] INFO  model.workers.Supplier - Produced: Engine
2026-05-13 02:18:00 [Thread-5] INFO  model.workers.Supplier - Produced: Accessory-Type_1
2026-05-13 02:18:00 [Thread-6] INFO  model.workers.Supplier - Produced: Accessory-Type_2
2026-05-13 02:18:00 [Thread-4] INFO  model.workers.Supplier - Produced: Accessory-Type_0
2026-05-13 02:18:02 [Thread-6] INFO  model.workers.Supplier - Produced: Accessory-Type_2
2026-05-13 02:18:02 [Thread-4] INFO  model.workers.Supplier - Produced: Accessory-Type_0
2026-05-13 02:18:02 [Thread-5] INFO  model.workers.Supplier - Produced: Accessory-Type_1
2026-05-13 02:18:03 [Thread-7] INFO  model.workers.Dealer - Dealer-0 sold a car
2026-05-13 02:18:03 [Thread-3] INFO  model.workers.Supplier - Produced: Engine
2026-05-13 02:18:03 [Thread-0] INFO  model.workers.Supplier - Produced: Body
2026-05-13 02:18:04 [Thread-6] INFO  model.workers.Supplier - Produced: Accessory-Type_2
2026-05-13 02:18:04 [Thread-4] INFO  model.workers.Supplier - Produced: Accessory-Type_0
2026-05-13 02:18:04 [Thread-5] INFO  model.workers.Supplier - Produced: Accessory-Type_1
2026-05-13 02:18:06 [Thread-7] INFO  model.workers.Dealer - Dealer-0 sold a car
2026-05-13 02:18:06 [Thread-2] INFO  model.workers.Supplier - Produced: Engine
2026-05-13 02:18:06 [Thread-1] INFO  model.workers.Supplier - Produced: Body
2026-05-13 02:18:06 [Thread-4] INFO  model.workers.Supplier - Produced: Accessory-Type_0
2026-05-13 02:18:06 [Thread-6] INFO  model.workers.Supplier - Produced: Accessory-Type_2
2026-05-13 02:18:06 [Thread-5] INFO  model.workers.Supplier - Produced: Accessory-Type_1
2026-05-13 02:18:08 [Thread-5] INFO  model.workers.Supplier - Produced: Accessory-Type_1
2026-05-13 02:18:08 [Thread-6] INFO  model.workers.Supplier - Produced: Accessory-Type_2
2026-05-13 02:18:08 [Thread-4] INFO  model.workers.Supplier - Produced: Accessory-Type_0
2026-05-13 02:18:09 [Thread-7] INFO  model.workers.Dealer - Dealer-0 sold a car
2026-05-13 02:18:09 [Thread-3] INFO  model.workers.Supplier - Produced: Engine
2026-05-13 02:18:09 [Thread-0] INFO  model.workers.Supplier - Produced: Body
2026-05-13 02:18:10 [Thread-6] INFO  model.workers.Supplier - Produced: Accessory-Type_2
2026-05-13 02:18:10 [Thread-4] INFO  model.workers.Supplier - Produced: Accessory-Type_0
2026-05-13 02:18:10 [Thread-5] INFO  model.workers.Supplier - Produced: Accessory-Type_1
2026-05-13 02:18:12 [Thread-7] INFO  model.workers.Dealer - Dealer-0 sold a car
2026-05-13 02:18:12 [Thread-2] INFO  model.workers.Supplier - Produced: Engine
2026-05-13 02:18:12 [Thread-1] INFO  model.workers.Supplier - Produced: Body
2026-05-13 02:18:12 [Thread-6] INFO  model.workers.Supplier - Produced: Accessory-Type_2
2026-05-13 02:18:12 [Thread-4] INFO  model.workers.Supplier - Produced: Accessory-Type_0
2026-05-13 02:18:12 [Thread-5] INFO  model.workers.Supplier - Produced: Accessory-Type_1
2026-05-13 02:18:15 [Thread-7] INFO  model.workers.Dealer - Dealer-0 sold a car
2026-05-13 02:18:15 [Thread-3] INFO  model.workers.Supplier - Produced: Engine
2026-05-13 02:18:15 [Thread-0] INFO  model.workers.Supplier - Produced: Body
2026-05-13 02:18:15 [Thread-5] INFO  model.workers.Supplier - Produced: Accessory-Type_1
2026-05-13 02:18:15 [Thread-4] INFO  model.workers.Supplier - Produced: Accessory-Type_0
2026-05-13 02:18:15 [Thread-6] INFO  model.workers.Supplier - Produced: Accessory-Type_2
2026-05-13 02:18:18 [Thread-7] INFO  model.workers.Dealer - Dealer-0 sold a car
2026-05-13 02:18:18 [Thread-2] INFO  model.workers.Supplier - Produced: Engine
2026-05-13 02:18:18 [Thread-1] INFO  model.workers.Supplier - Produced: Body
2026-05-13 02:18:18 [Thread-6] INFO  model.workers.Supplier - Produced: Accessory-Type_2
2026-05-13 02:18:18 [Thread-5] INFO  model.workers.Supplier - Produced: Accessory-Type_1
2026-05-13 02:18:18 [Thread-4] INFO  model.workers.Supplier - Produced: Accessory-Type_0
2026-05-13 02:18:21 [Thread-3] INFO  model.workers.Supplier - Produced: Engine
2026-05-13 02:18:21 [Thread-7] INFO  model.workers.Dealer - Dealer-0 sold a car
2026-05-13 02:18:21 [Thread-4] INFO  model.workers.Supplier - Produced: Accessory-Type_0
2026-05-13 02:18:21 [Thread-0] INFO  model.workers.Supplier - Produced: Body
2026-05-13 02:18:21 [Thread-6] INFO  model.workers.Supplier - Produced: Accessory-Type_2
2026-05-13 02:18:21 [Thread-5] INFO  model.workers.Supplier - Produced: Accessory-Type_1
2026-05-13 02:18:24 [Thread-7] INFO  model.workers.Dealer - Dealer-0 sold a car
2026-05-13 02:18:24 [Thread-2] INFO  model.workers.Supplier - Produced: Engine
2026-05-13 02:18:24 [Thread-5] INFO  model.workers.Supplier - Produced: Accessory-Type_1
2026-05-13 02:18:24 [Thread-1] INFO  model.workers.Supplier - Produced: Body
2026-05-13 02:18:24 [Thread-4] INFO  model.workers.Supplier - Produced: Accessory-Type_0
2026-05-13 02:18:24 [Thread-6] INFO  model.workers.Supplier - Produced: Accessory-Type_2
2026-05-13 02:18:27 [Thread-7] INFO  model.workers.Dealer - Dealer-0 sold a car
2026-05-13 02:18:27 [Thread-3] INFO  model.workers.Supplier - Produced: Engine
2026-05-13 02:18:27 [Thread-5] INFO  model.workers.Supplier - Produced: Accessory-Type_1
2026-05-13 02:18:27 [Thread-6] INFO  model.workers.Supplier - Produced: Accessory-Type_2
2026-05-13 02:18:27 [Thread-0] INFO  model.workers.Supplier - Produced: Body
2026-05-13 02:18:27 [Thread-4] INFO  model.workers.Supplier - Produced: Accessory-Type_0
2026-05-13 02:18:30 [Thread-7] INFO  model.workers.Dealer - Dealer-0 sold a car
2026-05-13 02:18:30 [Thread-2] INFO  model.workers.Supplier - Produced: Engine
2026-05-13 02:18:30 [Thread-1] INFO  model.workers.Supplier - Produced: Body
2026-05-13 02:18:30 [Thread-6] INFO  model.workers.Supplier - Produced: Accessory-Type_2
2026-05-13 02:18:30 [Thread-4] INFO  model.workers.Supplier - Produced: Accessory-Type_0
2026-05-13 02:18:30 [Thread-5] INFO  model.workers.Supplier - Produced: Accessory-Type_1
2026-05-13 02:18:33 [Thread-7] INFO  model.workers.Dealer - Dealer-0 sold a car
2026-05-13 02:18:33 [Thread-0] INFO  model.workers.Supplier - Produced: Body
2026-05-13 02:18:33 [Thread-4] INFO  model.workers.Supplier - Produced: Accessory-Type_0
2026-05-13 02:18:33 [Thread-3] INFO  model.workers.Supplier - Produced: Engine
2026-05-13 02:18:33 [Thread-5] INFO  model.workers.Supplier - Produced: Accessory-Type_1
2026-05-13 02:18:33 [Thread-6] INFO  model.workers.Supplier - Produced: Accessory-Type_2
2026-05-13 02:18:36 [Thread-7] INFO  model.workers.Dealer - Dealer-0 sold a car
2026-05-13 02:18:36 [Thread-1] INFO  model.workers.Supplier - Produced: Body
2026-05-13 02:18:36 [Thread-2] INFO  model.workers.Supplier - Produced: Engine
2026-05-13 02:18:36 [Thread-4] INFO  model.workers.Supplier - Produced: Accessory-Type_0
2026-05-13 02:18:36 [Thread-5] INFO  model.workers.Supplier - Produced: Accessory-Type_1
2026-05-13 02:18:36 [Thread-6] INFO  model.workers.Supplier - Produced: Accessory-Type_2
2026-05-13 02:19:01 [Thread-5] INFO  model.workers.Dealer - Dealer-0 started
2026-05-13 02:19:03 [Thread-3] INFO  model.workers.Supplier - Produced: Accessory-Type_1
2026-05-13 02:19:03 [Thread-2] INFO  model.workers.Supplier - Produced: Accessory-Type_0
2026-05-13 02:19:03 [Thread-4] INFO  model.workers.Supplier - Produced: Accessory-Type_2
2026-05-13 02:19:05 [Thread-2] INFO  model.workers.Supplier - Produced: Accessory-Type_0
2026-05-13 02:19:05 [Thread-3] INFO  model.workers.Supplier - Produced: Accessory-Type_1
2026-05-13 02:19:05 [Thread-4] INFO  model.workers.Supplier - Produced: Accessory-Type_2
2026-05-13 02:19:05 [Thread-0] INFO  model.workers.Supplier - Produced: Body
2026-05-13 02:19:05 [Thread-1] INFO  model.workers.Supplier - Produced: Engine
2026-05-13 02:19:07 [Thread-4] INFO  model.workers.Supplier - Produced: Accessory-Type_2
2026-05-13 02:19:07 [Thread-2] INFO  model.workers.Supplier - Produced: Accessory-Type_0
2026-05-13 02:19:07 [Thread-3] INFO  model.workers.Supplier - Produced: Accessory-Type_1
2026-05-13 02:19:08 [Thread-5] INFO  model.workers.Dealer - Dealer-0 sold a car
2026-05-13 02:19:09 [Thread-0] INFO  model.workers.Supplier - Produced: Body
2026-05-13 02:19:09 [Thread-1] INFO  model.workers.Supplier - Produced: Engine
2026-05-13 02:19:09 [Thread-3] INFO  model.workers.Supplier - Produced: Accessory-Type_1
2026-05-13 02:19:09 [Thread-2] INFO  model.workers.Supplier - Produced: Accessory-Type_0
2026-05-13 02:19:09 [Thread-4] INFO  model.workers.Supplier - Produced: Accessory-Type_2
2026-05-13 02:19:11 [Thread-4] INFO  model.workers.Supplier - Produced: Accessory-Type_2
2026-05-13 02:19:11 [Thread-2] INFO  model.workers.Supplier - Produced: Accessory-Type_0
2026-05-13 02:19:11 [Thread-3] INFO  model.workers.Supplier - Produced: Accessory-Type_1
2026-05-13 02:19:12 [Thread-5] INFO  model.workers.Dealer - Dealer-0 sold a car
2026-05-13 02:19:13 [Thread-0] INFO  model.workers.Supplier - Produced: Body
2026-05-13 02:19:13 [Thread-1] INFO  model.workers.Supplier - Produced: Engine
2026-05-13 02:19:13 [Thread-4] INFO  model.workers.Supplier - Produced: Accessory-Type_2
2026-05-13 02:19:13 [Thread-2] INFO  model.workers.Supplier - Produced: Accessory-Type_0
2026-05-13 02:19:13 [Thread-3] INFO  model.workers.Supplier - Produced: Accessory-Type_1
2026-05-13 02:19:15 [Thread-4] INFO  model.workers.Supplier - Produced: Accessory-Type_2
2026-05-13 02:19:15 [Thread-2] INFO  model.workers.Supplier - Produced: Accessory-Type_0
2026-05-13 02:19:15 [Thread-3] INFO  model.workers.Supplier - Produced: Accessory-Type_1
2026-05-13 02:19:16 [Thread-5] INFO  model.workers.Dealer - Dealer-0 sold a car
2026-05-13 02:19:17 [Thread-1] INFO  model.workers.Supplier - Produced: Engine
2026-05-13 02:19:17 [Thread-0] INFO  model.workers.Supplier - Produced: Body
2026-05-13 02:19:17 [Thread-2] INFO  model.workers.Supplier - Produced: Accessory-Type_0
2026-05-13 02:19:17 [Thread-3] INFO  model.workers.Supplier - Produced: Accessory-Type_1
2026-05-13 02:19:17 [Thread-4] INFO  model.workers.Supplier - Produced: Accessory-Type_2
2026-05-13 02:19:19 [Thread-2] INFO  model.workers.Supplier - Produced: Accessory-Type_0
2026-05-13 02:19:19 [Thread-4] INFO  model.workers.Supplier - Produced: Accessory-Type_2
2026-05-13 02:19:19 [Thread-3] INFO  model.workers.Supplier - Produced: Accessory-Type_1
2026-05-13 02:19:20 [Thread-5] INFO  model.workers.Dealer - Dealer-0 sold a car
2026-05-13 02:19:21 [Thread-0] INFO  model.workers.Supplier - Produced: Body
2026-05-13 02:19:21 [Thread-1] INFO  model.workers.Supplier - Produced: Engine
2026-05-13 02:19:21 [Thread-4] INFO  model.workers.Supplier - Produced: Accessory-Type_2
2026-05-13 02:19:21 [Thread-3] INFO  model.workers.Supplier - Produced: Accessory-Type_1
2026-05-13 02:19:21 [Thread-2] INFO  model.workers.Supplier - Produced: Accessory-Type_0
2026-05-13 02:19:23 [Thread-2] INFO  model.workers.Supplier - Produced: Accessory-Type_0
2026-05-13 02:19:23 [Thread-3] INFO  model.workers.Supplier - Produced: Accessory-Type_1
2026-05-13 02:19:23 [Thread-4] INFO  model.workers.Supplier - Produced: Accessory-Type_2
2026-05-13 02:19:24 [Thread-5] INFO  model.workers.Dealer - Dealer-0 sold a car
2026-05-13 02:19:25 [Thread-0] INFO  model.workers.Supplier - Produced: Body
2026-05-13 02:19:25 [Thread-1] INFO  model.workers.Supplier - Produced: Engine
2026-05-13 02:19:25 [Thread-4] INFO  model.workers.Supplier - Produced: Accessory-Type_2
2026-05-13 02:19:25 [Thread-3] INFO  model.workers.Supplier - Produced: Accessory-Type_1
2026-05-13 02:19:25 [Thread-2] INFO  model.workers.Supplier - Produced: Accessory-Type_0
2026-05-13 02:19:27 [Thread-2] INFO  model.workers.Supplier - Produced: Accessory-Type_0
2026-05-13 02:19:27 [Thread-4] INFO  model.workers.Supplier - Produced: Accessory-Type_2
2026-05-13 02:19:27 [Thread-3] INFO  model.workers.Supplier - Produced: Accessory-Type_1
2026-05-13 02:19:28 [Thread-5] INFO  model.workers.Dealer - Dealer-0 sold a car
2026-05-13 02:19:29 [Thread-1] INFO  model.workers.Supplier - Produced: Engine
2026-05-13 02:19:29 [Thread-0] INFO  model.workers.Supplier - Produced: Body
2026-05-13 02:19:29 [Thread-4] INFO  model.workers.Supplier - Produced: Accessory-Type_2
2026-05-13 02:19:29 [Thread-2] INFO  model.workers.Supplier - Produced: Accessory-Type_0
2026-05-13 02:19:29 [Thread-3] INFO  model.workers.Supplier - Produced: Accessory-Type_1
2026-05-13 02:19:31 [Thread-3] INFO  model.workers.Supplier - Produced: Accessory-Type_1
2026-05-13 02:19:31 [Thread-4] INFO  model.workers.Supplier - Produced: Accessory-Type_2
2026-05-13 02:19:31 [Thread-2] INFO  model.workers.Supplier - Produced: Accessory-Type_0
2026-05-13 02:19:32 [Thread-5] INFO  model.workers.Dealer - Dealer-0 sold a car
2026-05-13 02:19:33 [Thread-0] INFO  model.workers.Supplier - Produced: Body
2026-05-13 02:19:33 [Thread-1] INFO  model.workers.Supplier - Produced: Engine
2026-05-13 02:19:33 [Thread-4] INFO  model.workers.Supplier - Produced: Accessory-Type_2
2026-05-13 02:19:33 [Thread-3] INFO  model.workers.Supplier - Produced: Accessory-Type_1
2026-05-13 02:19:33 [Thread-2] INFO  model.workers.Supplier - Produced: Accessory-Type_0
2026-05-13 02:19:35 [Thread-3] INFO  model.workers.Supplier - Produced: Accessory-Type_1
2026-05-13 02:19:35 [Thread-2] INFO  model.workers.Supplier - Produced: Accessory-Type_0
2026-05-13 02:19:35 [Thread-4] INFO  model.workers.Supplier - Produced: Accessory-Type_2
2026-05-13 02:19:36 [Thread-5] INFO  model.workers.Dealer - Dealer-0 sold a car
2026-05-13 02:19:37 [Thread-1] INFO  model.workers.Supplier - Produced: Engine
2026-05-13 02:19:37 [Thread-0] INFO  model.workers.Supplier - Produced: Body
2026-05-13 02:19:37 [Thread-2] INFO  model.workers.Supplier - Produced: Accessory-Type_0
2026-05-13 02:19:37 [Thread-4] INFO  model.workers.Supplier - Produced: Accessory-Type_2
2026-05-13 02:19:37 [Thread-3] INFO  model.workers.Supplier - Produced: Accessory-Type_1
2026-05-13 02:19:39 [Thread-4] INFO  model.workers.Supplier - Produced: Accessory-Type_2
2026-05-13 02:19:39 [Thread-2] INFO  model.workers.Supplier - Produced: Accessory-Type_0
2026-05-13 02:19:39 [Thread-3] INFO  model.workers.Supplier - Produced: Accessory-Type_1
2026-05-13 02:19:40 [Thread-5] INFO  model.workers.Dealer - Dealer-0 sold a car
2026-05-13 02:20:19 [Thread-5] INFO  model.workers.Dealer - Dealer-0 started
2026-05-13 02:20:21 [Thread-4] INFO  model.workers.Supplier - Produced: Accessory-Type_2
2026-05-13 02:20:21 [Thread-3] INFO  model.workers.Supplier - Produced: Accessory-Type_1
2026-05-13 02:20:21 [Thread-2] INFO  model.workers.Supplier - Produced: Accessory-Type_0
2026-05-13 02:20:23 [Thread-1] INFO  model.workers.Supplier - Produced: Engine
2026-05-13 02:20:23 [Thread-0] INFO  model.workers.Supplier - Produced: Body
2026-05-13 02:20:23 [Thread-2] INFO  model.workers.Supplier - Produced: Accessory-Type_0
2026-05-13 02:20:23 [Thread-3] INFO  model.workers.Supplier - Produced: Accessory-Type_1
2026-05-13 02:20:23 [Thread-4] INFO  model.workers.Supplier - Produced: Accessory-Type_2
2026-05-13 02:20:25 [Thread-2] INFO  model.workers.Supplier - Produced: Accessory-Type_0
2026-05-13 02:20:25 [Thread-4] INFO  model.workers.Supplier - Produced: Accessory-Type_2
2026-05-13 02:20:25 [Thread-3] INFO  model.workers.Supplier - Produced: Accessory-Type_1
2026-05-13 02:20:26 [Thread-5] INFO  model.workers.Dealer - Dealer-0 sold a car
2026-05-13 02:20:27 [Thread-1] INFO  model.workers.Supplier - Produced: Engine
2026-05-13 02:20:27 [Thread-0] INFO  model.workers.Supplier - Produced: Body
2026-05-13 02:20:27 [Thread-3] INFO  model.workers.Supplier - Produced: Accessory-Type_1
2026-05-13 02:20:27 [Thread-2] INFO  model.workers.Supplier - Produced: Accessory-Type_0
2026-05-13 02:20:27 [Thread-4] INFO  model.workers.Supplier - Produced: Accessory-Type_2
2026-05-13 02:20:29 [Thread-2] INFO  model.workers.Supplier - Produced: Accessory-Type_0
2026-05-13 02:20:29 [Thread-4] INFO  model.workers.Supplier - Produced: Accessory-Type_2
2026-05-13 02:20:29 [Thread-3] INFO  model.workers.Supplier - Produced: Accessory-Type_1
2026-05-13 02:20:30 [Thread-5] INFO  model.workers.Dealer - Dealer-0 sold a car
2026-05-13 02:20:31 [Thread-1] INFO  model.workers.Supplier - Produced: Engine
2026-05-13 02:20:31 [Thread-0] INFO  model.workers.Supplier - Produced: Body
2026-05-13 02:20:31 [Thread-2] INFO  model.workers.Supplier - Produced: Accessory-Type_0
2026-05-13 02:20:31 [Thread-3] INFO  model.workers.Supplier - Produced: Accessory-Type_1
2026-05-13 02:20:31 [Thread-4] INFO  model.workers.Supplier - Produced: Accessory-Type_2
2026-05-13 02:20:33 [Thread-2] INFO  model.workers.Supplier - Produced: Accessory-Type_0
2026-05-13 02:20:33 [Thread-3] INFO  model.workers.Supplier - Produced: Accessory-Type_1
2026-05-13 02:20:33 [Thread-4] INFO  model.workers.Supplier - Produced: Accessory-Type_2
2026-05-13 02:21:13 [Thread-5] INFO  model.workers.Dealer - Dealer-0 started
2026-05-13 02:21:15 [Thread-4] INFO  model.workers.Supplier - Produced: Accessory-Type_2
2026-05-13 02:21:15 [Thread-2] INFO  model.workers.Supplier - Produced: Accessory-Type_0
2026-05-13 02:21:15 [Thread-3] INFO  model.workers.Supplier - Produced: Accessory-Type_1
2026-05-13 02:21:17 [Thread-1] INFO  model.workers.Supplier - Produced: Engine
2026-05-13 02:21:17 [Thread-0] INFO  model.workers.Supplier - Produced: Body
2026-05-13 02:21:17 [Thread-4] INFO  model.workers.Supplier - Produced: Accessory-Type_2
2026-05-13 02:21:17 [Thread-2] INFO  model.workers.Supplier - Produced: Accessory-Type_0
2026-05-13 02:21:17 [Thread-3] INFO  model.workers.Supplier - Produced: Accessory-Type_1
2026-05-13 02:21:19 [Thread-4] INFO  model.workers.Supplier - Produced: Accessory-Type_2
2026-05-13 02:21:19 [Thread-3] INFO  model.workers.Supplier - Produced: Accessory-Type_1
2026-05-13 02:21:19 [Thread-2] INFO  model.workers.Supplier - Produced: Accessory-Type_0
2026-05-13 02:21:20 [Thread-5] INFO  model.workers.Dealer - Dealer-0 sold a car
2026-05-13 02:21:21 [Thread-1] INFO  model.workers.Supplier - Produced: Engine
2026-05-13 02:21:21 [Thread-0] INFO  model.workers.Supplier - Produced: Body
2026-05-13 02:21:21 [Thread-3] INFO  model.workers.Supplier - Produced: Accessory-Type_1
2026-05-13 02:21:21 [Thread-2] INFO  model.workers.Supplier - Produced: Accessory-Type_0
2026-05-13 02:21:21 [Thread-4] INFO  model.workers.Supplier - Produced: Accessory-Type_2
2026-05-13 02:21:23 [Thread-2] INFO  model.workers.Supplier - Produced: Accessory-Type_0
2026-05-13 02:21:23 [Thread-3] INFO  model.workers.Supplier - Produced: Accessory-Type_1
2026-05-13 02:21:23 [Thread-4] INFO  model.workers.Supplier - Produced: Accessory-Type_2
2026-05-13 02:21:24 [Thread-5] INFO  model.workers.Dealer - Dealer-0 sold a car
2026-05-13 02:21:25 [Thread-1] INFO  model.workers.Supplier - Produced: Engine
2026-05-13 02:21:25 [Thread-0] INFO  model.workers.Supplier - Produced: Body
2026-05-13 02:21:25 [Thread-3] INFO  model.workers.Supplier - Produced: Accessory-Type_1
2026-05-13 02:21:25 [Thread-2] INFO  model.workers.Supplier - Produced: Accessory-Type_0
2026-05-13 02:21:25 [Thread-4] INFO  model.workers.Supplier - Produced: Accessory-Type_2
2026-05-13 02:21:27 [Thread-3] INFO  model.workers.Supplier - Produced: Accessory-Type_1
2026-05-13 02:21:27 [Thread-2] INFO  model.workers.Supplier - Produced: Accessory-Type_0
2026-05-13 02:21:27 [Thread-4] INFO  model.workers.Supplier - Produced: Accessory-Type_2
2026-05-13 02:21:28 [Thread-5] INFO  model.workers.Dealer - Dealer-0 sold a car
2026-05-13 02:21:29 [Thread-1] INFO  model.workers.Supplier - Produced: Engine
2026-05-13 02:21:29 [Thread-0] INFO  model.workers.Supplier - Produced: Body
2026-05-13 02:21:29 [Thread-2] INFO  model.workers.Supplier - Produced: Accessory-Type_0
2026-05-13 02:21:29 [Thread-3] INFO  model.workers.Supplier - Produced: Accessory-Type_1
2026-05-13 02:21:29 [Thread-4] INFO  model.workers.Supplier - Produced: Accessory-Type_2
2026-05-13 02:21:31 [Thread-2] INFO  model.workers.Supplier - Produced: Accessory-Type_0
2026-05-13 02:21:31 [Thread-3] INFO  model.workers.Supplier - Produced: Accessory-Type_1
2026-05-13 02:21:31 [Thread-4] INFO  model.workers.Supplier - Produced: Accessory-Type_2
2026-05-13 02:21:32 [Thread-5] INFO  model.workers.Dealer - Dealer-0 sold a car
2026-05-13 02:21:33 [Thread-0] INFO  model.workers.Supplier - Produced: Body
2026-05-13 02:21:33 [Thread-1] INFO  model.workers.Supplier - Produced: Engine
2026-05-13 02:21:33 [Thread-3] INFO  model.workers.Supplier - Produced: Accessory-Type_1
2026-05-13 02:21:33 [Thread-2] INFO  model.workers.Supplier - Produced: Accessory-Type_0
2026-05-13 02:21:33 [Thread-4] INFO  model.workers.Supplier - Produced: Accessory-Type_2
2026-05-13 02:21:35 [Thread-3] INFO  model.workers.Supplier - Produced: Accessory-Type_1
2026-05-13 02:21:35 [Thread-2] INFO  model.workers.Supplier - Produced: Accessory-Type_0
2026-05-13 02:21:35 [Thread-4] INFO  model.workers.Supplier - Produced: Accessory-Type_2
2026-05-13 02:21:36 [Thread-5] INFO  model.workers.Dealer - Dealer-0 sold a car
2026-05-13 02:21:37 [Thread-1] INFO  model.workers.Supplier - Produced: Engine
2026-05-13 02:21:37 [Thread-0] INFO  model.workers.Supplier - Produced: Body
2026-05-13 02:21:37 [Thread-3] INFO  model.workers.Supplier - Produced: Accessory-Type_1
2026-05-13 02:21:37 [Thread-2] INFO  model.workers.Supplier - Produced: Accessory-Type_0
2026-05-13 02:21:37 [Thread-4] INFO  model.workers.Supplier - Produced: Accessory-Type_2
2026-05-13 02:21:39 [Thread-3] INFO  model.workers.Supplier - Produced: Accessory-Type_1
2026-05-13 02:21:39 [Thread-2] INFO  model.workers.Supplier - Produced: Accessory-Type_0
2026-05-13 02:21:39 [Thread-4] INFO  model.workers.Supplier - Produced: Accessory-Type_2
2026-05-13 02:21:40 [Thread-5] INFO  model.workers.Dealer - Dealer-0 sold a car
2026-05-13 02:21:41 [Thread-1] INFO  model.workers.Supplier - Produced: Engine
2026-05-13 02:21:41 [Thread-0] INFO  model.workers.Supplier - Produced: Body
2026-05-13 02:21:41 [Thread-3] INFO  model.workers.Supplier - Produced: Accessory-Type_1
2026-05-13 02:21:41 [Thread-2] INFO  model.workers.Supplier - Produced: Accessory-Type_0
2026-05-13 02:21:41 [Thread-4] INFO  model.workers.Supplier - Produced: Accessory-Type_2
2026-05-13 02:21:43 [Thread-3] INFO  model.workers.Supplier - Produced: Accessory-Type_1
2026-05-13 02:21:43 [Thread-2] INFO  model.workers.Supplier - Produced: Accessory-Type_0
2026-05-13 02:21:43 [Thread-4] INFO  model.workers.Supplier - Produced: Accessory-Type_2
2026-05-13 02:21:44 [Thread-5] INFO  model.workers.Dealer - Dealer-0 sold a car
2026-05-13 02:21:45 [Thread-0] INFO  model.workers.Supplier - Produced: Body
2026-05-13 02:21:45 [Thread-1] INFO  model.workers.Supplier - Produced: Engine
2026-05-13 02:21:45 [Thread-2] INFO  model.workers.Supplier - Produced: Accessory-Type_0
2026-05-13 02:21:45 [Thread-3] INFO  model.workers.Supplier - Produced: Accessory-Type_1
2026-05-13 02:21:45 [Thread-4] INFO  model.workers.Supplier - Produced: Accessory-Type_2
2026-05-13 02:21:47 [Thread-2] INFO  model.workers.Supplier - Produced: Accessory-Type_0
2026-05-13 02:21:47 [Thread-3] INFO  model.workers.Supplier - Produced: Accessory-Type_1
2026-05-13 02:21:47 [Thread-4] INFO  model.workers.Supplier - Produced: Accessory-Type_2
2026-05-13 02:21:48 [Thread-5] INFO  model.workers.Dealer - Dealer-0 sold a car
2026-05-13 02:21:49 [Thread-0] INFO  model.workers.Supplier - Produced: Body
2026-05-13 02:21:49 [Thread-1] INFO  model.workers.Supplier - Produced: Engine
2026-05-13 02:21:49 [Thread-2] INFO  model.workers.Supplier - Produced: Accessory-Type_0
2026-05-13 02:21:49 [Thread-3] INFO  model.workers.Supplier - Produced: Accessory-Type_1
2026-05-13 02:21:49 [Thread-4] INFO  model.workers.Supplier - Produced: Accessory-Type_2
2026-05-13 02:21:51 [Thread-3] INFO  model.workers.Supplier - Produced: Accessory-Type_1
2026-05-13 02:21:51 [Thread-2] INFO  model.workers.Supplier - Produced: Accessory-Type_0
2026-05-13 02:21:51 [Thread-4] INFO  model.workers.Supplier - Produced: Accessory-Type_2
2026-05-13 02:21:52 [Thread-5] INFO  model.workers.Dealer - Dealer-0 sold a car
2026-05-13 02:21:53 [Thread-1] INFO  model.workers.Supplier - Produced: Engine
2026-05-13 02:21:53 [Thread-0] INFO  model.workers.Supplier - Produced: Body
2026-05-13 02:21:53 [Thread-4] INFO  model.workers.Supplier - Produced: Accessory-Type_2
2026-05-13 02:21:53 [Thread-3] INFO  model.workers.Supplier - Produced: Accessory-Type_1
2026-05-13 02:21:53 [Thread-2] INFO  model.workers.Supplier - Produced: Accessory-Type_0
2026-05-13 02:21:56 [Thread-5] INFO  model.workers.Dealer - Dealer-0 sold a car
2026-05-13 02:21:57 [Thread-1] INFO  model.workers.Supplier - Produced: Engine
2026-05-13 02:21:57 [Thread-0] INFO  model.workers.Supplier - Produced: Body
2026-05-13 02:21:57 [Thread-2] INFO  model.workers.Supplier - Produced: Accessory-Type_0
2026-05-13 02:21:57 [Thread-3] INFO  model.workers.Supplier - Produced: Accessory-Type_1
2026-05-13 02:21:57 [Thread-4] INFO  model.workers.Supplier - Produced: Accessory-Type_2
2026-05-13 02:22:00 [Thread-5] INFO  model.workers.Dealer - Dealer-0 sold a car
2026-05-13 02:22:01 [Thread-1] INFO  model.workers.Supplier - Produced: Engine
2026-05-13 02:22:01 [Thread-0] INFO  model.workers.Supplier - Produced: Body
2026-05-13 02:22:01 [Thread-2] INFO  model.workers.Supplier - Produced: Accessory-Type_0
2026-05-13 02:22:01 [Thread-3] INFO  model.workers.Supplier - Produced: Accessory-Type_1
2026-05-13 02:22:01 [Thread-4] INFO  model.workers.Supplier - Produced: Accessory-Type_2
2026-05-13 02:22:04 [Thread-5] INFO  model.workers.Dealer - Dealer-0 sold a car
2026-05-13 02:22:05 [Thread-0] INFO  model.workers.Supplier - Produced: Body
2026-05-13 02:22:05 [Thread-1] INFO  model.workers.Supplier - Produced: Engine
2026-05-13 02:22:05 [Thread-2] INFO  model.workers.Supplier - Produced: Accessory-Type_0
2026-05-13 02:22:05 [Thread-3] INFO  model.workers.Supplier - Produced: Accessory-Type_1
2026-05-13 02:22:05 [Thread-4] INFO  model.workers.Supplier - Produced: Accessory-Type_2
2026-05-13 02:22:08 [Thread-5] INFO  model.workers.Dealer - Dealer-0 sold a car
2026-05-13 02:22:09 [Thread-0] INFO  model.workers.Supplier - Produced: Body
2026-05-13 02:22:09 [Thread-1] INFO  model.workers.Supplier - Produced: Engine
2026-05-13 02:22:09 [Thread-2] INFO  model.workers.Supplier - Produced: Accessory-Type_0
2026-05-13 02:22:09 [Thread-3] INFO  model.workers.Supplier - Produced: Accessory-Type_1
2026-05-13 02:22:09 [Thread-4] INFO  model.workers.Supplier - Produced: Accessory-Type_2
2026-05-13 02:22:12 [Thread-5] INFO  model.workers.Dealer - Dealer-0 sold a car
2026-05-13 02:22:13 [Thread-0] INFO  model.workers.Supplier - Produced: Body
2026-05-13 02:22:13 [Thread-1] INFO  model.workers.Supplier - Produced: Engine
2026-05-13 02:22:13 [Thread-2] INFO  model.workers.Supplier - Produced: Accessory-Type_0
2026-05-13 02:22:13 [Thread-4] INFO  model.workers.Supplier - Produced: Accessory-Type_2
2026-05-13 02:22:13 [Thread-3] INFO  model.workers.Supplier - Produced: Accessory-Type_1
2026-05-13 02:22:16 [Thread-5] INFO  model.workers.Dealer - Dealer-0 sold a car
2026-05-13 02:22:17 [Thread-0] INFO  model.workers.Supplier - Produced: Body
2026-05-13 02:22:17 [Thread-1] INFO  model.workers.Supplier - Produced: Engine
2026-05-13 02:22:17 [Thread-2] INFO  model.workers.Supplier - Produced: Accessory-Type_0
2026-05-13 02:22:17 [Thread-4] INFO  model.workers.Supplier - Produced: Accessory-Type_2
2026-05-13 02:22:17 [Thread-3] INFO  model.workers.Supplier - Produced: Accessory-Type_1
2026-05-13 02:22:20 [Thread-5] INFO  model.workers.Dealer - Dealer-0 sold a car
2026-05-13 02:22:21 [Thread-1] INFO  model.workers.Supplier - Produced: Engine
2026-05-13 02:22:21 [Thread-0] INFO  model.workers.Supplier - Produced: Body
2026-05-13 02:22:21 [Thread-2] INFO  model.workers.Supplier - Produced: Accessory-Type_0
2026-05-13 02:22:21 [Thread-4] INFO  model.workers.Supplier - Produced: Accessory-Type_2
2026-05-13 02:22:21 [Thread-3] INFO  model.workers.Supplier - Produced: Accessory-Type_1
2026-05-13 02:22:24 [Thread-5] INFO  model.workers.Dealer - Dealer-0 sold a car
2026-05-13 02:22:25 [Thread-0] INFO  model.workers.Supplier - Produced: Body
2026-05-13 02:22:25 [Thread-2] INFO  model.workers.Supplier - Produced: Accessory-Type_0
2026-05-13 02:22:25 [Thread-3] INFO  model.workers.Supplier - Produced: Accessory-Type_1
2026-05-13 02:22:25 [Thread-1] INFO  model.workers.Supplier - Produced: Engine
2026-05-13 02:22:25 [Thread-4] INFO  model.workers.Supplier - Produced: Accessory-Type_2
2026-05-13 02:22:28 [Thread-5] INFO  model.workers.Dealer - Dealer-0 sold a car
2026-05-13 02:22:29 [Thread-2] INFO  model.workers.Supplier - Produced: Accessory-Type_0
2026-05-13 02:22:29 [Thread-1] INFO  model.workers.Supplier - Produced: Engine
2026-05-13 02:22:29 [Thread-3] INFO  model.workers.Supplier - Produced: Accessory-Type_1
2026-05-13 02:22:29 [Thread-4] INFO  model.workers.Supplier - Produced: Accessory-Type_2
2026-05-13 02:22:29 [Thread-0] INFO  model.workers.Supplier - Produced: Body
2026-05-13 02:22:32 [Thread-5] INFO  model.workers.Dealer - Dealer-0 sold a car
2026-05-13 02:22:33 [Thread-1] INFO  model.workers.Supplier - Produced: Engine
2026-05-13 02:22:33 [Thread-0] INFO  model.workers.Supplier - Produced: Body
2026-05-13 02:22:33 [Thread-2] INFO  model.workers.Supplier - Produced: Accessory-Type_0
2026-05-13 02:22:33 [Thread-4] INFO  model.workers.Supplier - Produced: Accessory-Type_2
2026-05-13 02:22:33 [Thread-3] INFO  model.workers.Supplier - Produced: Accessory-Type_1
2026-05-13 02:22:36 [Thread-5] INFO  model.workers.Dealer - Dealer-0 sold a car
2026-05-13 02:22:37 [Thread-0] INFO  model.workers.Supplier - Produced: Body
2026-05-13 02:22:37 [Thread-1] INFO  model.workers.Supplier - Produced: Engine
2026-05-13 02:22:37 [Thread-2] INFO  model.workers.Supplier - Produced: Accessory-Type_0
2026-05-13 02:22:37 [Thread-3] INFO  model.workers.Supplier - Produced: Accessory-Type_1
2026-05-13 02:22:37 [Thread-4] INFO  model.workers.Supplier - Produced: Accessory-Type_2
2026-05-13 02:22:40 [Thread-5] INFO  model.workers.Dealer - Dealer-0 sold a car
2026-05-13 02:22:41 [Thread-1] INFO  model.workers.Supplier - Produced: Engine
2026-05-13 02:22:41 [Thread-0] INFO  model.workers.Supplier - Produced: Body
2026-05-13 02:22:41 [Thread-3] INFO  model.workers.Supplier - Produced: Accessory-Type_1
2026-05-13 02:22:41 [Thread-2] INFO  model.workers.Supplier - Produced: Accessory-Type_0
2026-05-13 02:22:41 [Thread-4] INFO  model.workers.Supplier - Produced: Accessory-Type_2
2026-05-13 02:22:44 [Thread-5] INFO  model.workers.Dealer - Dealer-0 sold a car
2026-05-13 02:22:45 [Thread-0] INFO  model.workers.Supplier - Produced: Body
2026-05-13 02:22:45 [Thread-1] INFO  model.workers.Supplier - Produced: Engine
2026-05-13 02:22:45 [Thread-2] INFO  model.workers.Supplier - Produced: Accessory-Type_0
2026-05-13 02:22:45 [Thread-3] INFO  model.workers.Supplier - Produced: Accessory-Type_1
2026-05-13 02:22:45 [Thread-4] INFO  model.workers.Supplier - Produced: Accessory-Type_2
2026-05-13 02:22:48 [Thread-5] INFO  model.workers.Dealer - Dealer-0 sold a car
2026-05-13 02:22:49 [Thread-1] INFO  model.workers.Supplier - Produced: Engine
2026-05-13 02:22:49 [Thread-0] INFO  model.workers.Supplier - Produced: Body
2026-05-13 02:22:49 [Thread-2] INFO  model.workers.Supplier - Produced: Accessory-Type_0
2026-05-13 02:22:49 [Thread-4] INFO  model.workers.Supplier - Produced: Accessory-Type_2
2026-05-13 02:22:49 [Thread-3] INFO  model.workers.Supplier - Produced: Accessory-Type_1
2026-05-13 02:22:52 [Thread-5] INFO  model.workers.Dealer - Dealer-0 sold a car
2026-05-13 02:22:53 [Thread-1] INFO  model.workers.Supplier - Produced: Engine
2026-05-13 02:22:53 [Thread-0] INFO  model.workers.Supplier - Produced: Body
2026-05-13 02:22:53 [Thread-3] INFO  model.workers.Supplier - Produced: Accessory-Type_1
2026-05-13 02:22:53 [Thread-2] INFO  model.workers.Supplier - Produced: Accessory-Type_0
2026-05-13 02:22:53 [Thread-4] INFO  model.workers.Supplier - Produced: Accessory-Type_2
2026-05-13 02:22:56 [Thread-5] INFO  model.workers.Dealer - Dealer-0 sold a car
2026-05-13 02:22:57 [Thread-0] INFO  model.workers.Supplier - Produced: Body
2026-05-13 02:22:57 [Thread-1] INFO  model.workers.Supplier - Produced: Engine
2026-05-13 02:22:57 [Thread-2] INFO  model.workers.Supplier - Produced: Accessory-Type_0
2026-05-13 02:22:57 [Thread-4] INFO  model.workers.Supplier - Produced: Accessory-Type_2
2026-05-13 02:22:57 [Thread-3] INFO  model.workers.Supplier - Produced: Accessory-Type_1
2026-05-13 02:25:59 [Thread-5] INFO  model.workers.Dealer - Dealer-0 started
2026-05-13 02:26:01 [Thread-4] INFO  model.workers.Supplier - Produced: Accessory-Type_2
2026-05-13 02:26:01 [Thread-2] INFO  model.workers.Supplier - Produced: Accessory-Type_0
2026-05-13 02:26:01 [Thread-3] INFO  model.workers.Supplier - Produced: Accessory-Type_1
2026-05-13 02:26:03 [Thread-1] INFO  model.workers.Supplier - Produced: Engine
2026-05-13 02:26:03 [Thread-0] INFO  model.workers.Supplier - Produced: Body
2026-05-13 02:26:03 [Thread-4] INFO  model.workers.Supplier - Produced: Accessory-Type_2
2026-05-13 02:26:03 [Thread-3] INFO  model.workers.Supplier - Produced: Accessory-Type_1
2026-05-13 02:26:03 [Thread-2] INFO  model.workers.Supplier - Produced: Accessory-Type_0
2026-05-13 02:26:05 [Thread-3] INFO  model.workers.Supplier - Produced: Accessory-Type_1
2026-05-13 02:26:05 [Thread-2] INFO  model.workers.Supplier - Produced: Accessory-Type_0
2026-05-13 02:26:05 [Thread-4] INFO  model.workers.Supplier - Produced: Accessory-Type_2
2026-05-13 02:26:06 [Thread-5] INFO  model.workers.Dealer - Dealer-0 sold a car
2026-05-13 02:36:32 [Thread-5] INFO  model.workers.Dealer - Dealer-0 started
2026-05-13 02:36:34 [Thread-4] INFO  model.workers.Supplier - Produced: Accessory-Type_2
2026-05-13 02:36:34 [Thread-2] INFO  model.workers.Supplier - Produced: Accessory-Type_0
2026-05-13 02:36:34 [Thread-3] INFO  model.workers.Supplier - Produced: Accessory-Type_1
2026-05-13 02:36:36 [Thread-0] INFO  model.workers.Supplier - Produced: Body
2026-05-13 02:36:36 [Thread-1] INFO  model.workers.Supplier - Produced: Engine
2026-05-13 02:36:36 [Thread-2] INFO  model.workers.Supplier - Produced: Accessory-Type_0
2026-05-13 02:36:36 [Thread-3] INFO  model.workers.Supplier - Produced: Accessory-Type_1
2026-05-13 02:36:36 [Thread-4] INFO  model.workers.Supplier - Produced: Accessory-Type_2
2026-05-13 02:36:38 [Thread-4] INFO  model.workers.Supplier - Produced: Accessory-Type_2
2026-05-13 02:36:38 [Thread-2] INFO  model.workers.Supplier - Produced: Accessory-Type_0
2026-05-13 02:36:38 [Thread-3] INFO  model.workers.Supplier - Produced: Accessory-Type_1
2026-05-13 02:36:39 [Thread-5] INFO  model.workers.Dealer - Dealer-0 sold a car
2026-05-13 02:36:40 [Thread-0] INFO  model.workers.Supplier - Produced: Body
2026-05-13 02:36:40 [Thread-1] INFO  model.workers.Supplier - Produced: Engine
2026-05-13 02:36:40 [Thread-4] INFO  model.workers.Supplier - Produced: Accessory-Type_2
2026-05-13 02:36:40 [Thread-3] INFO  model.workers.Supplier - Produced: Accessory-Type_1
2026-05-13 02:36:40 [Thread-2] INFO  model.workers.Supplier - Produced: Accessory-Type_0
2026-05-13 02:36:42 [Thread-2] INFO  model.workers.Supplier - Produced: Accessory-Type_0
2026-05-13 02:36:42 [Thread-3] INFO  model.workers.Supplier - Produced: Accessory-Type_1
2026-05-13 02:36:42 [Thread-4] INFO  model.workers.Supplier - Produced: Accessory-Type_2
2026-05-13 02:36:43 [Thread-5] INFO  model.workers.Dealer - Dealer-0 sold a car
2026-05-13 02:36:44 [Thread-1] INFO  model.workers.Supplier - Produced: Engine
2026-05-13 02:36:44 [Thread-0] INFO  model.workers.Supplier - Produced: Body
2026-05-13 02:36:44 [Thread-2] INFO  model.workers.Supplier - Produced: Accessory-Type_0
2026-05-13 02:36:44 [Thread-4] INFO  model.workers.Supplier - Produced: Accessory-Type_2
2026-05-13 02:36:44 [Thread-3] INFO  model.workers.Supplier - Produced: Accessory-Type_1
2026-05-13 02:36:46 [Thread-4] INFO  model.workers.Supplier - Produced: Accessory-Type_2
2026-05-13 02:36:46 [Thread-2] INFO  model.workers.Supplier - Produced: Accessory-Type_0
2026-05-13 02:36:46 [Thread-3] INFO  model.workers.Supplier - Produced: Accessory-Type_1
2026-05-13 02:36:47 [Thread-5] INFO  model.workers.Dealer - Dealer-0 sold a car
2026-05-13 02:36:48 [Thread-1] INFO  model.workers.Supplier - Produced: Engine
2026-05-13 02:36:48 [Thread-0] INFO  model.workers.Supplier - Produced: Body
2026-05-13 02:36:48 [Thread-2] INFO  model.workers.Supplier - Produced: Accessory-Type_0
2026-05-13 02:36:48 [Thread-4] INFO  model.workers.Supplier - Produced: Accessory-Type_2
2026-05-13 02:36:48 [Thread-3] INFO  model.workers.Supplier - Produced: Accessory-Type_1
2026-05-13 02:36:50 [Thread-2] INFO  model.workers.Supplier - Produced: Accessory-Type_0
2026-05-13 02:36:50 [Thread-4] INFO  model.workers.Supplier - Produced: Accessory-Type_2
2026-05-13 02:36:50 [Thread-3] INFO  model.workers.Supplier - Produced: Accessory-Type_1
2026-05-13 02:36:51 [Thread-5] INFO  model.workers.Dealer - Dealer-0 sold a car
2026-05-13 02:36:52 [Thread-1] INFO  model.workers.Supplier - Produced: Engine
2026-05-13 02:36:52 [Thread-0] INFO  model.workers.Supplier - Produced: Body
2026-05-13 02:36:52 [Thread-3] INFO  model.workers.Supplier - Produced: Accessory-Type_1
2026-05-13 02:36:52 [Thread-2] INFO  model.workers.Supplier - Produced: Accessory-Type_0
2026-05-13 02:36:52 [Thread-4] INFO  model.workers.Supplier - Produced: Accessory-Type_2
2026-05-13 02:36:54 [Thread-2] INFO  model.workers.Supplier - Produced: Accessory-Type_0
2026-05-13 02:36:54 [Thread-3] INFO  model.workers.Supplier - Produced: Accessory-Type_1
2026-05-13 02:36:54 [Thread-4] INFO  model.workers.Supplier - Produced: Accessory-Type_2
2026-05-13 02:36:55 [Thread-5] INFO  model.workers.Dealer - Dealer-0 sold a car
2026-05-13 02:36:56 [Thread-0] INFO  model.workers.Supplier - Produced: Body
2026-05-13 02:36:56 [Thread-1] INFO  model.workers.Supplier - Produced: Engine
2026-05-13 02:36:56 [Thread-3] INFO  model.workers.Supplier - Produced: Accessory-Type_1
2026-05-13 02:36:56 [Thread-2] INFO  model.workers.Supplier - Produced: Accessory-Type_0
2026-05-13 02:36:56 [Thread-4] INFO  model.workers.Supplier - Produced: Accessory-Type_2
2026-05-13 02:36:58 [Thread-4] INFO  model.workers.Supplier - Produced: Accessory-Type_2
2026-05-13 02:36:58 [Thread-2] INFO  model.workers.Supplier - Produced: Accessory-Type_0
2026-05-13 02:36:58 [Thread-3] INFO  model.workers.Supplier - Produced: Accessory-Type_1
2026-05-13 02:36:59 [Thread-5] INFO  model.workers.Dealer - Dealer-0 sold a car
2026-05-13 02:37:00 [Thread-0] INFO  model.workers.Supplier - Produced: Body
2026-05-13 02:37:00 [Thread-1] INFO  model.workers.Supplier - Produced: Engine
2026-05-13 02:37:00 [Thread-3] INFO  model.workers.Supplier - Produced: Accessory-Type_1
2026-05-13 02:37:00 [Thread-4] INFO  model.workers.Supplier - Produced: Accessory-Type_2
2026-05-13 02:37:00 [Thread-2] INFO  model.workers.Supplier - Produced: Accessory-Type_0
2026-05-13 02:37:02 [Thread-3] INFO  model.workers.Supplier - Produced: Accessory-Type_1
2026-05-13 02:37:02 [Thread-4] INFO  model.workers.Supplier - Produced: Accessory-Type_2
2026-05-13 02:37:02 [Thread-2] INFO  model.workers.Supplier - Produced: Accessory-Type_0
2026-05-13 02:37:03 [Thread-5] INFO  model.workers.Dealer - Dealer-0 sold a car
2026-05-13 02:37:04 [Thread-0] INFO  model.workers.Supplier - Produced: Body
2026-05-13 02:37:04 [Thread-1] INFO  model.workers.Supplier - Produced: Engine
2026-05-13 02:37:04 [Thread-3] INFO  model.workers.Supplier - Produced: Accessory-Type_1
2026-05-13 02:37:04 [Thread-2] INFO  model.workers.Supplier - Produced: Accessory-Type_0
2026-05-13 02:37:04 [Thread-4] INFO  model.workers.Supplier - Produced: Accessory-Type_2
2026-05-13 02:37:06 [Thread-3] INFO  model.workers.Supplier - Produced: Accessory-Type_1
2026-05-13 02:37:06 [Thread-4] INFO  model.workers.Supplier - Produced: Accessory-Type_2
2026-05-13 02:37:06 [Thread-2] INFO  model.workers.Supplier - Produced: Accessory-Type_0
2026-05-13 02:37:07 [Thread-5] INFO  model.workers.Dealer - Dealer-0 sold a car
2026-05-13 02:37:08 [Thread-0] INFO  model.workers.Supplier - Produced: Body
2026-05-13 02:37:08 [Thread-1] INFO  model.workers.Supplier - Produced: Engine
2026-05-13 02:37:08 [Thread-3] INFO  model.workers.Supplier - Produced: Accessory-Type_1
2026-05-13 02:37:08 [Thread-2] INFO  model.workers.Supplier - Produced: Accessory-Type_0
2026-05-13 02:37:08 [Thread-4] INFO  model.workers.Supplier - Produced: Accessory-Type_2
2026-05-13 02:37:10 [Thread-3] INFO  model.workers.Supplier - Produced: Accessory-Type_1
2026-05-13 02:37:10 [Thread-2] INFO  model.workers.Supplier - Produced: Accessory-Type_0
2026-05-13 02:37:10 [Thread-4] INFO  model.workers.Supplier - Produced: Accessory-Type_2
2026-05-13 02:37:11 [Thread-5] INFO  model.workers.Dealer - Dealer-0 sold a car
2026-05-13 02:37:12 [Thread-1] INFO  model.workers.Supplier - Produced: Engine
2026-05-13 02:37:12 [Thread-0] INFO  model.workers.Supplier - Produced: Body
2026-05-13 02:37:12 [Thread-3] INFO  model.workers.Supplier - Produced: Accessory-Type_1
2026-05-13 02:37:12 [Thread-2] INFO  model.workers.Supplier - Produced: Accessory-Type_0
2026-05-13 02:37:12 [Thread-4] INFO  model.workers.Supplier - Produced: Accessory-Type_2
2026-05-13 02:37:15 [Thread-5] INFO  model.workers.Dealer - Dealer-0 sold a car
2026-05-13 02:37:16 [Thread-0] INFO  model.workers.Supplier - Produced: Body
2026-05-13 02:37:16 [Thread-1] INFO  model.workers.Supplier - Produced: Engine
2026-05-13 02:37:16 [Thread-2] INFO  model.workers.Supplier - Produced: Accessory-Type_0
2026-05-13 02:37:16 [Thread-4] INFO  model.workers.Supplier - Produced: Accessory-Type_2
2026-05-13 02:37:16 [Thread-3] INFO  model.workers.Supplier - Produced: Accessory-Type_1
2026-05-13 02:37:19 [Thread-5] INFO  model.workers.Dealer - Dealer-0 sold a car
2026-05-13 02:37:20 [Thread-0] INFO  model.workers.Supplier - Produced: Body
2026-05-13 02:37:20 [Thread-1] INFO  model.workers.Supplier - Produced: Engine
2026-05-13 02:37:20 [Thread-3] INFO  model.workers.Supplier - Produced: Accessory-Type_1
2026-05-13 02:37:20 [Thread-2] INFO  model.workers.Supplier - Produced: Accessory-Type_0
2026-05-13 02:37:20 [Thread-4] INFO  model.workers.Supplier - Produced: Accessory-Type_2
2026-05-13 02:37:23 [Thread-5] INFO  model.workers.Dealer - Dealer-0 sold a car
2026-05-13 02:37:24 [Thread-1] INFO  model.workers.Supplier - Produced: Engine
2026-05-13 02:37:24 [Thread-0] INFO  model.workers.Supplier - Produced: Body
2026-05-13 02:37:24 [Thread-3] INFO  model.workers.Supplier - Produced: Accessory-Type_1
2026-05-13 02:37:24 [Thread-4] INFO  model.workers.Supplier - Produced: Accessory-Type_2
2026-05-13 02:37:24 [Thread-2] INFO  model.workers.Supplier - Produced: Accessory-Type_0
2026-05-13 02:37:27 [Thread-5] INFO  model.workers.Dealer - Dealer-0 sold a car
2026-05-13 02:37:28 [Thread-1] INFO  model.workers.Supplier - Produced: Engine
2026-05-13 02:37:28 [Thread-0] INFO  model.workers.Supplier - Produced: Body
2026-05-13 02:37:28 [Thread-2] INFO  model.workers.Supplier - Produced: Accessory-Type_0
2026-05-13 02:37:28 [Thread-3] INFO  model.workers.Supplier - Produced: Accessory-Type_1
2026-05-13 02:37:28 [Thread-4] INFO  model.workers.Supplier - Produced: Accessory-Type_2
2026-05-13 02:37:31 [Thread-5] INFO  model.workers.Dealer - Dealer-0 sold a car
2026-05-13 02:37:32 [Thread-1] INFO  model.workers.Supplier - Produced: Engine
2026-05-13 02:37:32 [Thread-0] INFO  model.workers.Supplier - Produced: Body
2026-05-13 02:37:32 [Thread-2] INFO  model.workers.Supplier - Produced: Accessory-Type_0
2026-05-13 02:37:32 [Thread-3] INFO  model.workers.Supplier - Produced: Accessory-Type_1
2026-05-13 02:37:32 [Thread-4] INFO  model.workers.Supplier - Produced: Accessory-Type_2
2026-05-13 02:37:35 [Thread-5] INFO  model.workers.Dealer - Dealer-0 sold a car
2026-05-13 02:37:36 [Thread-1] INFO  model.workers.Supplier - Produced: Engine
2026-05-13 02:37:36 [Thread-0] INFO  model.workers.Supplier - Produced: Body
2026-05-13 02:37:36 [Thread-2] INFO  model.workers.Supplier - Produced: Accessory-Type_0
2026-05-13 02:37:36 [Thread-4] INFO  model.workers.Supplier - Produced: Accessory-Type_2
2026-05-13 02:37:36 [Thread-3] INFO  model.workers.Supplier - Produced: Accessory-Type_1
2026-05-13 02:37:39 [Thread-5] INFO  model.workers.Dealer - Dealer-0 sold a car
2026-05-13 02:37:40 [Thread-0] INFO  model.workers.Supplier - Produced: Body
2026-05-13 02:37:40 [Thread-1] INFO  model.workers.Supplier - Produced: Engine
2026-05-13 02:37:40 [Thread-2] INFO  model.workers.Supplier - Produced: Accessory-Type_0
2026-05-13 02:37:40 [Thread-3] INFO  model.workers.Supplier - Produced: Accessory-Type_1
2026-05-13 02:37:40 [Thread-4] INFO  model.workers.Supplier - Produced: Accessory-Type_2
2026-05-13 02:37:43 [Thread-5] INFO  model.workers.Dealer - Dealer-0 sold a car
2026-05-13 02:37:44 [Thread-1] INFO  model.workers.Supplier - Produced: Engine
2026-05-13 02:37:44 [Thread-2] INFO  model.workers.Supplier - Produced: Accessory-Type_0
2026-05-13 02:37:44 [Thread-4] INFO  model.workers.Supplier - Produced: Accessory-Type_2
2026-05-13 02:37:44 [Thread-0] INFO  model.workers.Supplier - Produced: Body
2026-05-13 02:37:44 [Thread-3] INFO  model.workers.Supplier - Produced: Accessory-Type_1
2026-05-13 02:37:47 [Thread-5] INFO  model.workers.Dealer - Dealer-0 sold a car
2026-05-13 02:37:48 [Thread-0] INFO  model.workers.Supplier - Produced: Body
2026-05-13 02:37:48 [Thread-1] INFO  model.workers.Supplier - Produced: Engine
2026-05-13 02:37:48 [Thread-3] INFO  model.workers.Supplier - Produced: Accessory-Type_1
2026-05-13 02:37:48 [Thread-2] INFO  model.workers.Supplier - Produced: Accessory-Type_0
2026-05-13 02:37:48 [Thread-4] INFO  model.workers.Supplier - Produced: Accessory-Type_2
2026-05-13 02:37:51 [Thread-5] INFO  model.workers.Dealer - Dealer-0 sold a car
2026-05-13 02:37:52 [Thread-0] INFO  model.workers.Supplier - Produced: Body
2026-05-13 02:37:52 [Thread-1] INFO  model.workers.Supplier - Produced: Engine
2026-05-13 02:37:52 [Thread-2] INFO  model.workers.Supplier - Produced: Accessory-Type_0
2026-05-13 02:37:52 [Thread-3] INFO  model.workers.Supplier - Produced: Accessory-Type_1
2026-05-13 02:37:52 [Thread-4] INFO  model.workers.Supplier - Produced: Accessory-Type_2
2026-05-13 02:40:45 [Thread-5] INFO  model.workers.Dealer - Dealer-0 started
2026-05-13 02:40:47 [Thread-4] INFO  model.workers.Supplier - Produced: Accessory-Type_2
2026-05-13 02:40:47 [Thread-2] INFO  model.workers.Supplier - Produced: Accessory-Type_0
2026-05-13 02:40:47 [Thread-3] INFO  model.workers.Supplier - Produced: Accessory-Type_1
2026-05-13 02:40:49 [Thread-1] INFO  model.workers.Supplier - Produced: Engine
2026-05-13 02:40:49 [Thread-0] INFO  model.workers.Supplier - Produced: Body
2026-05-13 02:40:50 [Thread-2] INFO  model.workers.Supplier - Produced: Accessory-Type_0
2026-05-13 02:40:50 [Thread-3] INFO  model.workers.Supplier - Produced: Accessory-Type_1
2026-05-13 02:40:50 [Thread-4] INFO  model.workers.Supplier - Produced: Accessory-Type_2
2026-05-13 02:40:52 [Thread-3] INFO  model.workers.Supplier - Produced: Accessory-Type_1
2026-05-13 02:40:52 [Thread-4] INFO  model.workers.Supplier - Produced: Accessory-Type_2
2026-05-13 02:40:52 [Thread-2] INFO  model.workers.Supplier - Produced: Accessory-Type_0
2026-05-13 02:40:53 [Thread-5] INFO  model.workers.Dealer - Dealer-0 sold a car
2026-05-13 02:40:53 [Thread-1] INFO  model.workers.Supplier - Produced: Engine
2026-05-13 02:40:53 [Thread-0] INFO  model.workers.Supplier - Produced: Body
2026-05-13 02:40:54 [Thread-4] INFO  model.workers.Supplier - Produced: Accessory-Type_2
2026-05-13 02:40:54 [Thread-2] INFO  model.workers.Supplier - Produced: Accessory-Type_0
2026-05-13 02:40:54 [Thread-3] INFO  model.workers.Supplier - Produced: Accessory-Type_1
2026-05-13 02:40:56 [Thread-2] INFO  model.workers.Supplier - Produced: Accessory-Type_0
2026-05-13 02:40:56 [Thread-3] INFO  model.workers.Supplier - Produced: Accessory-Type_1
2026-05-13 02:40:56 [Thread-4] INFO  model.workers.Supplier - Produced: Accessory-Type_2
2026-05-13 02:40:57 [Thread-5] INFO  model.workers.Dealer - Dealer-0 sold a car
2026-05-13 02:40:57 [Thread-1] INFO  model.workers.Supplier - Produced: Engine
2026-05-13 02:40:57 [Thread-0] INFO  model.workers.Supplier - Produced: Body
2026-05-13 02:40:58 [Thread-2] INFO  model.workers.Supplier - Produced: Accessory-Type_0
2026-05-13 02:40:58 [Thread-3] INFO  model.workers.Supplier - Produced: Accessory-Type_1
2026-05-13 02:40:58 [Thread-4] INFO  model.workers.Supplier - Produced: Accessory-Type_2
2026-05-13 02:41:00 [Thread-3] INFO  model.workers.Supplier - Produced: Accessory-Type_1
2026-05-13 02:41:00 [Thread-2] INFO  model.workers.Supplier - Produced: Accessory-Type_0
2026-05-13 02:41:00 [Thread-4] INFO  model.workers.Supplier - Produced: Accessory-Type_2
2026-05-13 02:41:01 [Thread-5] INFO  model.workers.Dealer - Dealer-0 sold a car
2026-05-13 02:41:02 [Thread-1] INFO  model.workers.Supplier - Produced: Engine
2026-05-13 02:41:02 [Thread-0] INFO  model.workers.Supplier - Produced: Body
2026-05-13 02:41:02 [Thread-3] INFO  model.workers.Supplier - Produced: Accessory-Type_1
2026-05-13 02:41:02 [Thread-2] INFO  model.workers.Supplier - Produced: Accessory-Type_0
2026-05-13 02:41:02 [Thread-4] INFO  model.workers.Supplier - Produced: Accessory-Type_2
2026-05-13 02:41:04 [Thread-3] INFO  model.workers.Supplier - Produced: Accessory-Type_1
2026-05-13 02:41:04 [Thread-4] INFO  model.workers.Supplier - Produced: Accessory-Type_2
2026-05-13 02:41:04 [Thread-2] INFO  model.workers.Supplier - Produced: Accessory-Type_0
2026-05-13 02:41:05 [Thread-5] INFO  model.workers.Dealer - Dealer-0 sold a car
2026-05-13 02:41:06 [Thread-1] INFO  model.workers.Supplier - Produced: Engine
2026-05-13 02:41:06 [Thread-0] INFO  model.workers.Supplier - Produced: Body
2026-05-13 02:41:06 [Thread-3] INFO  model.workers.Supplier - Produced: Accessory-Type_1
2026-05-13 02:41:06 [Thread-2] INFO  model.workers.Supplier - Produced: Accessory-Type_0
2026-05-13 02:41:06 [Thread-4] INFO  model.workers.Supplier - Produced: Accessory-Type_2
2026-05-13 02:41:08 [Thread-3] INFO  model.workers.Supplier - Produced: Accessory-Type_1
2026-05-13 02:41:08 [Thread-2] INFO  model.workers.Supplier - Produced: Accessory-Type_0
2026-05-13 02:41:08 [Thread-4] INFO  model.workers.Supplier - Produced: Accessory-Type_2
2026-05-13 02:41:09 [Thread-5] INFO  model.workers.Dealer - Dealer-0 sold a car
2026-05-13 02:41:10 [Thread-1] INFO  model.workers.Supplier - Produced: Engine
2026-05-13 02:41:10 [Thread-0] INFO  model.workers.Supplier - Produced: Body
2026-05-13 02:41:10 [Thread-3] INFO  model.workers.Supplier - Produced: Accessory-Type_1
2026-05-13 02:41:10 [Thread-4] INFO  model.workers.Supplier - Produced: Accessory-Type_2
2026-05-13 02:41:10 [Thread-2] INFO  model.workers.Supplier - Produced: Accessory-Type_0
2026-05-13 02:41:12 [Thread-3] INFO  model.workers.Supplier - Produced: Accessory-Type_1
2026-05-13 02:41:12 [Thread-4] INFO  model.workers.Supplier - Produced: Accessory-Type_2
2026-05-13 02:41:12 [Thread-2] INFO  model.workers.Supplier - Produced: Accessory-Type_0
2026-05-13 02:41:13 [Thread-5] INFO  model.workers.Dealer - Dealer-0 sold a car
2026-05-13 02:41:14 [Thread-1] INFO  model.workers.Supplier - Produced: Engine
2026-05-13 02:41:14 [Thread-0] INFO  model.workers.Supplier - Produced: Body
2026-05-13 02:41:14 [Thread-3] INFO  model.workers.Supplier - Produced: Accessory-Type_1
2026-05-13 02:41:14 [Thread-2] INFO  model.workers.Supplier - Produced: Accessory-Type_0
2026-05-13 02:41:14 [Thread-4] INFO  model.workers.Supplier - Produced: Accessory-Type_2
2026-05-13 02:41:16 [Thread-3] INFO  model.workers.Supplier - Produced: Accessory-Type_1
2026-05-13 02:41:16 [Thread-2] INFO  model.workers.Supplier - Produced: Accessory-Type_0
2026-05-13 02:41:16 [Thread-4] INFO  model.workers.Supplier - Produced: Accessory-Type_2
2026-05-13 02:41:17 [Thread-5] INFO  model.workers.Dealer - Dealer-0 sold a car
2026-05-13 02:41:18 [Thread-1] INFO  model.workers.Supplier - Produced: Engine
2026-05-13 02:41:18 [Thread-0] INFO  model.workers.Supplier - Produced: Body
2026-05-13 02:41:18 [Thread-3] INFO  model.workers.Supplier - Produced: Accessory-Type_1
2026-05-13 02:41:18 [Thread-4] INFO  model.workers.Supplier - Produced: Accessory-Type_2
2026-05-13 02:41:18 [Thread-2] INFO  model.workers.Supplier - Produced: Accessory-Type_0
2026-05-13 02:41:20 [Thread-3] INFO  model.workers.Supplier - Produced: Accessory-Type_1
2026-05-13 02:41:20 [Thread-2] INFO  model.workers.Supplier - Produced: Accessory-Type_0
2026-05-13 02:41:20 [Thread-4] INFO  model.workers.Supplier - Produced: Accessory-Type_2
2026-05-13 02:41:21 [Thread-5] INFO  model.workers.Dealer - Dealer-0 sold a car
2026-05-13 02:41:22 [Thread-0] INFO  model.workers.Supplier - Produced: Body
2026-05-13 02:41:22 [Thread-1] INFO  model.workers.Supplier - Produced: Engine
2026-05-13 02:41:22 [Thread-3] INFO  model.workers.Supplier - Produced: Accessory-Type_1
2026-05-13 02:41:22 [Thread-2] INFO  model.workers.Supplier - Produced: Accessory-Type_0
2026-05-13 02:41:22 [Thread-4] INFO  model.workers.Supplier - Produced: Accessory-Type_2
2026-05-13 02:41:24 [Thread-4] INFO  model.workers.Supplier - Produced: Accessory-Type_2
2026-05-13 02:41:24 [Thread-2] INFO  model.workers.Supplier - Produced: Accessory-Type_0
2026-05-13 02:41:24 [Thread-3] INFO  model.workers.Supplier - Produced: Accessory-Type_1
2026-05-13 02:41:25 [Thread-5] INFO  model.workers.Dealer - Dealer-0 sold a car
2026-05-13 02:41:26 [Thread-0] INFO  model.workers.Supplier - Produced: Body
2026-05-13 02:41:26 [Thread-1] INFO  model.workers.Supplier - Produced: Engine
2026-05-13 02:41:26 [Thread-4] INFO  model.workers.Supplier - Produced: Accessory-Type_2
2026-05-13 02:41:26 [Thread-3] INFO  model.workers.Supplier - Produced: Accessory-Type_1
2026-05-13 02:41:26 [Thread-2] INFO  model.workers.Supplier - Produced: Accessory-Type_0
2026-05-13 02:41:29 [Thread-5] INFO  model.workers.Dealer - Dealer-0 sold a car
2026-05-13 02:41:30 [Thread-0] INFO  model.workers.Supplier - Produced: Body
2026-05-13 02:41:30 [Thread-2] INFO  model.workers.Supplier - Produced: Accessory-Type_0
2026-05-13 02:41:30 [Thread-1] INFO  model.workers.Supplier - Produced: Engine
2026-05-13 02:41:30 [Thread-3] INFO  model.workers.Supplier - Produced: Accessory-Type_1
2026-05-13 02:41:30 [Thread-4] INFO  model.workers.Supplier - Produced: Accessory-Type_2
2026-05-13 02:41:33 [Thread-5] INFO  model.workers.Dealer - Dealer-0 sold a car
2026-05-13 02:41:34 [Thread-4] INFO  model.workers.Supplier - Produced: Accessory-Type_2
2026-05-13 02:41:34 [Thread-1] INFO  model.workers.Supplier - Produced: Engine
2026-05-13 02:41:34 [Thread-0] INFO  model.workers.Supplier - Produced: Body
2026-05-13 02:41:34 [Thread-3] INFO  model.workers.Supplier - Produced: Accessory-Type_1
2026-05-13 02:41:34 [Thread-2] INFO  model.workers.Supplier - Produced: Accessory-Type_0
2026-05-14 10:50:03 [Thread-5] INFO  model.workers.Dealer - Dealer-0 started
2026-05-14 10:50:05 [Thread-3] INFO  model.workers.Supplier - Produced: Accessory-Type_1
2026-05-14 10:50:05 [Thread-4] INFO  model.workers.Supplier - Produced: Accessory-Type_2
2026-05-14 10:50:05 [Thread-2] INFO  model.workers.Supplier - Produced: Accessory-Type_0
2026-05-14 10:50:07 [Thread-0] INFO  model.workers.Supplier - Produced: Body
2026-05-14 10:50:07 [Thread-1] INFO  model.workers.Supplier - Produced: Engine
2026-05-14 10:50:07 [Thread-2] INFO  model.workers.Supplier - Produced: Accessory-Type_0
2026-05-14 10:50:07 [Thread-4] INFO  model.workers.Supplier - Produced: Accessory-Type_2
2026-05-14 10:50:07 [Thread-3] INFO  model.workers.Supplier - Produced: Accessory-Type_1
2026-05-14 10:50:09 [Thread-2] INFO  model.workers.Supplier - Produced: Accessory-Type_0
2026-05-14 10:50:09 [Thread-4] INFO  model.workers.Supplier - Produced: Accessory-Type_2
2026-05-14 10:50:09 [Thread-3] INFO  model.workers.Supplier - Produced: Accessory-Type_1
2026-05-14 10:50:10 [Thread-5] INFO  model.workers.Dealer - Dealer-0 sold a car
2026-05-14 10:50:11 [Thread-1] INFO  model.workers.Supplier - Produced: Engine
2026-05-14 10:50:11 [Thread-0] INFO  model.workers.Supplier - Produced: Body
2026-05-14 10:50:11 [Thread-3] INFO  model.workers.Supplier - Produced: Accessory-Type_1
2026-05-14 10:50:11 [Thread-4] INFO  model.workers.Supplier - Produced: Accessory-Type_2
2026-05-14 10:50:11 [Thread-2] INFO  model.workers.Supplier - Produced: Accessory-Type_0
2026-05-14 10:50:13 [Thread-2] INFO  model.workers.Supplier - Produced: Accessory-Type_0
2026-05-14 10:50:13 [Thread-4] INFO  model.workers.Supplier - Produced: Accessory-Type_2
2026-05-14 10:50:13 [Thread-3] INFO  model.workers.Supplier - Produced: Accessory-Type_1
2026-05-14 10:50:14 [Thread-5] INFO  model.workers.Dealer - Dealer-0 sold a car
2026-05-14 10:50:15 [Thread-1] INFO  model.workers.Supplier - Produced: Engine
2026-05-14 10:50:15 [Thread-0] INFO  model.workers.Supplier - Produced: Body
2026-05-14 10:50:41 [Thread-5] INFO  model.workers.Dealer - Dealer-0 started
2026-05-14 10:50:43 [Thread-2] INFO  model.workers.Supplier - Produced: Accessory-Type_0
2026-05-14 10:50:43 [Thread-3] INFO  model.workers.Supplier - Produced: Accessory-Type_1
2026-05-14 10:50:43 [Thread-4] INFO  model.workers.Supplier - Produced: Accessory-Type_2
2026-05-14 10:50:46 [Thread-0] INFO  model.workers.Supplier - Produced: Body
2026-05-14 10:50:46 [Thread-1] INFO  model.workers.Supplier - Produced: Engine
2026-05-14 10:50:46 [Thread-2] INFO  model.workers.Supplier - Produced: Accessory-Type_0
2026-05-14 10:50:46 [Thread-4] INFO  model.workers.Supplier - Produced: Accessory-Type_2
2026-05-14 10:50:46 [Thread-3] INFO  model.workers.Supplier - Produced: Accessory-Type_1
2026-05-14 10:50:48 [Thread-3] INFO  model.workers.Supplier - Produced: Accessory-Type_1
2026-05-14 10:50:48 [Thread-2] INFO  model.workers.Supplier - Produced: Accessory-Type_0
2026-05-14 10:50:48 [Thread-4] INFO  model.workers.Supplier - Produced: Accessory-Type_2
2026-05-14 10:50:50 [Thread-1] INFO  model.workers.Supplier - Produced: Engine
2026-05-14 10:50:50 [Thread-0] INFO  model.workers.Supplier - Produced: Body
2026-05-14 10:50:50 [Thread-3] INFO  model.workers.Supplier - Produced: Accessory-Type_1
2026-05-14 10:50:50 [Thread-4] INFO  model.workers.Supplier - Produced: Accessory-Type_2
2026-05-14 10:50:50 [Thread-2] INFO  model.workers.Supplier - Produced: Accessory-Type_0
2026-05-14 10:50:52 [Thread-5] INFO  model.workers.Dealer - Dealer-0 sold a car
2026-05-14 10:50:52 [Thread-2] INFO  model.workers.Supplier - Produced: Accessory-Type_0
2026-05-14 10:50:52 [Thread-4] INFO  model.workers.Supplier - Produced: Accessory-Type_2
2026-05-14 10:50:52 [Thread-3] INFO  model.workers.Supplier - Produced: Accessory-Type_1
2026-05-14 10:50:54 [Thread-0] INFO  model.workers.Supplier - Produced: Body
2026-05-14 10:50:54 [Thread-1] INFO  model.workers.Supplier - Produced: Engine
2026-05-14 10:50:54 [Thread-2] INFO  model.workers.Supplier - Produced: Accessory-Type_0
2026-05-14 10:50:54 [Thread-4] INFO  model.workers.Supplier - Produced: Accessory-Type_2
2026-05-14 10:50:54 [Thread-3] INFO  model.workers.Supplier - Produced: Accessory-Type_1
2026-05-14 10:50:56 [Thread-5] INFO  model.workers.Dealer - Dealer-0 sold a car
2026-05-14 10:50:56 [Thread-3] INFO  model.workers.Supplier - Produced: Accessory-Type_1
2026-05-14 10:50:56 [Thread-2] INFO  model.workers.Supplier - Produced: Accessory-Type_0
2026-05-14 10:50:56 [Thread-4] INFO  model.workers.Supplier - Produced: Accessory-Type_2
2026-05-14 10:50:58 [Thread-1] INFO  model.workers.Supplier - Produced: Engine
2026-05-14 10:50:58 [Thread-0] INFO  model.workers.Supplier - Produced: Body
2026-05-14 10:50:58 [Thread-4] INFO  model.workers.Supplier - Produced: Accessory-Type_2
2026-05-14 10:50:58 [Thread-2] INFO  model.workers.Supplier - Produced: Accessory-Type_0
2026-05-14 10:50:58 [Thread-3] INFO  model.workers.Supplier - Produced: Accessory-Type_1
2026-05-14 10:51:00 [Thread-5] INFO  model.workers.Dealer - Dealer-0 sold a car
2026-05-14 10:51:00 [Thread-2] INFO  model.workers.Supplier - Produced: Accessory-Type_0
2026-05-14 10:51:00 [Thread-4] INFO  model.workers.Supplier - Produced: Accessory-Type_2
2026-05-14 10:51:00 [Thread-3] INFO  model.workers.Supplier - Produced: Accessory-Type_1
2026-05-14 10:51:02 [Thread-0] INFO  model.workers.Supplier - Produced: Body
2026-05-14 10:51:02 [Thread-1] INFO  model.workers.Supplier - Produced: Engine
2026-05-14 10:51:02 [Thread-4] INFO  model.workers.Supplier - Produced: Accessory-Type_2
2026-05-14 10:51:02 [Thread-3] INFO  model.workers.Supplier - Produced: Accessory-Type_1
2026-05-14 10:51:02 [Thread-2] INFO  model.workers.Supplier - Produced: Accessory-Type_0
2026-05-14 10:51:04 [Thread-5] INFO  model.workers.Dealer - Dealer-0 sold a car
2026-05-14 10:51:04 [Thread-3] INFO  model.workers.Supplier - Produced: Accessory-Type_1
2026-05-14 10:51:04 [Thread-4] INFO  model.workers.Supplier - Produced: Accessory-Type_2
2026-05-14 10:51:04 [Thread-2] INFO  model.workers.Supplier - Produced: Accessory-Type_0
2026-05-14 10:51:06 [Thread-0] INFO  model.workers.Supplier - Produced: Body
2026-05-14 10:51:06 [Thread-1] INFO  model.workers.Supplier - Produced: Engine
2026-05-14 10:51:06 [Thread-4] INFO  model.workers.Supplier - Produced: Accessory-Type_2
2026-05-14 10:51:06 [Thread-2] INFO  model.workers.Supplier - Produced: Accessory-Type_0
2026-05-14 10:51:06 [Thread-3] INFO  model.workers.Supplier - Produced: Accessory-Type_1
2026-05-14 10:51:08 [Thread-5] INFO  model.workers.Dealer - Dealer-0 sold a car
2026-05-14 10:51:08 [Thread-4] INFO  model.workers.Supplier - Produced: Accessory-Type_2
2026-05-14 10:51:08 [Thread-2] INFO  model.workers.Supplier - Produced: Accessory-Type_0
2026-05-14 10:51:08 [Thread-3] INFO  model.workers.Supplier - Produced: Accessory-Type_1
2026-05-14 10:51:10 [Thread-1] INFO  model.workers.Supplier - Produced: Engine
2026-05-14 10:51:10 [Thread-0] INFO  model.workers.Supplier - Produced: Body
2026-05-14 10:51:10 [Thread-2] INFO  model.workers.Supplier - Produced: Accessory-Type_0
2026-05-14 10:51:10 [Thread-3] INFO  model.workers.Supplier - Produced: Accessory-Type_1
2026-05-14 10:51:10 [Thread-4] INFO  model.workers.Supplier - Produced: Accessory-Type_2
2026-05-14 10:51:12 [Thread-5] INFO  model.workers.Dealer - Dealer-0 sold a car
2026-05-14 10:51:12 [Thread-4] INFO  model.workers.Supplier - Produced: Accessory-Type_2
2026-05-14 10:51:12 [Thread-2] INFO  model.workers.Supplier - Produced: Accessory-Type_0
2026-05-14 10:51:12 [Thread-3] INFO  model.workers.Supplier - Produced: Accessory-Type_1
2026-05-14 10:51:14 [Thread-1] INFO  model.workers.Supplier - Produced: Engine
2026-05-14 10:51:14 [Thread-0] INFO  model.workers.Supplier - Produced: Body
2026-05-14 10:51:14 [Thread-4] INFO  model.workers.Supplier - Produced: Accessory-Type_2
2026-05-14 10:51:14 [Thread-3] INFO  model.workers.Supplier - Produced: Accessory-Type_1
2026-05-14 10:51:14 [Thread-2] INFO  model.workers.Supplier - Produced: Accessory-Type_0
2026-05-14 10:51:16 [Thread-5] INFO  model.workers.Dealer - Dealer-0 sold a car
2026-05-14 10:51:16 [Thread-2] INFO  model.workers.Supplier - Produced: Accessory-Type_0
2026-05-14 10:51:16 [Thread-4] INFO  model.workers.Supplier - Produced: Accessory-Type_2
2026-05-14 10:51:16 [Thread-3] INFO  model.workers.Supplier - Produced: Accessory-Type_1
2026-05-14 10:51:18 [Thread-1] INFO  model.workers.Supplier - Produced: Engine
2026-05-14 10:51:18 [Thread-0] INFO  model.workers.Supplier - Produced: Body
2026-05-14 10:51:18 [Thread-3] INFO  model.workers.Supplier - Produced: Accessory-Type_1
2026-05-14 10:51:18 [Thread-4] INFO  model.workers.Supplier - Produced: Accessory-Type_2
2026-05-14 10:51:18 [Thread-2] INFO  model.workers.Supplier - Produced: Accessory-Type_0
2026-05-14 10:51:20 [Thread-5] INFO  model.workers.Dealer - Dealer-0 sold a car
2026-05-14 10:51:20 [Thread-2] INFO  model.workers.Supplier - Produced: Accessory-Type_0
2026-05-14 10:51:20 [Thread-4] INFO  model.workers.Supplier - Produced: Accessory-Type_2
2026-05-14 10:51:20 [Thread-3] INFO  model.workers.Supplier - Produced: Accessory-Type_1
2026-05-14 10:51:22 [Thread-1] INFO  model.workers.Supplier - Produced: Engine
2026-05-14 10:51:22 [Thread-0] INFO  model.workers.Supplier - Produced: Body
2026-05-14 10:51:22 [Thread-2] INFO  model.workers.Supplier - Produced: Accessory-Type_0
2026-05-14 10:51:22 [Thread-3] INFO  model.workers.Supplier - Produced: Accessory-Type_1
2026-05-14 10:51:22 [Thread-4] INFO  model.workers.Supplier - Produced: Accessory-Type_2
2026-05-14 10:51:24 [Thread-5] INFO  model.workers.Dealer - Dealer-0 sold a car
2026-05-14 10:51:26 [Thread-0] INFO  model.workers.Supplier - Produced: Body
2026-05-14 10:51:26 [Thread-1] INFO  model.workers.Supplier - Produced: Engine
2026-05-14 10:51:26 [Thread-2] INFO  model.workers.Supplier - Produced: Accessory-Type_0
2026-05-14 10:51:26 [Thread-4] INFO  model.workers.Supplier - Produced: Accessory-Type_2
2026-05-14 10:51:26 [Thread-3] INFO  model.workers.Supplier - Produced: Accessory-Type_1
2026-05-14 10:51:28 [Thread-5] INFO  model.workers.Dealer - Dealer-0 sold a car
2026-05-14 10:51:30 [Thread-0] INFO  model.workers.Supplier - Produced: Body
2026-05-14 10:51:30 [Thread-1] INFO  model.workers.Supplier - Produced: Engine
2026-05-14 10:51:30 [Thread-2] INFO  model.workers.Supplier - Produced: Accessory-Type_0
2026-05-14 10:51:30 [Thread-3] INFO  model.workers.Supplier - Produced: Accessory-Type_1
2026-05-14 10:51:30 [Thread-4] INFO  model.workers.Supplier - Produced: Accessory-Type_2
2026-05-14 10:51:32 [Thread-5] INFO  model.workers.Dealer - Dealer-0 sold a car
2026-05-14 10:51:34 [Thread-0] INFO  model.workers.Supplier - Produced: Body
2026-05-14 10:51:34 [Thread-1] INFO  model.workers.Supplier - Produced: Engine
2026-05-14 10:51:34 [Thread-3] INFO  model.workers.Supplier - Produced: Accessory-Type_1
2026-05-14 10:51:34 [Thread-2] INFO  model.workers.Supplier - Produced: Accessory-Type_0
2026-05-14 10:51:34 [Thread-4] INFO  model.workers.Supplier - Produced: Accessory-Type_2
2026-05-14 10:51:50 [Thread-2] INFO  model.workers.Supplier - Produced: Accessory-Type_0
2026-05-14 10:51:50 [Thread-4] INFO  model.workers.Supplier - Produced: Accessory-Type_2
2026-05-14 10:51:50 [Thread-3] INFO  model.workers.Supplier - Produced: Accessory-Type_1
2026-05-14 10:51:52 [Thread-0] INFO  model.workers.Supplier - Produced: Body
2026-05-14 10:51:52 [Thread-1] INFO  model.workers.Supplier - Produced: Engine
2026-05-14 10:51:52 [Thread-4] INFO  model.workers.Supplier - Produced: Accessory-Type_2
2026-05-14 10:51:52 [Thread-3] INFO  model.workers.Supplier - Produced: Accessory-Type_1
2026-05-14 10:51:52 [Thread-2] INFO  model.workers.Supplier - Produced: Accessory-Type_0
2026-05-14 10:51:54 [Thread-4] INFO  model.workers.Supplier - Produced: Accessory-Type_2
2026-05-14 10:51:54 [Thread-2] INFO  model.workers.Supplier - Produced: Accessory-Type_0
2026-05-14 10:51:54 [Thread-3] INFO  model.workers.Supplier - Produced: Accessory-Type_1
2026-05-14 10:51:56 [Thread-0] INFO  model.workers.Supplier - Produced: Body
2026-05-14 10:51:56 [Thread-1] INFO  model.workers.Supplier - Produced: Engine
2026-05-14 10:51:56 [Thread-4] INFO  model.workers.Supplier - Produced: Accessory-Type_2
2026-05-14 10:51:56 [Thread-3] INFO  model.workers.Supplier - Produced: Accessory-Type_1
2026-05-14 10:51:56 [Thread-2] INFO  model.workers.Supplier - Produced: Accessory-Type_0
2026-05-14 10:51:58 [Thread-3] INFO  model.workers.Supplier - Produced: Accessory-Type_1
2026-05-14 10:51:58 [Thread-4] INFO  model.workers.Supplier - Produced: Accessory-Type_2
2026-05-14 10:51:58 [Thread-2] INFO  model.workers.Supplier - Produced: Accessory-Type_0
2026-05-14 10:52:00 [Thread-0] INFO  model.workers.Supplier - Produced: Body
2026-05-14 10:52:00 [Thread-1] INFO  model.workers.Supplier - Produced: Engine
2026-05-14 10:52:00 [Thread-2] INFO  model.workers.Supplier - Produced: Accessory-Type_0
2026-05-14 10:52:00 [Thread-4] INFO  model.workers.Supplier - Produced: Accessory-Type_2
2026-05-14 10:52:00 [Thread-3] INFO  model.workers.Supplier - Produced: Accessory-Type_1
2026-05-14 10:52:02 [Thread-2] INFO  model.workers.Supplier - Produced: Accessory-Type_0
2026-05-14 10:52:02 [Thread-3] INFO  model.workers.Supplier - Produced: Accessory-Type_1
2026-05-14 10:52:02 [Thread-4] INFO  model.workers.Supplier - Produced: Accessory-Type_2
2026-05-14 10:52:04 [Thread-1] INFO  model.workers.Supplier - Produced: Engine
2026-05-14 10:52:04 [Thread-0] INFO  model.workers.Supplier - Produced: Body
2026-05-14 10:52:04 [Thread-4] INFO  model.workers.Supplier - Produced: Accessory-Type_2
2026-05-14 10:52:04 [Thread-3] INFO  model.workers.Supplier - Produced: Accessory-Type_1
2026-05-14 10:52:04 [Thread-2] INFO  model.workers.Supplier - Produced: Accessory-Type_0
2026-05-14 10:52:06 [Thread-2] INFO  model.workers.Supplier - Produced: Accessory-Type_0
2026-05-14 10:52:06 [Thread-4] INFO  model.workers.Supplier - Produced: Accessory-Type_2
2026-05-14 10:52:06 [Thread-3] INFO  model.workers.Supplier - Produced: Accessory-Type_1
2026-05-14 10:52:08 [Thread-1] INFO  model.workers.Supplier - Produced: Engine
2026-05-14 10:52:08 [Thread-0] INFO  model.workers.Supplier - Produced: Body
2026-05-14 10:52:08 [Thread-3] INFO  model.workers.Supplier - Produced: Accessory-Type_1
2026-05-14 10:52:08 [Thread-4] INFO  model.workers.Supplier - Produced: Accessory-Type_2
2026-05-14 10:52:08 [Thread-2] INFO  model.workers.Supplier - Produced: Accessory-Type_0
2026-05-14 10:52:10 [Thread-4] INFO  model.workers.Supplier - Produced: Accessory-Type_2
2026-05-14 10:52:10 [Thread-2] INFO  model.workers.Supplier - Produced: Accessory-Type_0
2026-05-14 10:52:10 [Thread-3] INFO  model.workers.Supplier - Produced: Accessory-Type_1
2026-05-14 10:52:12 [Thread-1] INFO  model.workers.Supplier - Produced: Engine
2026-05-14 10:52:12 [Thread-0] INFO  model.workers.Supplier - Produced: Body
2026-05-14 10:52:12 [Thread-4] INFO  model.workers.Supplier - Produced: Accessory-Type_2
2026-05-14 10:52:12 [Thread-2] INFO  model.workers.Supplier - Produced: Accessory-Type_0
2026-05-14 10:52:12 [Thread-3] INFO  model.workers.Supplier - Produced: Accessory-Type_1
2026-05-14 10:52:14 [Thread-4] INFO  model.workers.Supplier - Produced: Accessory-Type_2
2026-05-14 10:52:14 [Thread-3] INFO  model.workers.Supplier - Produced: Accessory-Type_1
2026-05-14 10:52:14 [Thread-2] INFO  model.workers.Supplier - Produced: Accessory-Type_0
2026-05-14 10:52:16 [Thread-1] INFO  model.workers.Supplier - Produced: Engine
2026-05-14 10:52:16 [Thread-0] INFO  model.workers.Supplier - Produced: Body
2026-05-14 10:52:16 [Thread-2] INFO  model.workers.Supplier - Produced: Accessory-Type_0
2026-05-14 10:52:16 [Thread-3] INFO  model.workers.Supplier - Produced: Accessory-Type_1
2026-05-14 10:52:16 [Thread-4] INFO  model.workers.Supplier - Produced: Accessory-Type_2
2026-05-14 10:52:18 [Thread-2] INFO  model.workers.Supplier - Produced: Accessory-Type_0
2026-05-14 10:52:18 [Thread-3] INFO  model.workers.Supplier - Produced: Accessory-Type_1
2026-05-14 10:52:18 [Thread-4] INFO  model.workers.Supplier - Produced: Accessory-Type_2
2026-05-14 10:52:20 [Thread-1] INFO  model.workers.Supplier - Produced: Engine
2026-05-14 10:52:20 [Thread-0] INFO  model.workers.Supplier - Produced: Body
2026-05-14 10:52:24 [Thread-1] INFO  model.workers.Supplier - Produced: Engine
2026-05-14 10:52:24 [Thread-0] INFO  model.workers.Supplier - Produced: Body
2026-05-14 10:52:28 [Thread-0] INFO  model.workers.Supplier - Produced: Body
2026-05-14 10:52:28 [Thread-1] INFO  model.workers.Supplier - Produced: Engine
2026-05-29 23:11:29 [Thread-5] INFO  workers.Dealer - Dealer-0 started
2026-05-29 23:11:31 [Thread-2] INFO  workers.Supplier - Produced: Accessory-Type_0
2026-05-29 23:11:31 [Thread-4] INFO  workers.Supplier - Produced: Accessory-Type_2
2026-05-29 23:11:31 [Thread-3] INFO  workers.Supplier - Produced: Accessory-Type_1
2026-05-29 23:11:32 [Thread-1] INFO  workers.Supplier - Produced: Engine
2026-05-29 23:11:33 [Thread-0] INFO  workers.Supplier - Produced: Body
2026-05-29 23:11:33 [Thread-4] INFO  workers.Supplier - Produced: Accessory-Type_2
2026-05-29 23:11:33 [Thread-3] INFO  workers.Supplier - Produced: Accessory-Type_1
2026-05-29 23:11:33 [Thread-2] INFO  workers.Supplier - Produced: Accessory-Type_0
2026-05-29 23:11:35 [Thread-1] INFO  workers.Supplier - Produced: Engine
2026-05-29 23:11:35 [Thread-3] INFO  workers.Supplier - Produced: Accessory-Type_1
2026-05-29 23:11:35 [Thread-4] INFO  workers.Supplier - Produced: Accessory-Type_2
2026-05-29 23:11:35 [Thread-2] INFO  workers.Supplier - Produced: Accessory-Type_0
2026-05-29 23:11:36 [Thread-5] INFO  workers.Dealer - Dealer-0 sold a car
2026-05-29 23:11:37 [Thread-0] INFO  workers.Supplier - Produced: Body
2026-05-29 23:11:37 [Thread-3] INFO  workers.Supplier - Produced: Accessory-Type_1
2026-05-29 23:11:37 [Thread-2] INFO  workers.Supplier - Produced: Accessory-Type_0
2026-05-29 23:11:37 [Thread-4] INFO  workers.Supplier - Produced: Accessory-Type_2
2026-05-29 23:11:38 [Thread-1] INFO  workers.Supplier - Produced: Engine
2026-05-29 23:11:39 [Thread-3] INFO  workers.Supplier - Produced: Accessory-Type_1
2026-05-29 23:11:39 [Thread-4] INFO  workers.Supplier - Produced: Accessory-Type_2
2026-05-29 23:11:39 [Thread-2] INFO  workers.Supplier - Produced: Accessory-Type_0
2026-05-29 23:11:40 [Thread-5] INFO  workers.Dealer - Dealer-0 sold a car
2026-05-29 23:11:41 [Thread-1] INFO  workers.Supplier - Produced: Engine
2026-05-29 23:11:41 [Thread-0] INFO  workers.Supplier - Produced: Body
2026-05-29 23:11:41 [Thread-2] INFO  workers.Supplier - Produced: Accessory-Type_0
2026-05-29 23:11:41 [Thread-4] INFO  workers.Supplier - Produced: Accessory-Type_2
2026-05-29 23:11:41 [Thread-3] INFO  workers.Supplier - Produced: Accessory-Type_1
2026-05-29 23:11:43 [Thread-2] INFO  workers.Supplier - Produced: Accessory-Type_0
2026-05-29 23:11:43 [Thread-3] INFO  workers.Supplier - Produced: Accessory-Type_1
2026-05-29 23:11:43 [Thread-4] INFO  workers.Supplier - Produced: Accessory-Type_2
2026-05-29 23:11:44 [Thread-1] INFO  workers.Supplier - Produced: Engine
2026-05-29 23:11:44 [Thread-5] INFO  workers.Dealer - Dealer-0 sold a car
2026-05-29 23:11:45 [Thread-0] INFO  workers.Supplier - Produced: Body
2026-05-29 23:11:45 [Thread-2] INFO  workers.Supplier - Produced: Accessory-Type_0
2026-05-29 23:11:45 [Thread-3] INFO  workers.Supplier - Produced: Accessory-Type_1
2026-05-29 23:11:45 [Thread-4] INFO  workers.Supplier - Produced: Accessory-Type_2
2026-05-29 23:11:47 [Thread-1] INFO  workers.Supplier - Produced: Engine
2026-05-29 23:11:47 [Thread-4] INFO  workers.Supplier - Produced: Accessory-Type_2
2026-05-29 23:11:47 [Thread-3] INFO  workers.Supplier - Produced: Accessory-Type_1
2026-05-29 23:11:47 [Thread-2] INFO  workers.Supplier - Produced: Accessory-Type_0
2026-05-29 23:11:48 [Thread-5] INFO  workers.Dealer - Dealer-0 sold a car
2026-05-29 23:11:49 [Thread-0] INFO  workers.Supplier - Produced: Body
2026-05-29 23:11:49 [Thread-3] INFO  workers.Supplier - Produced: Accessory-Type_1
2026-05-29 23:11:49 [Thread-2] INFO  workers.Supplier - Produced: Accessory-Type_0
2026-05-29 23:11:49 [Thread-4] INFO  workers.Supplier - Produced: Accessory-Type_2
2026-05-29 23:11:50 [Thread-1] INFO  workers.Supplier - Produced: Engine
2026-05-29 23:21:28 [Thread-5] INFO  workers.Dealer - Dealer-0 started
2026-05-29 23:21:30 [Thread-2] INFO  workers.Supplier - Produced: Accessory-Type_0
2026-05-29 23:21:30 [Thread-3] INFO  workers.Supplier - Produced: Accessory-Type_1
2026-05-29 23:21:30 [Thread-4] INFO  workers.Supplier - Produced: Accessory-Type_2
2026-05-29 23:21:31 [Thread-1] INFO  workers.Supplier - Produced: Engine
2026-05-29 23:21:32 [Thread-4] INFO  workers.Supplier - Produced: Accessory-Type_2
2026-05-29 23:21:32 [Thread-2] INFO  workers.Supplier - Produced: Accessory-Type_0
2026-05-29 23:21:32 [Thread-3] INFO  workers.Supplier - Produced: Accessory-Type_1
2026-05-29 23:21:32 [Thread-0] INFO  workers.Supplier - Produced: Body
2026-05-29 23:21:34 [Thread-3] INFO  workers.Supplier - Produced: Accessory-Type_1
2026-05-29 23:21:34 [Thread-4] INFO  workers.Supplier - Produced: Accessory-Type_2
2026-05-29 23:21:34 [Thread-2] INFO  workers.Supplier - Produced: Accessory-Type_0
2026-05-29 23:21:34 [Thread-1] INFO  workers.Supplier - Produced: Engine
2026-05-29 23:21:35 [Thread-5] INFO  workers.Dealer - Dealer-0 sold a car
2026-05-29 23:21:36 [Thread-4] INFO  workers.Supplier - Produced: Accessory-Type_2
2026-05-29 23:21:36 [Thread-2] INFO  workers.Supplier - Produced: Accessory-Type_0
2026-05-29 23:21:36 [Thread-0] INFO  workers.Supplier - Produced: Body
2026-05-29 23:21:36 [Thread-3] INFO  workers.Supplier - Produced: Accessory-Type_1
2026-05-29 23:21:37 [Thread-1] INFO  workers.Supplier - Produced: Engine
2026-05-29 23:22:28 [Thread-5] INFO  workers.Dealer - Dealer-0 started
2026-05-29 23:22:30 [Thread-3] INFO  workers.Supplier - Produced: Accessory-Type_1
2026-05-29 23:22:30 [Thread-2] INFO  workers.Supplier - Produced: Accessory-Type_0
2026-05-29 23:22:30 [Thread-4] INFO  workers.Supplier - Produced: Accessory-Type_2
2026-05-29 23:22:31 [Thread-1] INFO  workers.Supplier - Produced: Engine
2026-05-29 23:22:32 [Thread-0] INFO  workers.Supplier - Produced: Body
2026-05-29 23:22:32 [Thread-4] INFO  workers.Supplier - Produced: Accessory-Type_2
2026-05-29 23:22:32 [Thread-2] INFO  workers.Supplier - Produced: Accessory-Type_0
2026-05-29 23:22:32 [Thread-3] INFO  workers.Supplier - Produced: Accessory-Type_1
2026-05-29 23:22:34 [Thread-1] INFO  workers.Supplier - Produced: Engine
2026-05-29 23:22:34 [Thread-3] INFO  workers.Supplier - Produced: Accessory-Type_1
2026-05-29 23:22:34 [Thread-4] INFO  workers.Supplier - Produced: Accessory-Type_2
2026-05-29 23:22:34 [Thread-2] INFO  workers.Supplier - Produced: Accessory-Type_0
2026-05-29 23:23:00 [Thread-5] INFO  workers.Dealer - Dealer-0 started
2026-05-29 23:23:02 [Thread-3] INFO  workers.Supplier - Produced: Accessory-Type_1
2026-05-29 23:23:02 [Thread-4] INFO  workers.Supplier - Produced: Accessory-Type_2
2026-05-29 23:23:02 [Thread-2] INFO  workers.Supplier - Produced: Accessory-Type_0
2026-05-29 23:23:03 [Thread-1] INFO  workers.Supplier - Produced: Engine
2026-05-29 23:25:36 [Thread-5] INFO  workers.Dealer - Dealer-0 started
2026-05-29 23:25:38 [Thread-4] INFO  workers.Supplier - Produced: Accessory-Type_2
2026-05-29 23:25:38 [Thread-3] INFO  workers.Supplier - Produced: Accessory-Type_1
2026-05-29 23:25:38 [Thread-2] INFO  workers.Supplier - Produced: Accessory-Type_0
2026-05-29 23:25:39 [Thread-1] INFO  workers.Supplier - Produced: Engine
2026-05-29 23:25:40 [Thread-0] INFO  workers.Supplier - Produced: Body
2026-05-29 23:25:40 [Thread-3] INFO  workers.Supplier - Produced: Accessory-Type_1
2026-05-29 23:25:40 [Thread-4] INFO  workers.Supplier - Produced: Accessory-Type_2
2026-05-29 23:25:40 [Thread-2] INFO  workers.Supplier - Produced: Accessory-Type_0
2026-05-29 23:25:42 [Thread-1] INFO  workers.Supplier - Produced: Engine
2026-05-29 23:25:42 [Thread-2] INFO  workers.Supplier - Produced: Accessory-Type_0
2026-05-29 23:25:42 [Thread-4] INFO  workers.Supplier - Produced: Accessory-Type_2
2026-05-29 23:25:42 [Thread-3] INFO  workers.Supplier - Produced: Accessory-Type_1
2026-05-29 23:25:43 [Thread-5] INFO  workers.Dealer - Dealer-0 sold a car
2026-05-29 23:25:44 [Thread-0] INFO  workers.Supplier - Produced: Body
2026-05-29 23:25:44 [Thread-2] INFO  workers.Supplier - Produced: Accessory-Type_0
2026-05-29 23:25:44 [Thread-4] INFO  workers.Supplier - Produced: Accessory-Type_2
2026-05-29 23:25:44 [Thread-3] INFO  workers.Supplier - Produced: Accessory-Type_1
2026-05-29 23:25:45 [Thread-1] INFO  workers.Supplier - Produced: Engine
2026-05-29 23:25:46 [Thread-3] INFO  workers.Supplier - Produced: Accessory-Type_1
2026-05-29 23:25:46 [Thread-4] INFO  workers.Supplier - Produced: Accessory-Type_2
2026-05-29 23:25:46 [Thread-2] INFO  workers.Supplier - Produced: Accessory-Type_0
2026-05-29 23:25:47 [Thread-5] INFO  workers.Dealer - Dealer-0 sold a car
2026-05-29 23:25:48 [Thread-1] INFO  workers.Supplier - Produced: Engine
2026-05-29 23:25:48 [Thread-0] INFO  workers.Supplier - Produced: Body
2026-05-29 23:25:48 [Thread-2] INFO  workers.Supplier - Produced: Accessory-Type_0
2026-05-29 23:25:48 [Thread-4] INFO  workers.Supplier - Produced: Accessory-Type_2
2026-05-29 23:25:48 [Thread-3] INFO  workers.Supplier - Produced: Accessory-Type_1
2026-05-29 23:25:50 [Thread-2] INFO  workers.Supplier - Produced: Accessory-Type_0
2026-05-29 23:25:50 [Thread-3] INFO  workers.Supplier - Produced: Accessory-Type_1
2026-05-29 23:25:50 [Thread-4] INFO  workers.Supplier - Produced: Accessory-Type_2
2026-05-29 23:27:06 [Thread-5] INFO  workers.Dealer - Dealer-0 started
2026-05-29 23:27:08 [Thread-2] INFO  workers.Supplier - Produced: Accessory-Type_0
2026-05-29 23:27:08 [Thread-4] INFO  workers.Supplier - Produced: Accessory-Type_2
2026-05-29 23:27:08 [Thread-3] INFO  workers.Supplier - Produced: Accessory-Type_1
2026-05-29 23:27:09 [Thread-1] INFO  workers.Supplier - Produced: Engine
2026-05-29 23:27:10 [Thread-2] INFO  workers.Supplier - Produced: Accessory-Type_0
2026-05-29 23:27:10 [Thread-3] INFO  workers.Supplier - Produced: Accessory-Type_1
2026-05-29 23:27:10 [Thread-4] INFO  workers.Supplier - Produced: Accessory-Type_2
2026-05-29 23:27:10 [Thread-0] INFO  workers.Supplier - Produced: Body
2026-05-29 23:27:12 [Thread-4] INFO  workers.Supplier - Produced: Accessory-Type_2
2026-05-29 23:27:12 [Thread-3] INFO  workers.Supplier - Produced: Accessory-Type_1
2026-05-29 23:27:12 [Thread-1] INFO  workers.Supplier - Produced: Engine
2026-05-29 23:27:12 [Thread-2] INFO  workers.Supplier - Produced: Accessory-Type_0
2026-05-29 23:27:47 [Thread-5] INFO  workers.Dealer - Dealer-0 started
2026-05-29 23:27:49 [Thread-3] INFO  workers.Supplier - Produced: Accessory-Type_1
2026-05-29 23:27:49 [Thread-4] INFO  workers.Supplier - Produced: Accessory-Type_2
2026-05-29 23:27:49 [Thread-2] INFO  workers.Supplier - Produced: Accessory-Type_0
2026-05-29 23:27:50 [Thread-1] INFO  workers.Supplier - Produced: Engine
2026-05-29 23:27:51 [Thread-0] INFO  workers.Supplier - Produced: Body
2026-05-29 23:27:51 [Thread-2] INFO  workers.Supplier - Produced: Accessory-Type_0
2026-05-29 23:27:51 [Thread-3] INFO  workers.Supplier - Produced: Accessory-Type_1
2026-05-29 23:27:51 [Thread-4] INFO  workers.Supplier - Produced: Accessory-Type_2
2026-05-29 23:27:53 [Thread-1] INFO  workers.Supplier - Produced: Engine
2026-05-29 23:27:53 [Thread-2] INFO  workers.Supplier - Produced: Accessory-Type_0
2026-05-29 23:27:53 [Thread-3] INFO  workers.Supplier - Produced: Accessory-Type_1
2026-05-29 23:27:53 [Thread-4] INFO  workers.Supplier - Produced: Accessory-Type_2
2026-05-29 23:27:54 [Thread-5] INFO  workers.Dealer - Dealer-0 sold a car
2026-05-29 23:27:55 [Thread-0] INFO  workers.Supplier - Produced: Body
2026-05-29 23:27:55 [Thread-2] INFO  workers.Supplier - Produced: Accessory-Type_0
2026-05-29 23:27:55 [Thread-4] INFO  workers.Supplier - Produced: Accessory-Type_2
2026-05-29 23:27:55 [Thread-3] INFO  workers.Supplier - Produced: Accessory-Type_1
2026-05-29 23:27:56 [Thread-1] INFO  workers.Supplier - Produced: Engine
2026-05-29 23:27:57 [Thread-4] INFO  workers.Supplier - Produced: Accessory-Type_2
2026-05-29 23:27:57 [Thread-3] INFO  workers.Supplier - Produced: Accessory-Type_1
2026-05-29 23:27:57 [Thread-2] INFO  workers.Supplier - Produced: Accessory-Type_0
2026-05-29 23:27:58 [Thread-5] INFO  workers.Dealer - Dealer-0 sold a car
2026-05-29 23:27:59 [Thread-0] INFO  workers.Supplier - Produced: Body
2026-05-29 23:27:59 [Thread-1] INFO  workers.Supplier - Produced: Engine
2026-05-29 23:28:17 [Thread-5] INFO  workers.Dealer - Dealer-0 started
2026-05-29 23:28:19 [Thread-3] INFO  workers.Supplier - Produced: Accessory-Type_1
2026-05-29 23:28:19 [Thread-4] INFO  workers.Supplier - Produced: Accessory-Type_2
2026-05-29 23:28:19 [Thread-2] INFO  workers.Supplier - Produced: Accessory-Type_0
2026-05-29 23:28:20 [Thread-1] INFO  workers.Supplier - Produced: Engine
2026-05-29 23:28:21 [Thread-0] INFO  workers.Supplier - Produced: Body
2026-05-29 23:28:21 [Thread-3] INFO  workers.Supplier - Produced: Accessory-Type_1
2026-05-29 23:28:21 [Thread-4] INFO  workers.Supplier - Produced: Accessory-Type_2
2026-05-29 23:28:21 [Thread-2] INFO  workers.Supplier - Produced: Accessory-Type_0
2026-05-29 23:28:23 [Thread-3] INFO  workers.Supplier - Produced: Accessory-Type_1
2026-05-29 23:28:23 [Thread-4] INFO  workers.Supplier - Produced: Accessory-Type_2
2026-05-29 23:28:23 [Thread-2] INFO  workers.Supplier - Produced: Accessory-Type_0
2026-05-29 23:28:23 [Thread-1] INFO  workers.Supplier - Produced: Engine
2026-05-29 23:28:24 [Thread-5] INFO  workers.Dealer - Dealer-0 sold a car
2026-05-29 23:28:25 [Thread-0] INFO  workers.Supplier - Produced: Body
2026-05-29 23:28:25 [Thread-3] INFO  workers.Supplier - Produced: Accessory-Type_1
2026-05-29 23:28:25 [Thread-2] INFO  workers.Supplier - Produced: Accessory-Type_0
2026-05-29 23:28:25 [Thread-4] INFO  workers.Supplier - Produced: Accessory-Type_2
2026-05-29 23:28:26 [Thread-1] INFO  workers.Supplier - Produced: Engine
2026-05-29 23:28:27 [Thread-2] INFO  workers.Supplier - Produced: Accessory-Type_0
2026-05-29 23:28:27 [Thread-4] INFO  workers.Supplier - Produced: Accessory-Type_2
2026-05-29 23:28:27 [Thread-3] INFO  workers.Supplier - Produced: Accessory-Type_1
2026-05-29 23:28:28 [Thread-5] INFO  workers.Dealer - Dealer-0 sold a car
2026-05-29 23:28:29 [Thread-0] INFO  workers.Supplier - Produced: Body
2026-05-29 23:28:29 [Thread-1] INFO  workers.Supplier - Produced: Engine
2026-05-29 23:28:29 [Thread-3] INFO  workers.Supplier - Produced: Accessory-Type_1
2026-05-29 23:28:29 [Thread-4] INFO  workers.Supplier - Produced: Accessory-Type_2
2026-05-29 23:28:29 [Thread-2] INFO  workers.Supplier - Produced: Accessory-Type_0
2026-05-29 23:28:31 [Thread-3] INFO  workers.Supplier - Produced: Accessory-Type_1
2026-05-29 23:28:31 [Thread-2] INFO  workers.Supplier - Produced: Accessory-Type_0
2026-05-29 23:28:31 [Thread-4] INFO  workers.Supplier - Produced: Accessory-Type_2
2026-05-29 23:33:16 [Thread-5] INFO  workers.Dealer - Dealer-0 started
2026-05-29 23:33:18 [Thread-2] INFO  workers.Supplier - Produced: Accessory-Type_0
2026-05-29 23:33:18 [Thread-3] INFO  workers.Supplier - Produced: Accessory-Type_1
2026-05-29 23:33:18 [Thread-4] INFO  workers.Supplier - Produced: Accessory-Type_2
2026-05-29 23:33:19 [Thread-1] INFO  workers.Supplier - Produced: Engine
2026-05-29 23:33:20 [Thread-0] INFO  workers.Supplier - Produced: Body
2026-05-29 23:33:20 [Thread-2] INFO  workers.Supplier - Produced: Accessory-Type_0
2026-05-29 23:33:20 [Thread-3] INFO  workers.Supplier - Produced: Accessory-Type_1
2026-05-29 23:33:20 [Thread-4] INFO  workers.Supplier - Produced: Accessory-Type_2
2026-05-29 23:33:22 [Thread-1] INFO  workers.Supplier - Produced: Engine
2026-05-29 23:33:22 [Thread-4] INFO  workers.Supplier - Produced: Accessory-Type_2
2026-05-29 23:33:22 [Thread-3] INFO  workers.Supplier - Produced: Accessory-Type_1
2026-05-29 23:33:22 [Thread-2] INFO  workers.Supplier - Produced: Accessory-Type_0
2026-05-29 23:33:23 [Thread-5] INFO  workers.Dealer - Dealer-0 sold a car
2026-05-29 23:33:24 [Thread-0] INFO  workers.Supplier - Produced: Body
2026-05-29 23:33:24 [Thread-2] INFO  workers.Supplier - Produced: Accessory-Type_0
2026-05-29 23:33:24 [Thread-4] INFO  workers.Supplier - Produced: Accessory-Type_2
2026-05-29 23:33:24 [Thread-3] INFO  workers.Supplier - Produced: Accessory-Type_1
2026-05-29 23:33:25 [Thread-1] INFO  workers.Supplier - Produced: Engine
2026-05-29 23:33:26 [Thread-3] INFO  workers.Supplier - Produced: Accessory-Type_1
2026-05-29 23:33:26 [Thread-2] INFO  workers.Supplier - Produced: Accessory-Type_0
2026-05-29 23:33:26 [Thread-4] INFO  workers.Supplier - Produced: Accessory-Type_2
2026-05-29 23:33:27 [Thread-5] INFO  workers.Dealer - Dealer-0 sold a car
2026-05-29 23:33:28 [Thread-0] INFO  workers.Supplier - Produced: Body
2026-05-29 23:33:28 [Thread-1] INFO  workers.Supplier - Produced: Engine
2026-05-29 23:33:28 [Thread-4] INFO  workers.Supplier - Produced: Accessory-Type_2
2026-05-29 23:33:28 [Thread-2] INFO  workers.Supplier - Produced: Accessory-Type_0
2026-05-29 23:33:28 [Thread-3] INFO  workers.Supplier - Produced: Accessory-Type_1
2026-05-29 23:33:30 [Thread-2] INFO  workers.Supplier - Produced: Accessory-Type_0
2026-05-29 23:33:30 [Thread-3] INFO  workers.Supplier - Produced: Accessory-Type_1
2026-05-29 23:33:30 [Thread-4] INFO  workers.Supplier - Produced: Accessory-Type_2
2026-05-29 23:33:31 [Thread-5] INFO  workers.Dealer - Dealer-0 sold a car
2026-05-29 23:33:31 [Thread-1] INFO  workers.Supplier - Produced: Engine
2026-05-29 23:33:32 [Thread-0] INFO  workers.Supplier - Produced: Body
2026-05-29 23:33:32 [Thread-3] INFO  workers.Supplier - Produced: Accessory-Type_1
2026-05-29 23:33:32 [Thread-2] INFO  workers.Supplier - Produced: Accessory-Type_0
2026-05-29 23:33:32 [Thread-4] INFO  workers.Supplier - Produced: Accessory-Type_2
2026-05-29 23:33:34 [Thread-1] INFO  workers.Supplier - Produced: Engine
2026-05-29 23:33:34 [Thread-2] INFO  workers.Supplier - Produced: Accessory-Type_0
2026-05-29 23:33:34 [Thread-4] INFO  workers.Supplier - Produced: Accessory-Type_2
2026-05-29 23:33:34 [Thread-3] INFO  workers.Supplier - Produced: Accessory-Type_1
2026-05-29 23:33:35 [Thread-5] INFO  workers.Dealer - Dealer-0 sold a car
2026-05-29 23:33:36 [Thread-0] INFO  workers.Supplier - Produced: Body
2026-05-29 23:33:36 [Thread-2] INFO  workers.Supplier - Produced: Accessory-Type_0
2026-05-29 23:33:36 [Thread-4] INFO  workers.Supplier - Produced: Accessory-Type_2
2026-05-29 23:33:36 [Thread-3] INFO  workers.Supplier - Produced: Accessory-Type_1
2026-05-29 23:33:37 [Thread-1] INFO  workers.Supplier - Produced: Engine
2026-05-29 23:33:38 [Thread-3] INFO  workers.Supplier - Produced: Accessory-Type_1
2026-05-29 23:33:38 [Thread-4] INFO  workers.Supplier - Produced: Accessory-Type_2
2026-05-29 23:33:38 [Thread-2] INFO  workers.Supplier - Produced: Accessory-Type_0
2026-05-29 23:33:39 [Thread-5] INFO  workers.Dealer - Dealer-0 sold a car
2026-05-29 23:33:40 [Thread-1] INFO  workers.Supplier - Produced: Engine
2026-05-29 23:33:40 [Thread-0] INFO  workers.Supplier - Produced: Body
2026-05-29 23:33:40 [Thread-3] INFO  workers.Supplier - Produced: Accessory-Type_1
2026-05-29 23:33:40 [Thread-2] INFO  workers.Supplier - Produced: Accessory-Type_0
2026-05-29 23:33:40 [Thread-4] INFO  workers.Supplier - Produced: Accessory-Type_2
2026-05-29 23:34:59 [Thread-5] INFO  workers.Dealer - Dealer-0 started
2026-05-29 23:35:01 [Thread-2] INFO  workers.Supplier - Produced: Accessory-Type_0
2026-05-29 23:35:01 [Thread-3] INFO  workers.Supplier - Produced: Accessory-Type_1
2026-05-29 23:35:01 [Thread-4] INFO  workers.Supplier - Produced: Accessory-Type_2
2026-05-29 23:35:02 [Thread-1] INFO  workers.Supplier - Produced: Engine
2026-05-29 23:35:03 [Thread-0] INFO  workers.Supplier - Produced: Body
2026-05-29 23:35:03 [Thread-4] INFO  workers.Supplier - Produced: Accessory-Type_2
2026-05-29 23:35:03 [Thread-3] INFO  workers.Supplier - Produced: Accessory-Type_1
2026-05-29 23:35:03 [Thread-2] INFO  workers.Supplier - Produced: Accessory-Type_0
2026-05-29 23:35:05 [Thread-1] INFO  workers.Supplier - Produced: Engine
2026-05-29 23:35:05 [Thread-2] INFO  workers.Supplier - Produced: Accessory-Type_0
2026-05-29 23:35:05 [Thread-4] INFO  workers.Supplier - Produced: Accessory-Type_2
2026-05-29 23:35:05 [Thread-3] INFO  workers.Supplier - Produced: Accessory-Type_1
2026-05-29 23:35:06 [Thread-5] INFO  workers.Dealer - Dealer-0 sold a car
2026-05-29 23:35:07 [Thread-0] INFO  workers.Supplier - Produced: Body
2026-05-29 23:35:07 [Thread-4] INFO  workers.Supplier - Produced: Accessory-Type_2
2026-05-29 23:35:07 [Thread-2] INFO  workers.Supplier - Produced: Accessory-Type_0
2026-05-29 23:35:07 [Thread-3] INFO  workers.Supplier - Produced: Accessory-Type_1
2026-05-29 23:35:08 [Thread-1] INFO  workers.Supplier - Produced: Engine
2026-05-29 23:35:09 [Thread-2] INFO  workers.Supplier - Produced: Accessory-Type_0
2026-05-29 23:35:09 [Thread-3] INFO  workers.Supplier - Produced: Accessory-Type_1
2026-05-29 23:35:09 [Thread-4] INFO  workers.Supplier - Produced: Accessory-Type_2
2026-05-29 23:35:10 [Thread-5] INFO  workers.Dealer - Dealer-0 sold a car
2026-05-29 23:35:11 [Thread-0] INFO  workers.Supplier - Produced: Body
2026-05-29 23:35:11 [Thread-1] INFO  workers.Supplier - Produced: Engine
2026-05-29 23:35:11 [Thread-4] INFO  workers.Supplier - Produced: Accessory-Type_2
2026-05-29 23:35:11 [Thread-3] INFO  workers.Supplier - Produced: Accessory-Type_1
2026-05-29 23:35:11 [Thread-2] INFO  workers.Supplier - Produced: Accessory-Type_0
2026-05-29 23:35:13 [Thread-3] INFO  workers.Supplier - Produced: Accessory-Type_1
2026-05-29 23:35:13 [Thread-4] INFO  workers.Supplier - Produced: Accessory-Type_2
2026-05-29 23:35:13 [Thread-2] INFO  workers.Supplier - Produced: Accessory-Type_0
2026-05-29 23:35:14 [Thread-5] INFO  workers.Dealer - Dealer-0 sold a car
2026-05-29 23:35:14 [Thread-1] INFO  workers.Supplier - Produced: Engine
2026-05-29 23:35:15 [Thread-0] INFO  workers.Supplier - Produced: Body
2026-05-29 23:35:15 [Thread-4] INFO  workers.Supplier - Produced: Accessory-Type_2
2026-05-29 23:35:15 [Thread-2] INFO  workers.Supplier - Produced: Accessory-Type_0
2026-05-29 23:35:15 [Thread-3] INFO  workers.Supplier - Produced: Accessory-Type_1
2026-05-29 23:35:17 [Thread-1] INFO  workers.Supplier - Produced: Engine
2026-05-29 23:35:17 [Thread-3] INFO  workers.Supplier - Produced: Accessory-Type_1
2026-05-29 23:35:17 [Thread-4] INFO  workers.Supplier - Produced: Accessory-Type_2
2026-05-29 23:35:17 [Thread-2] INFO  workers.Supplier - Produced: Accessory-Type_0
2026-05-29 23:35:18 [Thread-5] INFO  workers.Dealer - Dealer-0 sold a car
2026-05-29 23:35:19 [Thread-0] INFO  workers.Supplier - Produced: Body
2026-05-29 23:35:19 [Thread-4] INFO  workers.Supplier - Produced: Accessory-Type_2
2026-05-29 23:35:19 [Thread-3] INFO  workers.Supplier - Produced: Accessory-Type_1
2026-05-29 23:35:19 [Thread-2] INFO  workers.Supplier - Produced: Accessory-Type_0
2026-05-29 23:35:20 [Thread-1] INFO  workers.Supplier - Produced: Engine
2026-05-29 23:35:21 [Thread-4] INFO  workers.Supplier - Produced: Accessory-Type_2
2026-05-29 23:35:21 [Thread-2] INFO  workers.Supplier - Produced: Accessory-Type_0
2026-05-29 23:35:21 [Thread-3] INFO  workers.Supplier - Produced: Accessory-Type_1
2026-05-29 23:35:22 [Thread-5] INFO  workers.Dealer - Dealer-0 sold a car
2026-05-29 23:36:09 [Thread-5] INFO  workers.Dealer - Dealer-0 started
2026-05-29 23:36:11 [Thread-4] INFO  workers.Supplier - Produced: Accessory-Type_2
2026-05-29 23:36:11 [Thread-3] INFO  workers.Supplier - Produced: Accessory-Type_1
2026-05-29 23:36:11 [Thread-2] INFO  workers.Supplier - Produced: Accessory-Type_0
2026-05-29 23:36:12 [Thread-1] INFO  workers.Supplier - Produced: Engine
2026-05-29 23:36:13 [Thread-2] INFO  workers.Supplier - Produced: Accessory-Type_0
2026-05-29 23:36:13 [Thread-4] INFO  workers.Supplier - Produced: Accessory-Type_2
2026-05-29 23:36:13 [Thread-3] INFO  workers.Supplier - Produced: Accessory-Type_1
2026-05-29 23:36:13 [Thread-0] INFO  workers.Supplier - Produced: Body
2026-05-29 23:36:15 [Thread-3] INFO  workers.Supplier - Produced: Accessory-Type_1
2026-05-29 23:36:15 [Thread-1] INFO  workers.Supplier - Produced: Engine
2026-05-29 23:36:15 [Thread-4] INFO  workers.Supplier - Produced: Accessory-Type_2
2026-05-29 23:36:15 [Thread-2] INFO  workers.Supplier - Produced: Accessory-Type_0
2026-05-29 23:36:16 [Thread-5] INFO  workers.Dealer - Dealer-0 sold a car
2026-05-29 23:36:17 [Thread-0] INFO  workers.Supplier - Produced: Body
2026-05-29 23:36:17 [Thread-2] INFO  workers.Supplier - Produced: Accessory-Type_0
2026-05-29 23:36:17 [Thread-3] INFO  workers.Supplier - Produced: Accessory-Type_1
2026-05-29 23:36:17 [Thread-4] INFO  workers.Supplier - Produced: Accessory-Type_2
2026-05-29 23:36:18 [Thread-1] INFO  workers.Supplier - Produced: Engine
2026-05-29 23:36:19 [Thread-2] INFO  workers.Supplier - Produced: Accessory-Type_0
2026-05-29 23:36:19 [Thread-4] INFO  workers.Supplier - Produced: Accessory-Type_2
2026-05-29 23:36:19 [Thread-3] INFO  workers.Supplier - Produced: Accessory-Type_1
2026-05-29 23:36:20 [Thread-5] INFO  workers.Dealer - Dealer-0 sold a car
2026-05-29 23:36:21 [Thread-0] INFO  workers.Supplier - Produced: Body
2026-05-29 23:36:21 [Thread-1] INFO  workers.Supplier - Produced: Engine
2026-05-29 23:36:21 [Thread-3] INFO  workers.Supplier - Produced: Accessory-Type_1
2026-05-29 23:36:21 [Thread-2] INFO  workers.Supplier - Produced: Accessory-Type_0
2026-05-29 23:36:21 [Thread-4] INFO  workers.Supplier - Produced: Accessory-Type_2
2026-05-29 23:36:23 [Thread-2] INFO  workers.Supplier - Produced: Accessory-Type_0
2026-05-29 23:36:23 [Thread-4] INFO  workers.Supplier - Produced: Accessory-Type_2
2026-05-29 23:36:23 [Thread-3] INFO  workers.Supplier - Produced: Accessory-Type_1
2026-05-29 23:38:43 [Thread-5] INFO  workers.Dealer - Dealer-0 started
2026-05-29 23:38:45 [Thread-3] INFO  workers.Supplier - Produced: Accessory-Type_1
2026-05-29 23:38:45 [Thread-2] INFO  workers.Supplier - Produced: Accessory-Type_0
2026-05-29 23:38:45 [Thread-4] INFO  workers.Supplier - Produced: Accessory-Type_2
2026-05-29 23:38:46 [Thread-1] INFO  workers.Supplier - Produced: Engine
2026-05-29 23:38:47 [Thread-0] INFO  workers.Supplier - Produced: Body
2026-05-29 23:38:47 [Thread-2] INFO  workers.Supplier - Produced: Accessory-Type_0
2026-05-29 23:38:47 [Thread-4] INFO  workers.Supplier - Produced: Accessory-Type_2
2026-05-29 23:38:47 [Thread-3] INFO  workers.Supplier - Produced: Accessory-Type_1
2026-05-29 23:38:49 [Thread-1] INFO  workers.Supplier - Produced: Engine
2026-05-29 23:38:49 [Thread-3] INFO  workers.Supplier - Produced: Accessory-Type_1
2026-05-29 23:38:49 [Thread-4] INFO  workers.Supplier - Produced: Accessory-Type_2
2026-05-29 23:38:49 [Thread-2] INFO  workers.Supplier - Produced: Accessory-Type_0
2026-05-29 23:38:50 [Thread-5] INFO  workers.Dealer - Dealer-0 sold a car
2026-05-29 23:38:51 [Thread-0] INFO  workers.Supplier - Produced: Body
2026-05-29 23:38:51 [Thread-4] INFO  workers.Supplier - Produced: Accessory-Type_2
2026-05-29 23:38:51 [Thread-2] INFO  workers.Supplier - Produced: Accessory-Type_0
2026-05-29 23:38:51 [Thread-3] INFO  workers.Supplier - Produced: Accessory-Type_1
2026-05-29 23:38:52 [Thread-1] INFO  workers.Supplier - Produced: Engine
2026-05-29 23:38:53 [Thread-2] INFO  workers.Supplier - Produced: Accessory-Type_0
2026-05-29 23:38:53 [Thread-4] INFO  workers.Supplier - Produced: Accessory-Type_2
2026-05-29 23:38:53 [Thread-3] INFO  workers.Supplier - Produced: Accessory-Type_1
2026-05-29 23:38:54 [Thread-5] INFO  workers.Dealer - Dealer-0 sold a car
2026-05-29 23:38:55 [Thread-1] INFO  workers.Supplier - Produced: Engine
2026-05-29 23:38:55 [Thread-0] INFO  workers.Supplier - Produced: Body
2026-05-29 23:38:55 [Thread-3] INFO  workers.Supplier - Produced: Accessory-Type_1
2026-05-29 23:38:55 [Thread-2] INFO  workers.Supplier - Produced: Accessory-Type_0
2026-05-29 23:38:55 [Thread-4] INFO  workers.Supplier - Produced: Accessory-Type_2
2026-05-29 23:38:57 [Thread-4] INFO  workers.Supplier - Produced: Accessory-Type_2
2026-05-29 23:38:57 [Thread-3] INFO  workers.Supplier - Produced: Accessory-Type_1
2026-05-29 23:38:57 [Thread-2] INFO  workers.Supplier - Produced: Accessory-Type_0
2026-05-29 23:38:58 [Thread-5] INFO  workers.Dealer - Dealer-0 sold a car
2026-05-29 23:38:58 [Thread-1] INFO  workers.Supplier - Produced: Engine
2026-05-29 23:38:59 [Thread-0] INFO  workers.Supplier - Produced: Body
2026-05-29 23:38:59 [Thread-3] INFO  workers.Supplier - Produced: Accessory-Type_1
2026-05-29 23:38:59 [Thread-4] INFO  workers.Supplier - Produced: Accessory-Type_2
2026-05-29 23:38:59 [Thread-2] INFO  workers.Supplier - Produced: Accessory-Type_0
2026-05-29 23:39:01 [Thread-1] INFO  workers.Supplier - Produced: Engine
2026-05-29 23:39:01 [Thread-2] INFO  workers.Supplier - Produced: Accessory-Type_0
2026-05-29 23:39:01 [Thread-4] INFO  workers.Supplier - Produced: Accessory-Type_2
2026-05-29 23:39:01 [Thread-3] INFO  workers.Supplier - Produced: Accessory-Type_1
2026-05-29 23:39:02 [Thread-5] INFO  workers.Dealer - Dealer-0 sold a car
2026-05-29 23:39:03 [Thread-0] INFO  workers.Supplier - Produced: Body
2026-05-29 23:39:03 [Thread-3] INFO  workers.Supplier - Produced: Accessory-Type_1
2026-05-29 23:39:03 [Thread-2] INFO  workers.Supplier - Produced: Accessory-Type_0
2026-05-29 23:39:03 [Thread-4] INFO  workers.Supplier - Produced: Accessory-Type_2
2026-05-29 23:39:04 [Thread-1] INFO  workers.Supplier - Produced: Engine
2026-05-29 23:39:05 [Thread-2] INFO  workers.Supplier - Produced: Accessory-Type_0
2026-05-29 23:39:05 [Thread-3] INFO  workers.Supplier - Produced: Accessory-Type_1
2026-05-29 23:39:05 [Thread-4] INFO  workers.Supplier - Produced: Accessory-Type_2
2026-05-29 23:39:06 [Thread-5] INFO  workers.Dealer - Dealer-0 sold a car
2026-05-29 23:39:07 [Thread-0] INFO  workers.Supplier - Produced: Body
2026-05-29 23:39:07 [Thread-1] INFO  workers.Supplier - Produced: Engine
2026-05-29 23:39:07 [Thread-2] INFO  workers.Supplier - Produced: Accessory-Type_0
2026-05-29 23:39:07 [Thread-3] INFO  workers.Supplier - Produced: Accessory-Type_1
2026-05-29 23:39:07 [Thread-4] INFO  workers.Supplier - Produced: Accessory-Type_2
2026-05-29 23:39:09 [Thread-2] INFO  workers.Supplier - Produced: Accessory-Type_0
2026-05-29 23:39:09 [Thread-4] INFO  workers.Supplier - Produced: Accessory-Type_2
2026-05-29 23:39:09 [Thread-3] INFO  workers.Supplier - Produced: Accessory-Type_1
2026-05-29 23:39:10 [Thread-5] INFO  workers.Dealer - Dealer-0 sold a car
2026-05-29 23:39:10 [Thread-1] INFO  workers.Supplier - Produced: Engine
2026-05-29 23:39:11 [Thread-0] INFO  workers.Supplier - Produced: Body
2026-05-29 23:39:11 [Thread-4] INFO  workers.Supplier - Produced: Accessory-Type_2
2026-05-29 23:39:11 [Thread-3] INFO  workers.Supplier - Produced: Accessory-Type_1
2026-05-29 23:39:11 [Thread-2] INFO  workers.Supplier - Produced: Accessory-Type_0
2026-05-29 23:39:13 [Thread-1] INFO  workers.Supplier - Produced: Engine
2026-05-29 23:39:13 [Thread-4] INFO  workers.Supplier - Produced: Accessory-Type_2
2026-05-29 23:39:13 [Thread-2] INFO  workers.Supplier - Produced: Accessory-Type_0
2026-05-29 23:39:13 [Thread-3] INFO  workers.Supplier - Produced: Accessory-Type_1
2026-05-29 23:39:14 [Thread-5] INFO  workers.Dealer - Dealer-0 sold a car
2026-05-29 23:39:15 [Thread-0] INFO  workers.Supplier - Produced: Body
2026-05-29 23:39:15 [Thread-4] INFO  workers.Supplier - Produced: Accessory-Type_2
2026-05-29 23:39:15 [Thread-2] INFO  workers.Supplier - Produced: Accessory-Type_0
2026-05-29 23:39:15 [Thread-3] INFO  workers.Supplier - Produced: Accessory-Type_1
2026-05-29 23:39:16 [Thread-1] INFO  workers.Supplier - Produced: Engine
2026-05-29 23:39:17 [Thread-3] INFO  workers.Supplier - Produced: Accessory-Type_1
2026-05-29 23:39:17 [Thread-2] INFO  workers.Supplier - Produced: Accessory-Type_0
2026-05-29 23:39:17 [Thread-4] INFO  workers.Supplier - Produced: Accessory-Type_2
2026-05-29 23:39:18 [Thread-5] INFO  workers.Dealer - Dealer-0 sold a car
2026-05-29 23:39:19 [Thread-0] INFO  workers.Supplier - Produced: Body
2026-05-29 23:39:19 [Thread-1] INFO  workers.Supplier - Produced: Engine
2026-05-29 23:39:19 [Thread-3] INFO  workers.Supplier - Produced: Accessory-Type_1
2026-05-29 23:39:19 [Thread-2] INFO  workers.Supplier - Produced: Accessory-Type_0
2026-05-29 23:39:19 [Thread-4] INFO  workers.Supplier - Produced: Accessory-Type_2
2026-05-29 23:39:21 [Thread-4] INFO  workers.Supplier - Produced: Accessory-Type_2
2026-05-29 23:39:21 [Thread-2] INFO  workers.Supplier - Produced: Accessory-Type_0
2026-05-29 23:39:21 [Thread-3] INFO  workers.Supplier - Produced: Accessory-Type_1
2026-05-29 23:39:22 [Thread-5] INFO  workers.Dealer - Dealer-0 sold a car
2026-05-29 23:39:22 [Thread-1] INFO  workers.Supplier - Produced: Engine
2026-05-29 23:39:23 [Thread-0] INFO  workers.Supplier - Produced: Body
2026-05-29 23:39:23 [Thread-2] INFO  workers.Supplier - Produced: Accessory-Type_0
2026-05-29 23:39:23 [Thread-3] INFO  workers.Supplier - Produced: Accessory-Type_1
2026-05-29 23:39:23 [Thread-4] INFO  workers.Supplier - Produced: Accessory-Type_2
2026-05-29 23:39:25 [Thread-1] INFO  workers.Supplier - Produced: Engine
2026-05-29 23:39:26 [Thread-5] INFO  workers.Dealer - Dealer-0 sold a car
2026-05-29 23:39:27 [Thread-0] INFO  workers.Supplier - Produced: Body
2026-05-29 23:39:27 [Thread-2] INFO  workers.Supplier - Produced: Accessory-Type_0
2026-05-29 23:39:27 [Thread-4] INFO  workers.Supplier - Produced: Accessory-Type_2
2026-05-29 23:39:27 [Thread-3] INFO  workers.Supplier - Produced: Accessory-Type_1
2026-05-29 23:39:28 [Thread-1] INFO  workers.Supplier - Produced: Engine
2026-05-29 23:39:30 [Thread-5] INFO  workers.Dealer - Dealer-0 sold a car
2026-05-29 23:39:31 [Thread-0] INFO  workers.Supplier - Produced: Body
2026-05-29 23:39:31 [Thread-2] INFO  workers.Supplier - Produced: Accessory-Type_0
2026-05-29 23:39:31 [Thread-4] INFO  workers.Supplier - Produced: Accessory-Type_2
2026-05-29 23:39:31 [Thread-3] INFO  workers.Supplier - Produced: Accessory-Type_1
2026-05-29 23:39:31 [Thread-1] INFO  workers.Supplier - Produced: Engine
2026-05-30 00:20:52 [Thread-0] INFO  workers.Dealer - Dealer-1 started
2026-05-30 00:20:52 [Thread-0] INFO  workers.Dealer - Dealer-1 sold a car
2026-05-30 00:20:52 [Thread-0] WARN  workers.Dealer - Dealer-1 was interrupted
2026-05-30 00:24:43 [Thread-5] INFO  workers.Dealer - Dealer-0 started
2026-05-30 00:24:45 [Thread-4] INFO  workers.Supplier - Produced: Accessory-Type_2
2026-05-30 00:24:45 [Thread-2] INFO  workers.Supplier - Produced: Accessory-Type_0
2026-05-30 00:24:45 [Thread-3] INFO  workers.Supplier - Produced: Accessory-Type_1
2026-05-30 00:24:46 [Thread-1] INFO  workers.Supplier - Produced: Engine
2026-05-30 00:24:47 [Thread-0] INFO  workers.Supplier - Produced: Body
2026-05-30 00:24:47 [Thread-2] INFO  workers.Supplier - Produced: Accessory-Type_0
2026-05-30 00:24:47 [Thread-3] INFO  workers.Supplier - Produced: Accessory-Type_1
2026-05-30 00:24:47 [Thread-4] INFO  workers.Supplier - Produced: Accessory-Type_2
2026-05-30 00:24:49 [Thread-1] INFO  workers.Supplier - Produced: Engine
2026-05-30 00:24:49 [Thread-2] INFO  workers.Supplier - Produced: Accessory-Type_0
2026-05-30 00:24:49 [Thread-4] INFO  workers.Supplier - Produced: Accessory-Type_2
2026-05-30 00:24:49 [Thread-3] INFO  workers.Supplier - Produced: Accessory-Type_1
2026-05-30 00:24:50 [Thread-5] INFO  workers.Dealer - Dealer-0 sold a car
2026-05-30 00:24:51 [Thread-0] INFO  workers.Supplier - Produced: Body
2026-05-30 00:24:51 [Thread-2] INFO  workers.Supplier - Produced: Accessory-Type_0
2026-05-30 00:24:51 [Thread-4] INFO  workers.Supplier - Produced: Accessory-Type_2
2026-05-30 00:24:51 [Thread-3] INFO  workers.Supplier - Produced: Accessory-Type_1
2026-05-30 00:24:52 [Thread-1] INFO  workers.Supplier - Produced: Engine
2026-05-30 00:24:53 [Thread-3] INFO  workers.Supplier - Produced: Accessory-Type_1
2026-05-30 00:24:53 [Thread-2] INFO  workers.Supplier - Produced: Accessory-Type_0
2026-05-30 00:24:53 [Thread-4] INFO  workers.Supplier - Produced: Accessory-Type_2
2026-05-30 00:24:54 [Thread-5] INFO  workers.Dealer - Dealer-0 sold a car
2026-05-30 00:24:55 [Thread-0] INFO  workers.Supplier - Produced: Body
2026-05-30 00:24:55 [Thread-1] INFO  workers.Supplier - Produced: Engine
2026-05-30 00:24:55 [Thread-4] INFO  workers.Supplier - Produced: Accessory-Type_2
2026-05-30 00:24:55 [Thread-2] INFO  workers.Supplier - Produced: Accessory-Type_0
2026-05-30 00:24:55 [Thread-3] INFO  workers.Supplier - Produced: Accessory-Type_1
2026-05-30 00:24:57 [Thread-3] INFO  workers.Supplier - Produced: Accessory-Type_1
2026-05-30 00:24:57 [Thread-2] INFO  workers.Supplier - Produced: Accessory-Type_0
2026-05-30 00:24:57 [Thread-4] INFO  workers.Supplier - Produced: Accessory-Type_2
2026-05-30 00:24:58 [Thread-5] INFO  workers.Dealer - Dealer-0 sold a car
2026-05-30 00:24:58 [Thread-1] INFO  workers.Supplier - Produced: Engine
2026-05-30 00:24:59 [Thread-0] INFO  workers.Supplier - Produced: Body
2026-05-30 00:24:59 [Thread-4] INFO  workers.Supplier - Produced: Accessory-Type_2
2026-05-30 00:24:59 [Thread-2] INFO  workers.Supplier - Produced: Accessory-Type_0
2026-05-30 00:24:59 [Thread-3] INFO  workers.Supplier - Produced: Accessory-Type_1
2026-05-30 00:25:01 [Thread-1] INFO  workers.Supplier - Produced: Engine
2026-05-30 00:25:01 [Thread-2] INFO  workers.Supplier - Produced: Accessory-Type_0
2026-05-30 00:25:01 [Thread-3] INFO  workers.Supplier - Produced: Accessory-Type_1
2026-05-30 00:25:01 [Thread-4] INFO  workers.Supplier - Produced: Accessory-Type_2
2026-05-30 00:25:02 [Thread-5] INFO  workers.Dealer - Dealer-0 sold a car
2026-05-30 00:25:03 [Thread-0] INFO  workers.Supplier - Produced: Body
2026-05-30 00:25:03 [Thread-2] INFO  workers.Supplier - Produced: Accessory-Type_0
2026-05-30 00:25:03 [Thread-4] INFO  workers.Supplier - Produced: Accessory-Type_2
2026-05-30 00:25:03 [Thread-3] INFO  workers.Supplier - Produced: Accessory-Type_1
2026-05-30 00:25:04 [Thread-1] INFO  workers.Supplier - Produced: Engine
2026-05-30 00:25:05 [Thread-2] INFO  workers.Supplier - Produced: Accessory-Type_0
2026-05-30 00:25:05 [Thread-3] INFO  workers.Supplier - Produced: Accessory-Type_1
2026-05-30 00:25:05 [Thread-4] INFO  workers.Supplier - Produced: Accessory-Type_2
2026-05-30 00:25:06 [Thread-5] INFO  workers.Dealer - Dealer-0 sold a car
2026-05-30 00:25:07 [Thread-0] INFO  workers.Supplier - Produced: Body
2026-05-30 00:25:07 [Thread-1] INFO  workers.Supplier - Produced: Engine
2026-05-30 00:25:07 [Thread-2] INFO  workers.Supplier - Produced: Accessory-Type_0
2026-05-30 00:25:07 [Thread-4] INFO  workers.Supplier - Produced: Accessory-Type_2
2026-05-30 00:25:07 [Thread-3] INFO  workers.Supplier - Produced: Accessory-Type_1
2026-05-30 00:25:09 [Thread-2] INFO  workers.Supplier - Produced: Accessory-Type_0
2026-05-30 00:25:09 [Thread-3] INFO  workers.Supplier - Produced: Accessory-Type_1
2026-05-30 00:25:09 [Thread-4] INFO  workers.Supplier - Produced: Accessory-Type_2
2026-05-30 00:25:10 [Thread-5] INFO  workers.Dealer - Dealer-0 sold a car
2026-05-30 00:25:10 [Thread-1] INFO  workers.Supplier - Produced: Engine
2026-05-30 00:25:11 [Thread-0] INFO  workers.Supplier - Produced: Body
2026-05-30 00:25:11 [Thread-3] INFO  workers.Supplier - Produced: Accessory-Type_1
2026-05-30 00:25:11 [Thread-2] INFO  workers.Supplier - Produced: Accessory-Type_0
2026-05-30 00:25:11 [Thread-4] INFO  workers.Supplier - Produced: Accessory-Type_2
2026-05-30 00:25:13 [Thread-1] INFO  workers.Supplier - Produced: Engine
2026-05-30 00:25:13 [Thread-4] INFO  workers.Supplier - Produced: Accessory-Type_2
2026-05-30 00:25:13 [Thread-3] INFO  workers.Supplier - Produced: Accessory-Type_1
2026-05-30 00:25:13 [Thread-2] INFO  workers.Supplier - Produced: Accessory-Type_0
2026-05-30 00:25:14 [Thread-5] INFO  workers.Dealer - Dealer-0 sold a car
2026-05-30 00:25:15 [Thread-0] INFO  workers.Supplier - Produced: Body
2026-05-30 00:25:15 [Thread-3] INFO  workers.Supplier - Produced: Accessory-Type_1
2026-05-30 00:25:15 [Thread-4] INFO  workers.Supplier - Produced: Accessory-Type_2
2026-05-30 00:25:15 [Thread-2] INFO  workers.Supplier - Produced: Accessory-Type_0
2026-05-30 00:25:16 [Thread-1] INFO  workers.Supplier - Produced: Engine
2026-05-30 00:25:17 [Thread-3] INFO  workers.Supplier - Produced: Accessory-Type_1
2026-05-30 00:25:17 [Thread-2] INFO  workers.Supplier - Produced: Accessory-Type_0
2026-05-30 00:25:17 [Thread-4] INFO  workers.Supplier - Produced: Accessory-Type_2
2026-05-30 00:25:18 [Thread-5] INFO  workers.Dealer - Dealer-0 sold a car
2026-05-30 00:25:19 [Thread-0] INFO  workers.Supplier - Produced: Body
2026-05-30 00:25:19 [Thread-1] INFO  workers.Supplier - Produced: Engine
2026-05-30 00:25:19 [Thread-4] INFO  workers.Supplier - Produced: Accessory-Type_2
2026-05-30 00:25:19 [Thread-3] INFO  workers.Supplier - Produced: Accessory-Type_1
2026-05-30 00:25:19 [Thread-2] INFO  workers.Supplier - Produced: Accessory-Type_0
2026-05-30 00:25:21 [Thread-3] INFO  workers.Supplier - Produced: Accessory-Type_1
2026-05-30 00:25:21 [Thread-2] INFO  workers.Supplier - Produced: Accessory-Type_0
2026-05-30 00:25:21 [Thread-4] INFO  workers.Supplier - Produced: Accessory-Type_2
2026-05-30 00:25:22 [Thread-5] INFO  workers.Dealer - Dealer-0 sold a car
2026-05-30 00:25:22 [Thread-1] INFO  workers.Supplier - Produced: Engine
2026-05-30 00:25:23 [Thread-0] INFO  workers.Supplier - Produced: Body
2026-05-30 00:25:23 [Thread-4] INFO  workers.Supplier - Produced: Accessory-Type_2
2026-05-30 00:25:23 [Thread-2] INFO  workers.Supplier - Produced: Accessory-Type_0
2026-05-30 00:25:23 [Thread-3] INFO  workers.Supplier - Produced: Accessory-Type_1
2026-05-30 00:26:00 [Thread-5] INFO  workers.Dealer - Dealer-0 started
2026-05-30 00:26:02 [Thread-3] INFO  workers.Supplier - Produced: Accessory-Type_1
2026-05-30 00:26:02 [Thread-2] INFO  workers.Supplier - Produced: Accessory-Type_0
2026-05-30 00:26:02 [Thread-4] INFO  workers.Supplier - Produced: Accessory-Type_2
2026-05-30 00:26:03 [Thread-1] INFO  workers.Supplier - Produced: Engine
2026-05-30 00:26:04 [Thread-0] INFO  workers.Supplier - Produced: Body
2026-05-30 00:26:04 [Thread-2] INFO  workers.Supplier - Produced: Accessory-Type_0
2026-05-30 00:26:04 [Thread-3] INFO  workers.Supplier - Produced: Accessory-Type_1
2026-05-30 00:26:04 [Thread-4] INFO  workers.Supplier - Produced: Accessory-Type_2
2026-05-30 00:26:06 [Thread-1] INFO  workers.Supplier - Produced: Engine
2026-05-30 00:26:06 [Thread-2] INFO  workers.Supplier - Produced: Accessory-Type_0
2026-05-30 00:26:06 [Thread-3] INFO  workers.Supplier - Produced: Accessory-Type_1
2026-05-30 00:26:06 [Thread-4] INFO  workers.Supplier - Produced: Accessory-Type_2
2026-05-30 00:26:07 [Thread-5] INFO  workers.Dealer - Dealer-0 sold a car
2026-05-30 00:26:08 [Thread-0] INFO  workers.Supplier - Produced: Body
2026-05-30 00:26:08 [Thread-4] INFO  workers.Supplier - Produced: Accessory-Type_2
2026-05-30 00:26:08 [Thread-2] INFO  workers.Supplier - Produced: Accessory-Type_0
2026-05-30 00:26:08 [Thread-3] INFO  workers.Supplier - Produced: Accessory-Type_1
2026-05-30 00:26:09 [Thread-1] INFO  workers.Supplier - Produced: Engine
2026-05-30 00:26:10 [Thread-3] INFO  workers.Supplier - Produced: Accessory-Type_1
2026-05-30 00:26:10 [Thread-4] INFO  workers.Supplier - Produced: Accessory-Type_2
2026-05-30 00:26:10 [Thread-2] INFO  workers.Supplier - Produced: Accessory-Type_0
2026-05-30 00:26:11 [Thread-5] INFO  workers.Dealer - Dealer-0 sold a car
2026-05-30 00:26:12 [Thread-0] INFO  workers.Supplier - Produced: Body
2026-05-30 00:26:12 [Thread-1] INFO  workers.Supplier - Produced: Engine
2026-05-30 00:26:12 [Thread-2] INFO  workers.Supplier - Produced: Accessory-Type_0
2026-05-30 00:26:12 [Thread-3] INFO  workers.Supplier - Produced: Accessory-Type_1
2026-05-30 00:26:12 [Thread-4] INFO  workers.Supplier - Produced: Accessory-Type_2
2026-05-30 00:26:14 [Thread-2] INFO  workers.Supplier - Produced: Accessory-Type_0
2026-05-30 00:26:14 [Thread-4] INFO  workers.Supplier - Produced: Accessory-Type_2
2026-05-30 00:26:14 [Thread-3] INFO  workers.Supplier - Produced: Accessory-Type_1
2026-05-30 00:26:15 [Thread-1] INFO  workers.Supplier - Produced: Engine
2026-05-30 00:26:15 [Thread-5] INFO  workers.Dealer - Dealer-0 sold a car
2026-05-30 00:26:16 [Thread-0] INFO  workers.Supplier - Produced: Body
2026-05-30 00:26:16 [Thread-2] INFO  workers.Supplier - Produced: Accessory-Type_0
2026-05-30 00:26:16 [Thread-4] INFO  workers.Supplier - Produced: Accessory-Type_2
2026-05-30 00:26:16 [Thread-3] INFO  workers.Supplier - Produced: Accessory-Type_1
2026-05-30 00:26:18 [Thread-1] INFO  workers.Supplier - Produced: Engine
2026-05-30 00:26:18 [Thread-2] INFO  workers.Supplier - Produced: Accessory-Type_0
2026-05-30 00:26:18 [Thread-4] INFO  workers.Supplier - Produced: Accessory-Type_2
2026-05-30 00:26:18 [Thread-3] INFO  workers.Supplier - Produced: Accessory-Type_1
2026-05-30 00:26:19 [Thread-5] INFO  workers.Dealer - Dealer-0 sold a car
2026-05-30 00:26:20 [Thread-0] INFO  workers.Supplier - Produced: Body
2026-05-30 00:26:20 [Thread-3] INFO  workers.Supplier - Produced: Accessory-Type_1
2026-05-30 00:26:20 [Thread-4] INFO  workers.Supplier - Produced: Accessory-Type_2
2026-05-30 00:26:20 [Thread-2] INFO  workers.Supplier - Produced: Accessory-Type_0
2026-05-30 00:26:21 [Thread-1] INFO  workers.Supplier - Produced: Engine
2026-05-30 00:26:22 [Thread-4] INFO  workers.Supplier - Produced: Accessory-Type_2
2026-05-30 00:26:22 [Thread-2] INFO  workers.Supplier - Produced: Accessory-Type_0
2026-05-30 00:26:22 [Thread-3] INFO  workers.Supplier - Produced: Accessory-Type_1
2026-05-30 00:26:23 [Thread-5] INFO  workers.Dealer - Dealer-0 sold a car
2026-05-30 00:26:24 [Thread-0] INFO  workers.Supplier - Produced: Body
2026-05-30 00:26:24 [Thread-1] INFO  workers.Supplier - Produced: Engine
2026-05-30 00:26:24 [Thread-2] INFO  workers.Supplier - Produced: Accessory-Type_0
2026-05-30 00:26:24 [Thread-3] INFO  workers.Supplier - Produced: Accessory-Type_1
2026-05-30 00:26:24 [Thread-4] INFO  workers.Supplier - Produced: Accessory-Type_2
2026-05-30 00:26:26 [Thread-4] INFO  workers.Supplier - Produced: Accessory-Type_2
2026-05-30 00:26:26 [Thread-2] INFO  workers.Supplier - Produced: Accessory-Type_0
2026-05-30 00:26:26 [Thread-3] INFO  workers.Supplier - Produced: Accessory-Type_1
2026-05-30 00:26:27 [Thread-1] INFO  workers.Supplier - Produced: Engine
2026-05-30 00:26:27 [Thread-5] INFO  workers.Dealer - Dealer-0 sold a car
2026-05-30 00:26:28 [Thread-0] INFO  workers.Supplier - Produced: Body
2026-05-30 00:26:28 [Thread-4] INFO  workers.Supplier - Produced: Accessory-Type_2
2026-05-30 00:26:28 [Thread-2] INFO  workers.Supplier - Produced: Accessory-Type_0
2026-05-30 00:26:28 [Thread-3] INFO  workers.Supplier - Produced: Accessory-Type_1
2026-05-30 00:26:30 [Thread-1] INFO  workers.Supplier - Produced: Engine
2026-05-30 00:26:30 [Thread-2] INFO  workers.Supplier - Produced: Accessory-Type_0
2026-05-30 00:26:30 [Thread-3] INFO  workers.Supplier - Produced: Accessory-Type_1
2026-05-30 00:26:30 [Thread-4] INFO  workers.Supplier - Produced: Accessory-Type_2
2026-05-30 00:26:31 [Thread-5] INFO  workers.Dealer - Dealer-0 sold a car
2026-05-30 00:26:32 [Thread-0] INFO  workers.Supplier - Produced: Body
2026-05-30 00:26:32 [Thread-4] INFO  workers.Supplier - Produced: Accessory-Type_2
2026-05-30 00:26:32 [Thread-3] INFO  workers.Supplier - Produced: Accessory-Type_1
2026-05-30 00:26:32 [Thread-2] INFO  workers.Supplier - Produced: Accessory-Type_0
2026-05-30 00:26:33 [Thread-1] INFO  workers.Supplier - Produced: Engine
2026-05-30 00:26:34 [Thread-2] INFO  workers.Supplier - Produced: Accessory-Type_0
2026-05-30 00:26:34 [Thread-3] INFO  workers.Supplier - Produced: Accessory-Type_1
2026-05-30 00:26:34 [Thread-4] INFO  workers.Supplier - Produced: Accessory-Type_2
2026-05-30 00:26:35 [Thread-5] INFO  workers.Dealer - Dealer-0 sold a car
2026-05-30 00:26:36 [Thread-0] INFO  workers.Supplier - Produced: Body
2026-05-30 00:26:36 [Thread-1] INFO  workers.Supplier - Produced: Engine
2026-05-30 00:26:36 [Thread-3] INFO  workers.Supplier - Produced: Accessory-Type_1
2026-05-30 00:26:36 [Thread-2] INFO  workers.Supplier - Produced: Accessory-Type_0
2026-05-30 00:26:36 [Thread-4] INFO  workers.Supplier - Produced: Accessory-Type_2
2026-05-30 00:26:38 [Thread-2] INFO  workers.Supplier - Produced: Accessory-Type_0
2026-05-30 00:26:38 [Thread-3] INFO  workers.Supplier - Produced: Accessory-Type_1
2026-05-30 00:26:38 [Thread-4] INFO  workers.Supplier - Produced: Accessory-Type_2
2026-05-30 00:26:39 [Thread-1] INFO  workers.Supplier - Produced: Engine
2026-05-30 00:26:39 [Thread-5] INFO  workers.Dealer - Dealer-0 sold a car
2026-05-30 00:26:40 [Thread-0] INFO  workers.Supplier - Produced: Body
2026-05-30 00:26:40 [Thread-2] INFO  workers.Supplier - Produced: Accessory-Type_0
2026-05-30 00:26:40 [Thread-3] INFO  workers.Supplier - Produced: Accessory-Type_1
2026-05-30 00:26:40 [Thread-4] INFO  workers.Supplier - Produced: Accessory-Type_2
2026-05-30 00:26:42 [Thread-1] INFO  workers.Supplier - Produced: Engine
2026-05-30 00:26:43 [Thread-5] INFO  workers.Dealer - Dealer-0 sold a car
2026-05-30 00:26:44 [Thread-0] INFO  workers.Supplier - Produced: Body
2026-05-30 00:26:44 [Thread-3] INFO  workers.Supplier - Produced: Accessory-Type_1
2026-05-30 00:26:44 [Thread-4] INFO  workers.Supplier - Produced: Accessory-Type_2
2026-05-30 00:26:44 [Thread-2] INFO  workers.Supplier - Produced: Accessory-Type_0
2026-05-30 00:26:45 [Thread-1] INFO  workers.Supplier - Produced: Engine
2026-05-30 00:26:47 [Thread-5] INFO  workers.Dealer - Dealer-0 sold a car
2026-05-30 00:26:48 [Thread-0] INFO  workers.Supplier - Produced: Body
2026-05-30 00:26:48 [Thread-2] INFO  workers.Supplier - Produced: Accessory-Type_0
2026-05-30 00:26:48 [Thread-4] INFO  workers.Supplier - Produced: Accessory-Type_2
2026-05-30 00:26:48 [Thread-3] INFO  workers.Supplier - Produced: Accessory-Type_1
2026-05-30 00:26:48 [Thread-1] INFO  workers.Supplier - Produced: Engine
2026-05-30 00:26:51 [Thread-5] INFO  workers.Dealer - Dealer-0 sold a car
2026-05-30 00:26:51 [Thread-1] INFO  workers.Supplier - Produced: Engine
2026-05-30 00:26:52 [Thread-0] INFO  workers.Supplier - Produced: Body
2026-05-30 00:26:52 [Thread-2] INFO  workers.Supplier - Produced: Accessory-Type_0
2026-05-30 00:26:52 [Thread-4] INFO  workers.Supplier - Produced: Accessory-Type_2
2026-05-30 00:26:52 [Thread-3] INFO  workers.Supplier - Produced: Accessory-Type_1
2026-05-30 00:26:54 [Thread-1] INFO  workers.Supplier - Produced: Engine
2026-05-30 00:26:55 [Thread-5] INFO  workers.Dealer - Dealer-0 sold a car
2026-05-30 00:26:56 [Thread-0] INFO  workers.Supplier - Produced: Body
2026-05-30 00:26:56 [Thread-2] INFO  workers.Supplier - Produced: Accessory-Type_0
2026-05-30 00:26:56 [Thread-4] INFO  workers.Supplier - Produced: Accessory-Type_2
2026-05-30 00:26:56 [Thread-3] INFO  workers.Supplier - Produced: Accessory-Type_1
2026-05-30 00:26:57 [Thread-1] INFO  workers.Supplier - Produced: Engine
2026-05-30 00:26:59 [Thread-5] INFO  workers.Dealer - Dealer-0 sold a car
2026-05-30 00:27:00 [Thread-0] INFO  workers.Supplier - Produced: Body
2026-05-30 00:27:00 [Thread-2] INFO  workers.Supplier - Produced: Accessory-Type_0
2026-05-30 00:27:00 [Thread-4] INFO  workers.Supplier - Produced: Accessory-Type_2
2026-05-30 00:27:00 [Thread-3] INFO  workers.Supplier - Produced: Accessory-Type_1
2026-05-30 00:27:00 [Thread-1] INFO  workers.Supplier - Produced: Engine
2026-05-30 00:27:03 [Thread-5] INFO  workers.Dealer - Dealer-0 sold a car
2026-05-30 00:27:04 [Thread-0] INFO  workers.Supplier - Produced: Body
2026-05-30 00:27:04 [Thread-2] INFO  workers.Supplier - Produced: Accessory-Type_0
2026-05-30 00:27:04 [Thread-3] INFO  workers.Supplier - Produced: Accessory-Type_1
2026-05-30 00:27:04 [Thread-1] INFO  workers.Supplier - Produced: Engine
2026-05-30 00:27:04 [Thread-4] INFO  workers.Supplier - Produced: Accessory-Type_2
2026-05-30 00:27:07 [Thread-5] INFO  workers.Dealer - Dealer-0 sold a car
2026-05-30 00:27:08 [Thread-0] INFO  workers.Supplier - Produced: Body
2026-05-30 00:27:08 [Thread-4] INFO  workers.Supplier - Produced: Accessory-Type_2
2026-05-30 00:27:08 [Thread-1] INFO  workers.Supplier - Produced: Engine
2026-05-30 00:27:08 [Thread-3] INFO  workers.Supplier - Produced: Accessory-Type_1
2026-05-30 00:27:08 [Thread-2] INFO  workers.Supplier - Produced: Accessory-Type_0
2026-05-30 00:27:11 [Thread-5] INFO  workers.Dealer - Dealer-0 sold a car
2026-05-30 00:27:12 [Thread-0] INFO  workers.Supplier - Produced: Body
2026-05-30 00:27:12 [Thread-1] INFO  workers.Supplier - Produced: Engine
2026-05-30 00:27:12 [Thread-2] INFO  workers.Supplier - Produced: Accessory-Type_0
2026-05-30 00:27:12 [Thread-3] INFO  workers.Supplier - Produced: Accessory-Type_1
2026-05-30 00:27:12 [Thread-4] INFO  workers.Supplier - Produced: Accessory-Type_2
2026-05-30 00:27:15 [Thread-5] INFO  workers.Dealer - Dealer-0 sold a car
2026-05-30 00:27:16 [Thread-0] INFO  workers.Supplier - Produced: Body
2026-05-30 00:27:16 [Thread-1] INFO  workers.Supplier - Produced: Engine
2026-05-30 00:27:16 [Thread-3] INFO  workers.Supplier - Produced: Accessory-Type_1
2026-05-30 00:27:16 [Thread-4] INFO  workers.Supplier - Produced: Accessory-Type_2
2026-05-30 00:27:16 [Thread-2] INFO  workers.Supplier - Produced: Accessory-Type_0
2026-05-30 00:27:19 [Thread-5] INFO  workers.Dealer - Dealer-0 sold a car
2026-05-30 00:27:20 [Thread-0] INFO  workers.Supplier - Produced: Body
2026-05-30 00:27:20 [Thread-1] INFO  workers.Supplier - Produced: Engine
2026-05-30 00:27:20 [Thread-2] INFO  workers.Supplier - Produced: Accessory-Type_0
2026-05-30 00:27:20 [Thread-3] INFO  workers.Supplier - Produced: Accessory-Type_1
2026-05-30 00:27:20 [Thread-4] INFO  workers.Supplier - Produced: Accessory-Type_2
2026-05-30 00:27:23 [Thread-5] INFO  workers.Dealer - Dealer-0 sold a car
2026-05-30 00:27:24 [Thread-0] INFO  workers.Supplier - Produced: Body
2026-05-30 00:27:24 [Thread-4] INFO  workers.Supplier - Produced: Accessory-Type_2
2026-05-30 00:27:24 [Thread-1] INFO  workers.Supplier - Produced: Engine
2026-05-30 00:27:24 [Thread-2] INFO  workers.Supplier - Produced: Accessory-Type_0
2026-05-30 00:27:24 [Thread-3] INFO  workers.Supplier - Produced: Accessory-Type_1
2026-05-30 00:28:10 [Thread-5] INFO  workers.Dealer - Dealer-0 started
2026-05-30 00:28:12 [Thread-2] INFO  workers.Supplier - Produced: Accessory-Type_0
2026-05-30 00:28:12 [Thread-4] INFO  workers.Supplier - Produced: Accessory-Type_2
2026-05-30 00:28:12 [Thread-3] INFO  workers.Supplier - Produced: Accessory-Type_1
2026-05-30 00:28:13 [Thread-1] INFO  workers.Supplier - Produced: Engine
2026-05-30 00:28:14 [Thread-0] INFO  workers.Supplier - Produced: Body
2026-05-30 00:28:14 [Thread-2] INFO  workers.Supplier - Produced: Accessory-Type_0
2026-05-30 00:28:14 [Thread-3] INFO  workers.Supplier - Produced: Accessory-Type_1
2026-05-30 00:28:14 [Thread-4] INFO  workers.Supplier - Produced: Accessory-Type_2
2026-05-30 00:28:16 [Thread-1] INFO  workers.Supplier - Produced: Engine
2026-05-30 00:28:16 [Thread-3] INFO  workers.Supplier - Produced: Accessory-Type_1
2026-05-30 00:28:16 [Thread-2] INFO  workers.Supplier - Produced: Accessory-Type_0
2026-05-30 00:28:16 [Thread-4] INFO  workers.Supplier - Produced: Accessory-Type_2
2026-05-30 00:28:17 [Thread-5] INFO  workers.Dealer - Dealer-0 sold a car
2026-05-30 00:28:18 [Thread-0] INFO  workers.Supplier - Produced: Body
2026-05-30 00:28:18 [Thread-4] INFO  workers.Supplier - Produced: Accessory-Type_2
2026-05-30 00:28:18 [Thread-3] INFO  workers.Supplier - Produced: Accessory-Type_1
2026-05-30 00:28:18 [Thread-2] INFO  workers.Supplier - Produced: Accessory-Type_0
2026-05-30 00:28:19 [Thread-1] INFO  workers.Supplier - Produced: Engine
2026-05-30 00:28:20 [Thread-2] INFO  workers.Supplier - Produced: Accessory-Type_0
2026-05-30 00:28:20 [Thread-4] INFO  workers.Supplier - Produced: Accessory-Type_2
2026-05-30 00:28:20 [Thread-3] INFO  workers.Supplier - Produced: Accessory-Type_1
2026-05-30 00:28:21 [Thread-5] INFO  workers.Dealer - Dealer-0 sold a car
2026-05-30 00:28:22 [Thread-0] INFO  workers.Supplier - Produced: Body
2026-05-30 00:28:22 [Thread-1] INFO  workers.Supplier - Produced: Engine
2026-05-30 00:28:22 [Thread-4] INFO  workers.Supplier - Produced: Accessory-Type_2
2026-05-30 00:28:22 [Thread-2] INFO  workers.Supplier - Produced: Accessory-Type_0
2026-05-30 00:28:22 [Thread-3] INFO  workers.Supplier - Produced: Accessory-Type_1
2026-05-30 00:28:24 [Thread-2] INFO  workers.Supplier - Produced: Accessory-Type_0
2026-05-30 00:28:24 [Thread-4] INFO  workers.Supplier - Produced: Accessory-Type_2
2026-05-30 00:28:24 [Thread-3] INFO  workers.Supplier - Produced: Accessory-Type_1
2026-05-30 00:28:25 [Thread-1] INFO  workers.Supplier - Produced: Engine
2026-05-30 00:28:25 [Thread-5] INFO  workers.Dealer - Dealer-0 sold a car
2026-05-30 00:28:26 [Thread-0] INFO  workers.Supplier - Produced: Body
2026-05-30 00:28:26 [Thread-4] INFO  workers.Supplier - Produced: Accessory-Type_2
2026-05-30 00:28:26 [Thread-2] INFO  workers.Supplier - Produced: Accessory-Type_0
2026-05-30 00:28:26 [Thread-3] INFO  workers.Supplier - Produced: Accessory-Type_1
2026-05-30 00:28:28 [Thread-1] INFO  workers.Supplier - Produced: Engine
2026-05-30 00:28:28 [Thread-4] INFO  workers.Supplier - Produced: Accessory-Type_2
2026-05-30 00:28:28 [Thread-3] INFO  workers.Supplier - Produced: Accessory-Type_1
2026-05-30 00:28:28 [Thread-2] INFO  workers.Supplier - Produced: Accessory-Type_0
2026-05-30 00:28:30 [Thread-5] INFO  workers.Dealer - Dealer-0 sold a car
2026-05-30 00:28:30 [Thread-0] INFO  workers.Supplier - Produced: Body
2026-05-30 00:28:30 [Thread-2] INFO  workers.Supplier - Produced: Accessory-Type_0
2026-05-30 00:28:30 [Thread-3] INFO  workers.Supplier - Produced: Accessory-Type_1
2026-05-30 00:28:30 [Thread-4] INFO  workers.Supplier - Produced: Accessory-Type_2
2026-05-30 00:28:31 [Thread-1] INFO  workers.Supplier - Produced: Engine
2026-05-30 00:28:32 [Thread-4] INFO  workers.Supplier - Produced: Accessory-Type_2
2026-05-30 00:28:32 [Thread-2] INFO  workers.Supplier - Produced: Accessory-Type_0
2026-05-30 00:28:32 [Thread-3] INFO  workers.Supplier - Produced: Accessory-Type_1
2026-05-30 00:28:34 [Thread-5] INFO  workers.Dealer - Dealer-0 sold a car
2026-05-30 00:28:34 [Thread-0] INFO  workers.Supplier - Produced: Body
2026-05-30 00:28:34 [Thread-1] INFO  workers.Supplier - Produced: Engine
2026-05-30 00:28:34 [Thread-2] INFO  workers.Supplier - Produced: Accessory-Type_0
2026-05-30 00:28:34 [Thread-3] INFO  workers.Supplier - Produced: Accessory-Type_1
2026-05-30 00:28:34 [Thread-4] INFO  workers.Supplier - Produced: Accessory-Type_2
2026-05-30 00:28:36 [Thread-4] INFO  workers.Supplier - Produced: Accessory-Type_2
2026-05-30 00:28:36 [Thread-3] INFO  workers.Supplier - Produced: Accessory-Type_1
2026-05-30 00:28:36 [Thread-2] INFO  workers.Supplier - Produced: Accessory-Type_0
2026-05-30 00:28:37 [Thread-1] INFO  workers.Supplier - Produced: Engine
2026-05-30 00:28:38 [Thread-5] INFO  workers.Dealer - Dealer-0 sold a car
2026-05-30 00:28:38 [Thread-0] INFO  workers.Supplier - Produced: Body
2026-05-30 00:28:39 [Thread-2] INFO  workers.Supplier - Produced: Accessory-Type_0
2026-05-30 00:28:39 [Thread-4] INFO  workers.Supplier - Produced: Accessory-Type_2
2026-05-30 00:28:39 [Thread-3] INFO  workers.Supplier - Produced: Accessory-Type_1
2026-05-30 00:28:40 [Thread-1] INFO  workers.Supplier - Produced: Engine
2026-05-30 00:28:41 [Thread-4] INFO  workers.Supplier - Produced: Accessory-Type_2
2026-05-30 00:28:41 [Thread-3] INFO  workers.Supplier - Produced: Accessory-Type_1
2026-05-30 00:28:41 [Thread-2] INFO  workers.Supplier - Produced: Accessory-Type_0
2026-05-30 00:28:42 [Thread-5] INFO  workers.Dealer - Dealer-0 sold a car
2026-05-30 00:28:42 [Thread-0] INFO  workers.Supplier - Produced: Body
2026-05-30 00:28:43 [Thread-4] INFO  workers.Supplier - Produced: Accessory-Type_2
2026-05-30 00:28:43 [Thread-2] INFO  workers.Supplier - Produced: Accessory-Type_0
2026-05-30 00:28:43 [Thread-3] INFO  workers.Supplier - Produced: Accessory-Type_1
2026-05-30 00:28:43 [Thread-1] INFO  workers.Supplier - Produced: Engine
2026-05-30 00:28:45 [Thread-4] INFO  workers.Supplier - Produced: Accessory-Type_2
2026-05-30 00:28:45 [Thread-3] INFO  workers.Supplier - Produced: Accessory-Type_1
2026-05-30 00:28:45 [Thread-2] INFO  workers.Supplier - Produced: Accessory-Type_0
2026-05-30 00:28:46 [Thread-5] INFO  workers.Dealer - Dealer-0 sold a car
2026-05-30 00:28:46 [Thread-0] INFO  workers.Supplier - Produced: Body
2026-05-30 00:28:46 [Thread-1] INFO  workers.Supplier - Produced: Engine
2026-05-30 00:28:47 [Thread-4] INFO  workers.Supplier - Produced: Accessory-Type_2
2026-05-30 00:28:47 [Thread-2] INFO  workers.Supplier - Produced: Accessory-Type_0
2026-05-30 00:28:47 [Thread-3] INFO  workers.Supplier - Produced: Accessory-Type_1
2026-05-30 00:28:49 [Thread-4] INFO  workers.Supplier - Produced: Accessory-Type_2
2026-05-30 00:28:49 [Thread-2] INFO  workers.Supplier - Produced: Accessory-Type_0
2026-05-30 00:28:49 [Thread-3] INFO  workers.Supplier - Produced: Accessory-Type_1
2026-05-30 00:28:49 [Thread-1] INFO  workers.Supplier - Produced: Engine
2026-05-30 00:28:50 [Thread-5] INFO  workers.Dealer - Dealer-0 sold a car
2026-05-30 00:28:50 [Thread-0] INFO  workers.Supplier - Produced: Body
2026-05-30 00:28:51 [Thread-4] INFO  workers.Supplier - Produced: Accessory-Type_2
2026-05-30 00:28:51 [Thread-3] INFO  workers.Supplier - Produced: Accessory-Type_1
2026-05-30 00:28:51 [Thread-2] INFO  workers.Supplier - Produced: Accessory-Type_0
2026-05-30 00:28:52 [Thread-1] INFO  workers.Supplier - Produced: Engine
2026-05-30 00:28:54 [Thread-5] INFO  workers.Dealer - Dealer-0 sold a car
2026-05-30 00:28:54 [Thread-0] INFO  workers.Supplier - Produced: Body
2026-05-30 00:28:54 [Thread-2] INFO  workers.Supplier - Produced: Accessory-Type_0
2026-05-30 00:28:54 [Thread-4] INFO  workers.Supplier - Produced: Accessory-Type_2
2026-05-30 00:28:54 [Thread-3] INFO  workers.Supplier - Produced: Accessory-Type_1
2026-05-30 00:28:55 [Thread-1] INFO  workers.Supplier - Produced: Engine
2026-05-30 00:28:58 [Thread-5] INFO  workers.Dealer - Dealer-0 sold a car
2026-05-30 00:28:58 [Thread-0] INFO  workers.Supplier - Produced: Body
2026-05-30 00:28:58 [Thread-2] INFO  workers.Supplier - Produced: Accessory-Type_0
2026-05-30 00:28:58 [Thread-4] INFO  workers.Supplier - Produced: Accessory-Type_2
2026-05-30 00:28:58 [Thread-3] INFO  workers.Supplier - Produced: Accessory-Type_1
2026-05-30 00:28:58 [Thread-1] INFO  workers.Supplier - Produced: Engine
2026-05-30 00:29:01 [Thread-1] INFO  workers.Supplier - Produced: Engine
2026-05-30 00:29:02 [Thread-5] INFO  workers.Dealer - Dealer-0 sold a car
2026-05-30 00:29:02 [Thread-0] INFO  workers.Supplier - Produced: Body
2026-05-30 00:29:02 [Thread-2] INFO  workers.Supplier - Produced: Accessory-Type_0
2026-05-30 00:29:02 [Thread-3] INFO  workers.Supplier - Produced: Accessory-Type_1
2026-05-30 00:29:02 [Thread-4] INFO  workers.Supplier - Produced: Accessory-Type_2
